MIT Kerberos 5,CVE-2018-20217,MIT Kerberos 5（又名krb5）是美国麻省理工学院（MIT）开发的一套网络认证协议，它采用客户端/服务器结构，并且客户端和服务器端均可对对方进行身份认证（即双重验证），可防止窃听、防止replay攻击等。,中危,输入验证错误,CNNVD-201812-1162,http://www.cnnvd.org.cn/web/xxk/ldxqById.tag?CNNVD=CNNVD-201812-1162,目前厂商已发布升级补丁以修复漏洞，补丁获取链接：http://krbdev.mit.edu/rt/Ticket/Display.html?id=8763,远程,MIT Kerberos 5 安全漏洞,0
Triple DES,CVE-2016-2183,TLS（Transport Layer Security，安全传输层协议）是一套用于在两个通信应用程序之间提供保密性和数据完整性的协议。SSH（全称Secure Shell）是国际互联网工程任务组（IETF）的网络小组（Network Working Group）所制定的一套创建在应用层和传输层基础上的安全协议。IPSec（全称InternetProtocolSecurity）是国际互联网工程任务组（IETF）的IPSec小组建立的一组IP安全协议集。DES和Triple DES都是加密算法。,高危,信息泄露,CNNVD-201608-448,http://www.cnnvd.org.cn/web/xxk/ldxqById.tag?CNNVD=CNNVD-201608-448,目前厂商已经发布了升级补丁以修复此安全问题，补丁获取链接：https://www.openssl.org/blog/blog/2016/08/24/sweet32/,远程,DES和Triple DES密码算法信息泄露漏洞,0
ubuntu linux,CVE-2008-6792,"ubuntu linux是基于Debian GNU / Linux发行的一款Linux操作系统的桌面发行版。Ubuntu 8.10的system-tools-backends 2.6.0-1ubuntu1.1之前的版本, 当被GNOME系统攻击的""用户和群组""使用时,切断具有3DES密码的帐户并不断限制对8个字符的密码有效长度，这会使见机行事的攻击者成功执行强制的密码攻击。",中危,加密问题,CNNVD-200905-089,http://www.cnnvd.org.cn/web/xxk/ldxqById.tag?CNNVD=CNNVD-200905-089,目前厂商还没有提供补丁或者升级程序，建议使用此软件的用户随时关注厂商的主页以获取最新版本：                        http://www.ubuntu.com/,远程,ubuntu linux 加密问题漏洞,0
Triple DES,CVE-2003-0139,Krb5 distribution的Kerberos protocol (krb4)安装启用程序版本4在使用triple-DES作为key krb4 services的密钥时存在某些漏洞，攻击者可以通过使用cut-and-paste攻击和“ticket splicing”创建未认证委托的krb4 tickets。,高危,未知,CNNVD-200303-071,http://www.cnnvd.org.cn/web/xxk/ldxqById.tag?CNNVD=CNNVD-200303-071,,远程,Krb5 distribution Kerberos protocol (krb4)安装启用程序认证管理漏洞,0
DES,CVE-2020-1730,libssh是一个用于访问SSH服务的C语言开发包，它能够执行远程命令、文件传输，同时为远程的程序提供安全的传输通道。libssh 0.8.9之前版本和0.9.4之前版本中存在资源管理错误漏洞，该漏洞源于程序处理AES-CTR（或DES密码，如果启用）密码的方式存在错误。攻击者可利用该漏洞导致拒绝服务。,高危,资源管理错误,CNNVD-202004-544,http://www.cnnvd.org.cn/web/xxk/ldxqById.tag?CNNVD=CNNVD-202004-544,目前厂商已发布升级补丁以修复漏洞，补丁获取链接：https://www.libssh.org/security/advisories/CVE-2020-1730.txt,远程,libssh 资源管理错误漏洞,0
DES,CVE-2019-7673,MOBOTIX S14是德国MOBOTIX公司的一款网络摄像机。MOBOTIX S14 MX-V4.2.1.61版本中存在信息泄露漏洞，该漏洞源于程序使用较弱的散列格式来存储管理员凭证。目前尚无此漏洞的相关信息，请随时关注CNNVD或厂商公告。,高危,信息泄露,CNNVD-201902-194,http://www.cnnvd.org.cn/web/xxk/ldxqById.tag?CNNVD=CNNVD-201902-194,目前厂商暂未发布修复措施解决此安全问题，建议使用此软件的用户随时关注厂商主页或参考网址以获取解决办法：https://www.mobotix.com/,远程,MOBOTIX S14 信息泄露漏洞,0
DES,CVE-2019-7383,SYSTORME ISG-600C等都是印度SYSTORME公司的一款集成安全网关设备。SYSTORME ISG-600C、ISG-600H和ISG-800W中存在命令注入漏洞，该漏洞源于程序没有正确地验证用户输入。攻击者可借助‘des’参数利用该漏洞注入shell命令。,高危,命令注入,CNNVD-201902-615,http://www.cnnvd.org.cn/web/xxk/ldxqById.tag?CNNVD=CNNVD-201902-615,目前厂商已发布升级补丁以修复漏洞，详情请关注厂商主页：http://systrome.com/,本地,SYSTORME ISG-600C、ISG-600H和ISG-800W 命令注入漏洞,0
DES,CVE-2019-3700,yast2-security中存在加密问题漏洞。该漏洞源于网络系统或产品未正确使用相关密码算法，导致内容未正确加密、弱加密、明文存储敏感信息等。,低危,加密问题,CNNVD-202001-1083,http://www.cnnvd.org.cn/web/xxk/ldxqById.tag?CNNVD=CNNVD-202001-1083,目前厂商已发布升级补丁以修复漏洞，补丁获取链接：https://github.com/yast/yast-security/pull/61,本地,yast2-security 加密问题漏洞,0
DES,CVE-2019-0030,Juniper Advanced Threat Prevention（ATP）是美国瞻博网络（Juniper Networks）公司的一套高级威胁防护平台。该产品支持恶意软件检测、文件分析、恶意IP地址和URL拦截等功能。,高危,加密问题,CNNVD-201901-502,http://www.cnnvd.org.cn/web/xxk/ldxqById.tag?CNNVD=CNNVD-201901-502,目前厂商已发布升级补丁以修复漏洞，补丁获取链接：https://kb.juniper.net/InfoCenter/index?page=content&id=JSA10918&actp=METADATA,远程,Juniper ATP 安全漏洞,0
DES,CVE-2018-15753,MensaMax（又名com.breustedt.mensamax）application for Android是一款基于Android平台的食物在线预订应用程序。基于Android平台的MensaMax应用程序4.3版本中存在安全漏洞，该漏洞源于程序使用了硬编码的DES密钥。攻击者可利用该漏洞解密传输的数据（例如：登录的用户名和密码）。,中危,资料不足,CNNVD-201810-050,http://www.cnnvd.org.cn/web/xxk/ldxqById.tag?CNNVD=CNNVD-201810-050,目前厂商暂未发布修复措施解决此安全问题，建议使用此软件的用户随时关注厂商主页或参考网址以获取解决办法：https://mensamax.de/,远程,MensaMax application for Android 安全漏洞,0
DES,CVE-2018-1000147,CloudBees Jenkins（前称Hudson Labs）是美国CloudBees公司的一套基于Java开发的持续集成工具，该工具主要用于监控秩序重复的工作。Perforce Plugin是使用在其中的一个将Perforce SCM存储库集成到Jenkins中的插件。CloudBees Jenkins Perforce Plugin 1.3.36及之前版本中的PerforcePasswordEncryptor.java文件存在信息泄露漏洞。远程攻击者可利用该漏洞获取Perforce密码。,中危,资料不足,CNNVD-201804-282,http://www.cnnvd.org.cn/web/xxk/ldxqById.tag?CNNVD=CNNVD-201804-282,目前厂商暂未发布修复措施解决此安全问题，建议使用此软件的用户随时关注厂商主页或参考网址以获取解决办法：https://wiki.jenkins.io/display/JENKINS/Perforce+Plugin,远程,CloudBees Jenkins Perforce Plugin 信息泄露漏洞漏洞,0
DES,CVE-2018-1000145,CloudBees Jenkins（前称Hudson Labs）是美国CloudBees公司的一套基于Java开发的持续集成工具，该工具主要用于监控秩序重复的工作。Perforce Plugin是使用在其中的一个将Perforce SCM存储库集成到Jenkins中的插件。,中危,信息泄露,CNNVD-201804-284,http://www.cnnvd.org.cn/web/xxk/ldxqById.tag?CNNVD=CNNVD-201804-284,目前厂商暂未发布修复措施解决此安全问题，建议使用此软件的用户随时关注厂商主页或参考网址以获取解决办法：https://wiki.jenkins.io/display/JENKINS/Perforce+Plugin,远程,CloudBees Jenkins Perforce Plugin 信息泄露漏洞,0
DES,CVE-2017-9466,TP-Link WR841N V8是中国普联（TP-LINK）公司的一款无线路由器产品。executable httpd是其中的一个可执行HTTP服务器程序。TP-Link WR841N V8 TL-WR841N(UN)_V8_170210之前的版本中的executable httpd存在安全漏洞。攻击者可利用该漏洞获取系统设置的读取和写入权限。,高危,资料不足,CNNVD-201706-157,http://www.cnnvd.org.cn/web/xxk/ldxqById.tag?CNNVD=CNNVD-201706-157,目前厂商已发布升级补丁以修复漏洞，补丁获取链接：http://service.tp-link.com.cn/list_download_software_1_0_222.html,远程,TP-Link WR841N V8 executable httpd 安全漏洞,0
DES,CVE-2017-2380,Apple iOS是美国苹果（Apple）公司为移动设备所开发的一套操作系统。Profiles是其中的一个配置文件组件。Apple iOS 10.3之前的版本中的Profiles组件的Simple Certificate Enrollment Protocol (SCEP)实现过程存在安全漏洞。远程攻击者可利用该漏洞绕过加密保护机制。,中危,资料不足,CNNVD-201703-1283,http://www.cnnvd.org.cn/web/xxk/ldxqById.tag?CNNVD=CNNVD-201703-1283,目前厂商已经发布了升级补丁以修复此安全问题，补丁获取链接：https://support.apple.com/zh-cn/HT207617,远程,Apple iOS Profiles 安全漏洞,0
DES,CVE-2017-17878,Valve Steam Link是美国Value Software公司的一款Steam在线游戏设备。Valve Steam Link build 643版本中存在安全漏洞，该漏洞源于程序只检测密码的前8个字符。目前尚无此漏洞的相关信息，请随时关注CNNVD或厂商公告。,超危,资料不足,CNNVD-201712-1005,http://www.cnnvd.org.cn/web/xxk/ldxqById.tag?CNNVD=CNNVD-201712-1005,目前厂商暂未发布修复措施解决此安全问题，建议使用此软件的用户随时关注厂商主页或参考网址以获取解决办法：http://www.valvesoftware.com/,远程,Valve Steam Link 安全漏洞,0
DES,CVE-2017-15998,NQ Contacts Backup＆Restore application for Android是一套基于Android平台的资料备份和恢复软件。,高危,加密问题,CNNVD-201710-1310,http://www.cnnvd.org.cn/web/xxk/ldxqById.tag?CNNVD=CNNVD-201710-1310,目前厂商暂未发布修复措施解决此安全问题，建议使用此软件的用户随时关注厂商主页或参考网址以获取解决办法：http://www.nq.com/,远程,NQ Contacts Backup&Restore application for Android 安全漏洞,0
DES,CVE-2017-15287,Dream Multimedia Dreambox devices是德国Dream Multimedia公司生产的一款基于Linux的数字电视机顶盒。BouquetEditor WebPlugin是其中的一个具有频道命名、排序等功能的的插件。Dream Multimedia Dreambox设备中的BouquetEditor WebPlugin存在跨站脚本漏洞。远程攻击者可利用该漏洞注入任意的Web脚本或HTML。,中危,跨站脚本,CNNVD-201710-257,http://www.cnnvd.org.cn/web/xxk/ldxqById.tag?CNNVD=CNNVD-201710-257,目前厂商暂未发布修复措施解决此安全问题，建议使用此软件的用户随时关注厂商主页或参考网址以获取解决办法：https://dreamboxedit.com/,远程,Dream Multimedia Dreambox设备BouquetEditor WebPlugin 跨站脚本漏洞,0
DES,CVE-2016-6599,BMC Track-It!是美国BMC Software公司的一套专为中小企业提供的全面集成的IT帮助台和资产管理解决方案。该方案提供工单跟踪、变更管理、流程自动化、资产清单和资产管理等功能。BMC Track-It! 11.4 Hotfix 3之前的11.4版本中存在安全漏洞。攻击者可利用该漏洞检索配置文件（包含：数据库名称、用户名、密码、域管理员名和密码）。,高危,信任管理,CNNVD-201801-1079,http://www.cnnvd.org.cn/web/xxk/ldxqById.tag?CNNVD=CNNVD-201801-1079,目前厂商已发布升级补丁以修复漏洞，补丁获取链接：https://communities.bmc.com/community/bmcdn/bmc_track-it/blog/2016/01/04/track-it-security-advisory-24-dec-2015,远程,BMC Track-It! 安全漏洞,0
DES,CVE-2016-6329,OpenVPN是美国OpenVPN公司的一个用于创建虚拟专用网络（VPN）加密通道的软件包，它使用OpenSSL库来加密数据与控制信息，并允许创建的VPN使用公开密钥、电子证书或者用户名/密码来进行身份验证。,中危,加密问题,CNNVD-201608-470,http://www.cnnvd.org.cn/web/xxk/ldxqById.tag?CNNVD=CNNVD-201608-470,目前厂商暂未发布修复措施解决此安全问题，建议使用此软件的用户随时关注厂商主页或参考网址以获取解决办法：https://openvpn.net/,远程,OpenVPN 安全漏洞,0
DES,CVE-2016-11043,Samsung移动设备（搭载Android M(6.0)）中存在加密问题漏洞，该漏洞源于EAS中S/MIME的实现使用了DES加密算法。目前尚无此漏洞的相关信息，请随时关注CNNVD或厂商公告。,高危,加密问题,CNNVD-202004-233,http://www.cnnvd.org.cn/web/xxk/ldxqById.tag?CNNVD=CNNVD-202004-233,目前厂商已发布升级补丁以修复漏洞，补丁获取链接：https://security.samsungmobile.com/securityUpdate.smsb,远程,Samsung移动设备加密问题漏洞,0
DES,CVE-2015-8329,SAP Manufacturing Integration and Intelligence（又名MII，前称xMII）是德国思爱普（SAP）公司的一套将核心的生产制造系统与企业流程集成的平台系统。该系统支持创建融合了制造工程、制造执行和企业工作流程的复合应用，如多类型BOM数据的双向传递与同步、生产计划信息的同步与集成、各项制造相关的KPI指标分析和报警等。SAP MII中存在安全漏洞，该漏洞源于程序使用弱加密算法（Base64和DES）。攻击者可利用该漏洞实施降级攻击，破解密码。,中危,加密问题,CNNVD-201511-418,http://www.cnnvd.org.cn/web/xxk/ldxqById.tag?CNNVD=CNNVD-201511-418,目前厂商已经发布了升级补丁以修复此安全问题，详情请关注厂商主页：http://www.sap.com,远程,SAP Manufacturing Integration and Intelligence 加密问题漏洞,0
DES,CVE-2014-8091,X.Org X Window System（又名X11和X，X窗口系统）是X.Org基金会的一套以位图方式显示的软件窗口系统，它通过软件工具及架构协议来创建操作系统所用的图形用户界面。X.Org Server（又名xserver和xorg-server）是X Window System的官方参考实现。X.Org X Window System X11R5版本和X.Org Server 1.16.2及之前版本中存在安全漏洞，该漏洞源于程序使用SUN-DES-1身份验证证书时，没有正确检查malloc调用的返回值。远程攻击者可通过发送特制的连接请求利用该漏洞造成拒绝服务（空指针逆向引用和服务器崩溃）。,中危,其他,CNNVD-201412-197,http://www.cnnvd.org.cn/web/xxk/ldxqById.tag?CNNVD=CNNVD-201412-197,目前厂商已经发布了升级补丁以修复此安全问题，补丁获取链接：http://www.x.org/wiki/Development/Security/Advisory-2014-12-09/,远程,X.Org X Window System和X.Org Server 拒绝服务漏洞,0
DES,CVE-2014-4623,EMC Avamar是美国易安信（EMC）公司的一套数据备份和恢复解决方案。该方案提供数据备份、灾难恢复、消除重复数据等功能。Avamar Data Store (ADS) GEN4(S)和Avamar Virtual Edition (AVE)上的EMC Avamar 6.0.x版本，6.1.x版本和7.0.x版本中存在安全漏洞，该漏洞源于程序使用Password Hardening 2.0.0.4之前版本时，哈希密码使用UNIX DES crypt。攻击者可通过实施暴力破解攻击利用该漏洞获取明文密码。,中危,加密问题,CNNVD-201410-1297,http://www.cnnvd.org.cn/web/xxk/ldxqById.tag?CNNVD=CNNVD-201410-1297,目前厂商已经发布了升级补丁以修复此安全问题，详情请关注厂商主页：http://www.emc.com/data-protection/avamar.htm,远程,EMC Avamar 加密问题漏洞,0
DES,CVE-2014-10069,Hitron CVE-30360 devices是中国仲琦（Hitron）公司的一款路由器设备。Hitron CVE-30360设备中存在安全漏洞，该漏洞源于程序共享了使用的578A958E3DD933FC DES密钥。攻击者可通过解密备份配置文件利用该漏洞获取敏感信息。,中危,加密问题,CNNVD-201801-219,http://www.cnnvd.org.cn/web/xxk/ldxqById.tag?CNNVD=CNNVD-201801-219,目前厂商暂未发布修复措施解决此安全问题，建议使用此软件的用户随时关注厂商主页或参考网址以获取解决办法：http://www.hitrontech.com,远程,Hitron CVE-30360 安全漏洞,0
DES,CVE-2014-0645,EMC Cloud Tiering Appliance（CTA）和File Management Appliance（FMA）都是美国易安信（EMC）公司的基于策略的文件分层、归档和迁移解决方案。EMC CTA 9.0至10 SP1版本和FMA 7.0版本中存在安全漏洞，该漏洞源于程序存储root，super，admin账户的DES密码哈希值。攻击者可通过暴力破解攻击利用该漏洞获取敏感信息。,中危,信任管理,CNNVD-201404-371,http://www.cnnvd.org.cn/web/xxk/ldxqById.tag?CNNVD=CNNVD-201404-371,针对Cloud Tiering Appliance (CTA)，目前厂商已经发布了升级补丁以修复此安全问题，补丁获取链接：http://www.emc.com/,本地,EMC Cloud Tiering Appliance 信任管理漏洞,0
DES,CVE-2013-7308,D-Link DES-3810-28 Switch是友讯（D-Link）公司的一款网管型交换机产品。使用R2.20.B017版本固件的D-Link DES-3810-28交换机中的OSPF实现过程中存在安全漏洞，该漏洞源于在LSA数据库上执行操作之前，程序没有考虑Link State Advertisement中Link State ID值存在副本的可能性。远程攻击者可借助特制的LSA数据包利用该漏洞导致拒绝服务（路由损坏）或获取敏感数据包信息。,中危,其他,CNNVD-201401-495,http://www.cnnvd.org.cn/web/xxk/ldxqById.tag?CNNVD=CNNVD-201401-495,目前厂商已经发布了升级补丁以修复此安全问题，补丁获取链接：http://www.dlink.com,特定网络环境,D-Link DES-3810-28 Switch OSPF 安全漏洞,0
DES,CVE-2013-6445,Red Hat Enterprise MRG（Messaging Realtime Grid）是美国红帽（Red Hat）公司的一套用于集成高性能计算（HPC）的IT基础架构平台。Cumin（也称MRG Management Console）是一个用于管理Condor池和QMF消息部署的Web UI应用程序。Red Hat Enterprise MRG 2.5版本中使用的Cumin中存在安全漏洞，该漏洞源于哈希密码使用DES-based加密函数。攻击者可利用该漏洞实施暴力破解攻击，获取敏感信息。,中危,加密问题,CNNVD-201404-600,http://www.cnnvd.org.cn/web/xxk/ldxqById.tag?CNNVD=CNNVD-201404-600,目前厂商已经发布了升级补丁以修复此安全问题，补丁获取链接：https://rhn.redhat.com/errata/RHSA-2014-0441.html,远程,Red Hat Enterprise MRG 加密问题漏洞,0
DES,CVE-2013-5998,D-Link Japan DES-3800是友讯（D-Link）公司的一款网管型交换机产品。使用R4.50B58之前版本固件的D-Link Japan DES-3800设备中的Web管理功能中存在拒绝服务漏洞。远程攻击者可利用该漏洞造成拒绝服务（设备挂起）。,高危,,CNNVD-201311-363,http://www.cnnvd.org.cn/web/xxk/ldxqById.tag?CNNVD=CNNVD-201311-363,目前厂商已经发布了升级补丁以修复此安全问题，补丁获取链接：http://jvndb.jvn.jp/en/contents/2013/JVNDB-2013-000110.html,远程,D-Link Japan DES-3800 拒绝服务漏洞,0
DES,CVE-2013-5997,D-Link Japan DES-3800是友讯（D-Link）公司的一款网管型交换机产品。使用R4.50B58之前版本固件的D-Link Japan DES-3800设备中的SSH协议实现过程中存在拒绝服务漏洞。远程经过授权的攻击者可利用该漏洞造成拒绝服务（设备挂起）。,中危,,CNNVD-201311-362,http://www.cnnvd.org.cn/web/xxk/ldxqById.tag?CNNVD=CNNVD-201311-362,目前厂商已经发布了升级补丁以修复此安全问题，补丁获取链接：http://jvndb.jvn.jp/en/contents/2013/JVNDB-2013-000109.html,远程,D-Link Japan DES-3800 SSH 拒绝服务漏洞,0
DES,CVE-2013-4707,D-Link Japan DES-3810是友讯（D-Link）公司的一款网络交换机设备。使用R2.20.011之前版本固件的D-Link Japan DES-3810设备中的SSH实现中存在拒绝服务漏洞。远程授权的攻击者可通过登录访问权限利用该漏洞造成拒绝服务（设备挂起）。,中危,权限许可和访问控制,CNNVD-201309-350,http://www.cnnvd.org.cn/web/xxk/ldxqById.tag?CNNVD=CNNVD-201309-350,目前厂商已经发布了升级补丁以修复此安全问题，补丁获取链接：http://jvndb.jvn.jp/en/contents/2013/JVNDB-2013-000090.html,远程,D-Link Japan DES-3810 SSH实现拒绝服务漏洞,0
DES,CVE-2013-4134,OpenAFS是一套分布式文件系统，它允许系统之间通过局域网和广域网来分享档案和资源。OpenAFS中存在安全漏洞，该漏洞源于程序对Kerberos密钥使用弱加密算法。远程攻击者可利用该漏洞获取服务密钥。以下版本受到影响：OpenAFS 1.4.15之前的版本，1.6.5之前的1.6.x版本，1.7.26之前的1.7.x版本。,中危,加密问题,CNNVD-201307-555,http://www.cnnvd.org.cn/web/xxk/ldxqById.tag?CNNVD=CNNVD-201307-555,目前厂商已经发布了升级补丁以修复此安全问题，补丁获取链接：http://www.openafs.org/pages/security/OPENAFS-SA-2013-003.txt,远程,IBM OpenAFS 信息泄露漏洞,0
DES,CVE-2013-4132,KDE-Workspace是KDE社区发布的一套桌面环境，它包含了构成桌面的组件，如显示管理器（KDM）、会话服务管理（ksmserver）。KDE-Workspace 4.10.5以及之前版本使用glibc 2.17版本中存在加密问题漏洞，该漏洞源于程序没有正确处理‘pw_encrypt’函数的返回值。远程攻击者可通过在启用了FIPS-140的情况下，向KDM发送（1）无效的salt（2）DES或（3）MD5加密密码，或向KCheckPass发送无效密码利用该漏洞导致拒绝服务（空指针引用以及司机）。,中危,加密问题,CNNVD-201308-022,http://www.cnnvd.org.cn/web/xxk/ldxqById.tag?CNNVD=CNNVD-201308-022,目前厂商已经发布了升级补丁以修复此安全问题，补丁获取链接：http://seclists.org/oss-sec/2013/q3/120,远程,KDE Sc 空指针逆向引用拒绝服务漏洞,0
DES,CVE-2013-4122,SASL（Simple Authentication Security Layer）是一个简单认证安全层，它主要是用于SMTP认证。Cyrus SASL是SASL的一个实现，主要在客户端或服务器端提供身份验证。glibc 2.17及更新的版本中的Cyrus SASL 2.1.23，2.1.26及之前的版本中存在安全漏洞，该漏洞源于程序没有正确处理crypt函数返回的NULL值。远程攻击者可借助(1)无效的salt或使用(2)DES或(3)MD5加密算法，利用该漏洞触发使用空指针逆向引用，造成拒绝服务（线程崩溃和耗尽）。,中危,数字错误,CNNVD-201307-534,http://www.cnnvd.org.cn/web/xxk/ldxqById.tag?CNNVD=CNNVD-201307-534,目前厂商已经发布了升级补丁以修复此安全问题，补丁获取链接：http://www.gentoo.org/security/en/glsa/glsa-201309-01.xml,远程,Cyrus SASL Library 空指针逆向引用拒绝服务漏洞,0
DES,CVE-2013-2179,X.org XDM是X.Org基金会的一套X.Org X显示管理器。该管理器为用户提供一个登录界面并提示输入用户和密码。X.Org XDM 1.1.10和1.1.11版本中存在加密问题漏洞，当程序使用‘crypt API’函数实现身份验证操作时返回NULL。远程攻击者可借助带有无效字符密码字段的用户账户利用该漏洞造成拒绝服务（空指针逆向引用和程序崩溃）。,中危,加密问题,CNNVD-201312-541,http://www.cnnvd.org.cn/web/xxk/ldxqById.tag?CNNVD=CNNVD-201312-541,目前厂商已经发布了升级补丁以修复此安全问题，补丁获取链接：http://cgit.freedesktop.org/xorg/app/xdm/commit/?id=8d1eb5c74413e4c9a21f689fc106949b121c0117,远程,X.Org XDM 加密问题漏洞,0
DES,CVE-2013-1430,xrdp是软件开发者Jay Sorg所研发的一款开源的远程桌面协议（RDP）服务器。,中危,信任管理问题,CNNVD-201612-573,http://www.cnnvd.org.cn/web/xxk/ldxqById.tag?CNNVD=CNNVD-201612-573,目前厂商已经发布了升级补丁以修复此安全问题，补丁获取链接：https://github.com/neutrinolabs/xrdp/pull/497,远程,xrdp 信息泄露漏洞,0
DES,CVE-2012-5301,Cerberus FTP Server是美国Cerberus公司的一款免费、多线程并运行在Windows操作系统中的FTP服务器。Cerberus FTP Server 5.0.4.0之前版本支持DES加密的SSH会话的默认配置中存在漏洞。远程攻击者可利用该漏洞通过嗅探网络上的加密数据进行暴力破解攻击，获取敏感信息。,中危,加密问题,CNNVD-201210-041,http://www.cnnvd.org.cn/web/xxk/ldxqById.tag?CNNVD=CNNVD-201210-041,目前厂商已经发布了升级补丁以修复此安全问题，补丁获取链接：http://www.cerberusftp.com/products/releasenotes.html,远程,Cerberus FTP Server 加密问题漏洞,0
DES,CVE-2012-4960,,,,,,,,,0
DES,CVE-2012-2143,libcrypt是ANSI C加密库。libcrypt中存在密码加密漏洞，该漏洞源于在处理某些包含无法用7位ASCII代表的字符时crypt()函数中使用的DES实现中存在的编程错误。攻击者可利用该漏洞绕过使用受影响crypt()函数加密其用户密码的应用验证机制，当输入包含仅最高有效位设置了(0x80)的字符时，该字符和其后字符都会被忽略。系统不使用crypt()或仅使用crypt()处理7位ASCII的不会受到影响。,中危,加密问题,CNNVD-201205-549,http://www.cnnvd.org.cn/web/xxk/ldxqById.tag?CNNVD=CNNVD-201205-549,目前厂商已经发布了升级补丁以修复此安全问题，补丁获取链接：http://www.postgresql.org/support/security/,远程,libcrypt ‘crypt()’ 密码加密漏洞,0
DES,CVE-2011-3992,D-Link是台湾友讯集团所创立的网络公司，致力于局域网、宽带网、无线网、语音网及相关网络设备的研发、生产和行销。D-Link多个产品在实现上存在不明细节远程缓冲区溢出漏洞。远程攻击者可利用这些漏洞在受影响应用程序中执行任意代码。,超危,缓冲区溢出,CNNVD-201110-688,http://www.cnnvd.org.cn/web/xxk/ldxqById.tag?CNNVD=CNNVD-201110-688,目前厂商已经发布了升级补丁以修复此安全问题，补丁获取链接：http://jvndb.jvn.jp/en/contents/2011/JVNDB-2011-000092.html,远程,D-Link多个产品不明细节远程缓冲区溢出漏洞,0
DES,CVE-2011-1096,Red Hat JBoss Enterprise Application Platform（EAP）是美国红帽（Red Hat）公司的一套开源、基于J2EE的中间件平台。该平台主要用于构建、部署和托管Java应用程序与服务。,中危,加密问题,CNNVD-201210-205,http://www.cnnvd.org.cn/web/xxk/ldxqById.tag?CNNVD=CNNVD-201210-205,目前厂商已经发布了升级补丁以修复此安全问题，补丁获取链接：https://bugzilla.redhat.com/show_bug.cgi?id=681916,远程,JBoss Web Services W3C XML 加密标准信息泄露漏洞,0
DES,CVE-2011-0091,Kerberos是美国麻省理工学院（MIT）开发的一套网络认证协议，它采用客户端/服务器结构，并且客户端和服务器端均可对对方进行身份认证（即双重验证），可防止窃听、防止replay攻击等。其设计目标是通过密钥系统为客户机/ 服务器应用程序提供强大的认证服务。Microsoft Windows Server 2008 R2和Windows 7中的Kerberos没有防止会话从强加密变成DES加密。中间人攻击者可以借助DES降级版欺骗网络通信并获取敏感信息。,中危,授权问题,CNNVD-201102-191,http://www.cnnvd.org.cn/web/xxk/ldxqById.tag?CNNVD=CNNVD-201102-191,目前厂商已经发布了升级补丁以修复此安全问题，补丁获取链接：http://www.microsoft.com/technet/security/Bulletin/MS11-013.mspx,远程,Microsoft Windows多个平台Kerberos敏感信息泄露漏洞,0
DES,CVE-2010-5198,Intuit QuickBooks 2010中存在多个不可信搜索路径漏洞。本地攻击者可利用该漏洞通过当前目录（如包含.des、.qbo或.qpg文件的目录）下的Trojan木马(1)dbicudtx11.dll(2)mfc90enu.dll或(3)mfc90loc.dll文件，获取特权。,中危,其他,CNNVD-201209-038,http://www.cnnvd.org.cn/web/xxk/ldxqById.tag?CNNVD=CNNVD-201209-038,目前厂商还没有提供此漏洞的相关补丁或者升级程序，建议使用此软件的用户随时关注厂商的主页以获取最新版本：http://quickbooks.intuit.com/,本地,Intuit QuickBooks 多个不可信搜索路径漏洞,0
DES,CVE-2010-2450,Shibboleth是英国Shibboleth公司的一套基于Windows平台的开源的SAML协议的Web单点登录系统。Shibboleth SP 2.0版本中的keygen.sh脚本存在安全漏洞，该漏洞源于使用OpenSSL生成的DES私钥为全局可读。攻击者可利用该漏洞获取信息。,中危,其他,CNNVD-201911-429,http://www.cnnvd.org.cn/web/xxk/ldxqById.tag?CNNVD=CNNVD-201911-429,目前厂商已发布升级补丁以修复漏洞，详情请关注厂商主页：https://www.shibboleth.net/,远程,Shibboleth 安全漏洞,0
DES,CVE-2010-1324,MIT Kerberos 5 是一种常用的开源Kerberos实现。,低危,加密问题,CNNVD-201012-016,http://www.cnnvd.org.cn/web/xxk/ldxqById.tag?CNNVD=CNNVD-201012-016,目前厂商已经发布了升级补丁以修复此安全问题，补丁获取链接：http://web.mit.edu/kerberos/advisories/MITKRB5-SA-2010-007.txt,远程,MIT Kerberos 5设计权限提升漏洞,0
DES,CVE-2008-4363,DESlock+是一款流行的数据加密工具。DESlock+ 3.2.7的DLMFENC.sys 1.0.0.28允许本地用户通过对想覆盖一个指针的某个 ＼＼.＼DLKPFSD_Device提交一个DLMFENC_IOCTL 请求来造成拒绝服务 (系统崩溃) 或可能执行任意代码。它可能与当ProbeForWSrite被预设时ProbeForRead函数的使用有关。,高危,输入验证,CNNVD-200809-451,http://www.cnnvd.org.cn/web/xxk/ldxqById.tag?CNNVD=CNNVD-200809-451,,本地,DESlock+ DLMFENC.sys 拒绝服务漏洞,0
DES,CVE-2008-4362,DESlock+是一款流行的数据加密工具。DESlock+ 3.2.7的Virtual Token driver (vdlptokn.sys) 1.0.2.43允许本地用户通过对＼Device＼DLPTokenWalter0提交的一个精心设计的IOCTL请求来引起一个拒绝服务 (系统崩溃) 。,中危,资源管理错误,CNNVD-200809-450,http://www.cnnvd.org.cn/web/xxk/ldxqById.tag?CNNVD=CNNVD-200809-450,,本地,DESlock+ vdlptokn.sys拒绝服务漏洞,0
DES,CVE-2008-3188,"Novell openSUSE是美国Novell公司的一套基于Linux的自由操作系统。
openSUSE使用libxcrypt库计算口令的哈希值，可以配置为使用DES、MD5或blowfish。由于libxcrypt库中的一个漏洞，即使/etc/default/passwd文件中已经配置了MD5，系统仍会忽略这个设置使用DES算法。相对较弱的算法可能有助于攻击者的暴力破解。",中危,加密问题,CNNVD-200807-356,http://www.cnnvd.org.cn/web/xxk/ldxqById.tag?CNNVD=CNNVD-200807-356,"目前厂商已经发布了升级补丁以修复这个安全问题，补丁下载链接：
http://lists.opensuse.org/opensuse-security-announce/2008-07/msg00008.html",本地,openSUSE libxcrypt不安全口令哈希漏洞,0
DES,CVE-2008-1141,"DESlock+是一款对文件和文件夹进行加密的设备。DESlock+中的DLMFENC.sys 1.0.0.26中存在内存泄露漏洞。本地用户借助对＼＼.＼DLKPFSD_Device的一系列DLMFENC_IOCTL请求引起拒绝服务攻击。＼＼.＼DLKPFSD_Device会分配""链接列表结构""。",中危,资源管理错误,CNNVD-200803-036,http://www.cnnvd.org.cn/web/xxk/ldxqById.tag?CNNVD=CNNVD-200803-036,,本地,DESlock+ DLMFENC.sys 资源管理错误漏洞,0
DES,CVE-2008-1140,"DESlock+是一款对文件和文件夹进行加密的设备。DLMFDISK.sys 1.2.0.27 in DESlock+ 3.2.6以及之前的版本中的DLMFDISK.sys 1.2.0.27允许本地用户借助一个对＼＼.＼DLKFDisk_Control的特定的DLKFDISK_IOCTL请求获取特权。＼＼.＼DLKFDisk_Control会重写与mounted pseudo-filesystem相连的数据结构。该漏洞又称""ring0 SYSTEM""漏洞。",高危,权限许可和访问控制,CNNVD-200803-035,http://www.cnnvd.org.cn/web/xxk/ldxqById.tag?CNNVD=CNNVD-200803-035,,本地,DESlock+ 权限许可和访问控制漏洞,0
DES,CVE-2008-1139,"DESlock+是一款对文件和文件夹进行加密的设备。DESlock+ 3.2.6以及之前的版本允许本地用户借助一个特定的对＼＼.＼DLKPFSD_Device的DLMFENC_IOCTL请求获取特权。＼＼.＼DLKPFSD_Device会重写指针。又称""ring0 link list zero SYSTEM"" 漏洞。",高危,权限许可和访问控制,CNNVD-200803-034,http://www.cnnvd.org.cn/web/xxk/ldxqById.tag?CNNVD=CNNVD-200803-034,,本地,DESlock+ 权限许可漏洞,0
DES,CVE-2008-1138,"DESlock+是一款对文件和文件夹进行加密的设备。DESlock+中的DLMFENC.sys允许本地用户借助一个对＼＼.＼DLKPFSD_Device的特定请求引起拒绝服务攻击(系统崩溃)，又称""ring0 link list zero""漏洞。",中危,缓冲区溢出,CNNVD-200803-033,http://www.cnnvd.org.cn/web/xxk/ldxqById.tag?CNNVD=CNNVD-200803-033,,本地,DESlock+ DLMFENC.sys 缓冲区溢出漏洞,0
DES,CVE-2007-2668,webdesproxy 中存在缓冲区溢出漏洞。远程攻击者可以借助一个长的URL，执行任意代码。,中危,缓冲区溢出,CNNVD-200705-303,http://www.cnnvd.org.cn/web/xxk/ldxqById.tag?CNNVD=CNNVD-200705-303,,远程,Webdesproxy GET Request 缓冲区溢出漏洞,0
DES,CVE-2007-2332,Nortel VPN路由器为IP网络和因特网上的安全连接提供路由、VPN、防火墙、带宽管理、加密、认证和数据完整性功能。外Nortel VPN路由器使用了相同的DES密钥加密用户口令，存在暴力破解攻击漏洞。如果攻击者能够访问LDAP存储的话就可以执行暴力猜测口令攻击。,超危,设计错误,CNNVD-200704-574,http://www.cnnvd.org.cn/web/xxk/ldxqById.tag?CNNVD=CNNVD-200704-574,目前厂商已经发布了升级补丁以修复这个安全问题，请到厂商的主页下载：http://www.nortelnetworks.com/index.html,远程,Nortel VPN路由器暴力破解攻击漏洞,0
DES,CVE-2007-1451,"GuppY 4.0远程攻击者可以先发送一个直接请求到install/install.php，然后再选择""正确安装""，最后再""Suppression des fichiers d'installation""(delete.php)，从而删除任意文件。",中危,未知,CNNVD-200703-386,http://www.cnnvd.org.cn/web/xxk/ldxqById.tag?CNNVD=CNNVD-200703-386,,远程,GuppY 任意文件删除漏洞,0
DES,CVE-2006-5247,Eazy Cart中存在多个跨站脚本攻击漏洞，远程攻击者可以通过easycart.php(可能与add操作中的(1)des和(2)qty参数相关)，以及其他未明向量来注入任意Web脚本或HTML。,中危,跨站脚本,CNNVD-200610-184,http://www.cnnvd.org.cn/web/xxk/ldxqById.tag?CNNVD=CNNVD-200610-184,,远程,Eazy Cart 多个跨站脚本攻击漏洞,0
DES,CVE-2006-0591,crypt_blowfish 0.4.7及之前版本中的crypt_gensalt功能(用于BSDI风格的扩展DES密码hashes和FreeBSD风格的MD5密码hashes)没有平均随机分布salt，从而由于增加的冲突数量，使得攻击者更容易根据窃取而来的密码文件猜出密码。,低危,加密问题,CNNVD-200602-082,http://www.cnnvd.org.cn/web/xxk/ldxqById.tag?CNNVD=CNNVD-200602-082,,本地,crypt_blowfish 信息泄露漏洞,0
DES,CVE-2006-0584,PeopleSoft People Tools 8.4x的PSCipher功能使用具有固定 DES 密钥的PKCS ＃5来存储用户密码，这使得本地用户可以更容易地使用比较输出字符串的字典攻击来猜出密码。,低危,设计错误,CNNVD-200602-098,http://www.cnnvd.org.cn/web/xxk/ldxqById.tag?CNNVD=CNNVD-200602-098,,本地,PeopleSoft PeopleTools PSCipher 加密漏洞,0
DES,CVE-2004-1742,WebAPP 0.9.9版本存在目录遍历漏洞。远程攻击者借助 viewcat参数的.. (点 点)查看任意文件。,中危,路径遍历,CNNVD-200408-217,http://www.cnnvd.org.cn/web/xxk/ldxqById.tag?CNNVD=CNNVD-200408-217,The vendor released an update to address this issue. Please see the references for more information.,远程,Web-APP.Org WebAPP目录遍历漏洞,0
DES,CVE-2002-1584,"Solaris是Sun公司开发维护的商业Unix系统。
某些版本的Solaris软件实现的RPC AUTH_DES存在溢出漏洞，远程或本地攻击者可能利用此漏洞通过发送特殊的请求来获得权限提升。
还未得到具体漏洞细节。",超危,访问验证错误,CNNVD-200212-078,http://www.cnnvd.org.cn/web/xxk/ldxqById.tag?CNNVD=CNNVD-200212-078,"厂商补丁：
Sun
---
目前厂商已经发布了升级补丁以修复这个安全问题，请到厂商的主页下载：Sun Solaris 2.5.1 _x86:",远程,Sun Solaris RPC AUTH_DES权限提升漏洞,0
DES,CVE-2001-0856,IBM 4758的Common Cryptographic Architecture (CCA)存在漏洞。具有系统和Combine_Key_Parts物理访问权限的攻击者可以通过使用蛮力攻击创建一个3DES exporter密钥，从而窃取DES和3DES密钥。,中危,设计错误,CNNVD-200112-081,http://www.cnnvd.org.cn/web/xxk/ldxqById.tag?CNNVD=CNNVD-200112-081,"An updated version is available:
IBM Common Cryptographic Architecture 2.40",本地,IBM CCA 3DES Exporter密钥弱创建漏洞,0
DES,CVE-2001-0259,带有Secure-RPC的ssh 1.2.27 - 1.2.30版本中ssh-keygen存在漏洞。本地攻击者利用该漏洞恢复另外一个用户产生的SUN-DES-1魔法短语，攻击者利用该漏洞加密用户的私人密钥文件。,低危,未知,CNNVD-200106-038,http://www.cnnvd.org.cn/web/xxk/ldxqById.tag?CNNVD=CNNVD-200106-038,,本地,ssh-keygen加密用户的私人密钥文件漏洞,0
DES,CVE-2000-0743,Minnesota大学(UMN) gopherd 2.x版本存在缓冲区溢出漏洞。远程攻击者可以借助含超长票据值的DES密钥生成请求(GDESkey)来执行任意命令。,超危,缓冲区溢出,CNNVD-200010-131,http://www.cnnvd.org.cn/web/xxk/ldxqById.tag?CNNVD=CNNVD-200010-131,,远程,Minnesota大学(UMN) gopherd任意命令执行漏洞,0
DES,CVE-2000-0487,"Windows 2000的保护存储无法选择最强的可用加密。此漏洞导致使用默认40位加密而不是56位加密，又称为""Protected Store Key Length""漏洞。",低危,设计错误,CNNVD-200006-001,http://www.cnnvd.org.cn/web/xxk/ldxqById.tag?CNNVD=CNNVD-200006-001,"Microsoft has released the following patch which rectifies this vulnerability. It was originally released on June 1. Microsoft released an updated patch on July 26 in order to fix a regression error :
Microsoft Windows 2000 Professional",本地,Microsoft Windows 2000默认40位加密保护存储漏洞,0
DES,CVE-2000-0093,Red Hat的安装过程使用DES密码进行加密，此加密方式用crypt()作为初始密码，而不是md5。,超危,未知,CNNVD-200001-053,http://www.cnnvd.org.cn/web/xxk/ldxqById.tag?CNNVD=CNNVD-200001-053,,远程,Red Hat加密问题漏洞,0
DES,CVE-1999-1100,Cisco PIX Private Link 4.1.6及之前版本存在漏洞。配置文件中的特定指令不能被正确处理，导致DES密钥的有效长度减少到48比特而不是56比特，攻击者可以通过蛮力攻击更轻易地获得正确的密钥。,高危,未知,CNNVD-199912-127,http://www.cnnvd.org.cn/web/xxk/ldxqById.tag?CNNVD=CNNVD-199912-127,,远程,Cisco PIX Private Link配置文件加密漏洞,0
