Apache Shiro,CVE-2020-1957,Apache Shiro是美国阿帕奇（Apache）软件基金会的一套用于执行认证、授权、加密和会话管理的Java安全框架。Apache Shiro 1.5.2之前版本中存在安全漏洞。攻击者可借助特制的请求利用该漏洞绕过身份验证。,超危,授权问题,CNNVD-202003-1579,http://www.cnnvd.org.cn/web/xxk/ldxqById.tag?CNNVD=CNNVD-202003-1579,目前厂商已发布升级补丁以修复漏洞，补丁获取链接：https://lists.apache.org/thread.html/rc64fb2336683feff3580c3c3a8b28e80525077621089641f2f386b63@%3Ccommits.camel.apache.org%3E,远程,Apache Shiro 授权问题漏洞,0
Apache Shiro,CVE-2020-11989,Apache Shiro是美国阿帕奇（Apache）软件基金会的一套用于执行认证、授权、加密和会话管理的Java安全框架。Apache Shiro 1.5.3之前版本中存在安全漏洞。攻击者可借助特制请求利用该漏洞绕过身份验证。,超危,授权问题,CNNVD-202006-1556,http://www.cnnvd.org.cn/web/xxk/ldxqById.tag?CNNVD=CNNVD-202006-1556,目前厂商已发布升级补丁以修复漏洞，补丁获取链接：https://shiro.apache.org/news.html,远程,Apache Shiro 授权问题漏洞,0
Apache Shiro,CVE-2019-12422,Apache Shiro是美国阿帕奇（Apache）软件基金会的一套用于执行认证、授权、加密和会话管理的Java安全框架。Apache Shiro 1.4.2之前版本中存在安全漏洞。当Apache Shiro使用了默认的‘记住我’配置时，攻击者可利用该漏洞对cookies实施填充攻击。,高危,输入验证错误,CNNVD-201911-1131,http://www.cnnvd.org.cn/web/xxk/ldxqById.tag?CNNVD=CNNVD-201911-1131,目前厂商已发布升级补丁以修复漏洞，补丁获取链接：https://lists.apache.org/thread.html/c9db14cfebfb8e74205884ed2bf2e2b30790ce24b7dde9191c82572c@%3Cdev.shiro.apache.org%3E,远程,Apache Shiro 输入验证错误漏洞,0
Apache Commons Beanutils,CVE-2019-10086,Apache Commons Beanutils是美国阿帕奇（Apache）软件基金会的一款提供可操作JavaBean的工具类的软件包。Apache Commons Beanutils 1.9.2版本中存在安全漏洞。攻击者可利用该漏洞执行任意代码/命令。,中危,代码问题,CNNVD-201908-1140,http://www.cnnvd.org.cn/web/xxk/ldxqById.tag?CNNVD=CNNVD-201908-1140,目前厂商已发布升级补丁以修复漏洞，补丁获取链接：https://issues.apache.org/jira/browse/BEANUTILS-520,远程,Apache Commons Beanutils 代码问题漏洞,0
Apache Shiro,CVE-2016-6802,Apache Shiro是美国阿帕奇（Apache）软件基金会的一套用于执行认证、授权、加密和会话管理的Java安全框架。Apache Shiro 1.3.2之前的版本中存在安全漏洞。攻击者可通过使用non-root servlet上下文路径利用该漏洞绕过既定的servlet过滤器，获取访问权限。,中危,资料不足,CNNVD-201609-372,http://www.cnnvd.org.cn/web/xxk/ldxqById.tag?CNNVD=CNNVD-201609-372,目前厂商已经发布了升级补丁以修复此安全问题，补丁获取链接：http://shiro.apache.org/documentation.html,远程,Apache Shiro 远程安全绕过漏洞,0
Apache Shiro,CVE-2016-4437,Apache Shiro是美国阿帕奇（Apache）软件基金会的一套用于执行认证、授权、加密和会话管理的Java安全框架。,中危,资料不足,CNNVD-201606-143,http://www.cnnvd.org.cn/web/xxk/ldxqById.tag?CNNVD=CNNVD-201606-143,目前厂商已经发布了升级补丁以修复此安全问题，补丁获取链接：http://shiro.apache.org/download.html,远程,Apache Shiro 信息泄露漏洞,0
Apache Shiro,CVE-2014-0074,Apache Shiro是美国阿帕奇（Apache）软件基金会的一套用于执行认证、授权、加密和会话管理的Java安全框架。Apache Shiro 1.2.3之前1.x版本中存在安全漏洞。当程序使用LDAP服务器并启用非身份验证绑定时，远程攻击者可借助空的用户名或密码利用该漏洞绕过身份验证。,高危,授权问题,CNNVD-201406-476,http://www.cnnvd.org.cn/web/xxk/ldxqById.tag?CNNVD=CNNVD-201406-476,目前厂商已经发布了升级补丁以修复此安全问题，补丁获取链接：http://shiro.apache.org/download.html#latest,远程,Apache Shiro‘login.jsp’ 授权问题漏洞,0
Apache Shiro,CVE-2010-3863,Apache Shiro/Jsecurity都是强大、灵活的Java开源安全框架。Apache Shiro 1.1.0版本，以及Jsecurity 0.9.x在执行路径匹配之前没有规范URI路径。远程攻击者可以借助特制请求绕过预设的访问限制。,中危,路径遍历,CNNVD-201011-045,http://www.cnnvd.org.cn/web/xxk/ldxqById.tag?CNNVD=CNNVD-201011-045,目前厂商已经发布了升级补丁以修复此安全问题，补丁获取链接：http://shiro.apache.org/index.html,远程,Apache Shiro路径遍历漏洞,0
VMware Spring Security,CVE-2012-5055,VMware SpringSource Spring Security 2.0.8之前版本、3.0.8之前的3.0.x版本以及3.1.3之前的3.1.x版本中的DaoAuthenticationProvider中存在漏洞。该漏洞源于如果没有发现用户，程序将不对密码进行验证，这使得响应延迟被缩短。通过发送一系列的登录请求，远程攻击者利用该漏洞枚举出有效的用户名。,中危,信息泄露,CNNVD-201212-081,http://www.cnnvd.org.cn/web/xxk/ldxqById.tag?CNNVD=CNNVD-201212-081,目前厂商已经发布了升级补丁以修复此安全问题，补丁获取链接：http://support.springsource.com/security/CVE-2012-5055,远程,VMware SpringSource Spring Security 安全漏洞,0
VMware Spring Security,CVE-2011-2732,Pivotal Software Spring Security是美国Pivotal Software公司的一套为基于Spring的应用程序提供说明性安全保护的安全框架。VMware SpringSource Spring Security 2.0.7之前版本和3.0.6之前的3.0.x版本中的退出功能中存在CRLF注入漏洞。通过‘spring-security-redirect’参数，远程攻击者利用该漏洞注入任意HTTP头和进行HTTP响应拆分攻击。,中危,代码注入,CNNVD-201109-137,http://www.cnnvd.org.cn/web/xxk/ldxqById.tag?CNNVD=CNNVD-201109-137,目前厂商已经发布了升级补丁以修复此安全问题，补丁获取链接：http://support.springsource.com/security/cve-2011-2732,远程,Spring Security RunAsManager CRLF注入漏洞,0
VMware Spring Security,CVE-2011-2731,Pivotal Software Spring Security是美国Pivotal Software公司的一套为基于Spring的应用程序提供说明性安全保护的安全框架。VMware SpringSource Spring Security 2.0.7之前的版本和3.0.6之前的3.0.x版本中的RunAsManager中存在竞争条件漏洞，该漏洞源于程序将Authentication对象存储于共享的安全上下文中。通过特制的线程，远程攻击者利用该漏洞获得特权。,中危,竞争条件,CNNVD-201109-136,http://www.cnnvd.org.cn/web/xxk/ldxqById.tag?CNNVD=CNNVD-201109-136,目前厂商已经发布了升级补丁以修复此安全问题，补丁获取链接：http://support.springsource.com/security/cve-2011-2731,远程,Spring Security 竞争条件漏洞,0
VMware Spring Security,CVE-2010-3700,"运行于IBM WebSphere Application Server (WAS) 6.1和7.0版本下的VMware SpringSource Spring Security 2.0.6之前的2.x版本，3.0.4之前的3.x版本,以及Acegi Security 1.0.0至1.0.7版本中存在权限许可和访问控制漏洞。远程攻击者可以借助path参数绕过安全限制。",中危,权限许可和访问控制,CNNVD-201010-428,http://www.cnnvd.org.cn/web/xxk/ldxqById.tag?CNNVD=CNNVD-201010-428,目前厂商已经发布了升级补丁以修复此安全问题，补丁获取链接：http://www.securityfocus.com/archive/1/514517,远程,VMware SpringSource Spring Security和Acegi Security未明权限许可和访问控制漏洞,0
Hibernate Validator,CVE-2019-10219,Hibernate Validator是一款参数校验框架。Hibernate Validator中存在跨站脚本漏洞。该漏洞源于WEB应用缺少对客户端数据的正确验证。攻击者可利用该漏洞执行客户端代码。,中危,跨站脚本,CNNVD-201911-457,http://www.cnnvd.org.cn/web/xxk/ldxqById.tag?CNNVD=CNNVD-201911-457,目前厂商暂未发布修复措施解决此安全问题，建议使用此软件的用户随时关注厂商主页或参考网址以获取解决办法：https://hibernate.org,远程,Hibernate Validator 跨站脚本漏洞,0
Red Hat Hibernate ORM,CVE-2017-7536,Red Hat Hibernate Validator是美国红帽（Red Hat）公司的一套Bean验证框架，它能够验证遵循JavaBean规范编写的Java类，也可使用注解指定一个JavaBean上的约束。,高危,权限许可和访问控制问题,CNNVD-201704-339,http://www.cnnvd.org.cn/web/xxk/ldxqById.tag?CNNVD=CNNVD-201704-339,目前厂商已发布升级补丁以修复漏洞，详情请关注厂商主页：http://hibernate.org/validator/,本地,Red Hat Hibernate Validator 安全漏洞,0
Red Hat Hibernate ORM,CVE-2014-3558,Red Hat Hibernate Validator是美国红帽（Red Hat）公司的一套Bean验证框架，它能够验证遵循JavaBean规范编写的Java类，也可使用注解指定一个JavaBean上的约束。,中危,权限许可和访问控制,CNNVD-201409-1163,http://www.cnnvd.org.cn/web/xxk/ldxqById.tag?CNNVD=CNNVD-201409-1163,目前厂商已经发布了升级补丁以修复此安全问题，补丁获取链接：https://hibernate.atlassian.net/browse/HV-912,远程,Red Hat Hibernate Validator 权限许可和访问控制漏洞,0
Red Hat Hibernate ORM,CVE-2019-14900,Red Hat Hibernate ORM是美国红帽（Red Hat）公司的一款用于编写应用程序的对象/关系映射（ORM）框架。JPA Criteria API是其中的一个用于查询功能的API（应用程序编程接口）。Red Hat Hibernate ORM 5.3.18之前版本、5.4.18之前版本和5.5.0.Beta1之前版本中的JPA Criteria API的实现存在SQL注入漏洞。攻击者可利用该漏洞访问未授权的信息或进行进一步的攻击。,中危,SQL注入,CNNVD-202005-667,http://www.cnnvd.org.cn/web/xxk/ldxqById.tag?CNNVD=CNNVD-202005-667,目前厂商已发布升级补丁以修复漏洞，详情请关注厂商主页：https://hibernate.org/,远程,Red Hat Hibernate ORM JPA Criteria API SQL注入漏洞,0
