Fastjson,CVE-2017-18349,Pippo是一款基于Java的Web框架。FastjsonEngine是其中的一个JSON处理引擎。Fastjson是其中的一个基于Java的JSON解析器/生成器。,超危,输入验证,CNNVD-201810-1186,http://www.cnnvd.org.cn/web/xxk/ldxqById.tag?CNNVD=CNNVD-201810-1186,目前厂商已发布升级补丁以修复漏洞，补丁获取链接：https://github.com/alibaba/fastjson/wiki/security_update_20170315,远程,Pippo FastjsonEngine Fastjson 输入验证漏洞,
Haxx libcurl,CVE-2019-5436,Haxx libcurl是瑞典Haxx公司的一款开源的客户端URL传输库。该产品支持FTP、SFTP、TFTP和HTTP等协议。Haxx libcurl 7.19.4版本至7.64.1版本中的TFTP接收代码存在缓冲区错误漏洞。该漏洞源于网络系统或产品在内存上执行操作时，未正确验证数据边界，导致向关联的其他内存位置上执行了错误的读写操作。攻击者可利用该漏洞导致缓冲区溢出或堆溢出等。,低危,缓冲区错误,CNNVD-201905-933,http://www.cnnvd.org.cn/web/xxk/ldxqById.tag?CNNVD=CNNVD-201905-933,目前厂商已发布升级补丁以修复漏洞，补丁获取链接：https://curl.haxx.se/docs/CVE-2019-5436.html,远程,Haxx libcurl 缓冲区错误漏洞,
Haxx libcurl,CVE-2019-5435,Haxx libcurl是瑞典Haxx公司的一款开源的客户端URL传输库。该产品支持FTP、SFTP、TFTP和HTTP等协议。Haxx libcurl 7.62.0版本至7.64.1版本中存在输入验证错误漏洞。该漏洞源于网络系统或产品未对输入的数据进行正确的验证。,低危,输入验证错误,CNNVD-201905-928,http://www.cnnvd.org.cn/web/xxk/ldxqById.tag?CNNVD=CNNVD-201905-928,目前厂商已发布升级补丁以修复漏洞，补丁获取链接：https://curl.haxx.se/docs/CVE-2019-5435.html,远程,Haxx libcurl 输入验证错误漏洞,
Haxx libcurl,CVE-2019-3823,Haxx libcurl是瑞典Haxx公司的一筐开源的客户端URL传输库。该产品支持FTP、SFTP、TFTP和HTTP等协议。Haxx libcurl 7.36.0版本至7.64.0版本中存在越界读取漏洞。该漏洞源于网络系统或产品在内存上执行操作时，未正确验证数据边界，导致向关联的其他内存位置上执行了错误的读写操作。攻击者可利用该漏洞导致缓冲区溢出或堆溢出等。,高危,缓冲区错误,CNNVD-201902-125,http://www.cnnvd.org.cn/web/xxk/ldxqById.tag?CNNVD=CNNVD-201902-125,目前厂商已发布升级补丁以修复漏洞，补丁获取链接：https://curl.haxx.se/docs/CVE-2019-3823.html,远程,Haxx libcurl 缓冲区错误漏洞,
Haxx libcurl,CVE-2019-3822,Haxx libcurl是瑞典Haxx公司的一筐开源的客户端URL传输库。该产品支持FTP、SFTP、TFTP和HTTP等协议。libcurl 7.36.0版本至7.64.0版本中的‘lib/vauth/ntlm.c：Curl_auth_create_ntlm_type3_message’函数存在基于堆栈的缓冲区溢出漏洞。远程攻击者可利用该漏洞造成拒绝服务或可能执行任意代码。,超危,缓冲区错误,CNNVD-201902-124,http://www.cnnvd.org.cn/web/xxk/ldxqById.tag?CNNVD=CNNVD-201902-124,目前厂商已发布升级补丁以修复漏洞，补丁获取链接：https://curl.haxx.se/docs/CVE-2019-3822.html,远程,Haxx libcurl 缓冲区错误漏洞,
Haxx libcurl,CVE-2018-16890,Haxx libcurl是瑞典Haxx公司的一筐开源的客户端URL传输库。该产品支持FTP、SFTP、TFTP和HTTP等协议。Haxx libcurl 7.36.0版本至7.64.0版本中的‘lib / vauth / ntlm.c：ntlm_decode_type2_target’函数存在越界读取漏洞，该漏洞源于用于处理传入的NTLM Type-2消息的函数没有正确验证传入的数据。远程攻击者可利用该漏洞获取敏感信息或造成拒绝服务。,高危,缓冲区错误,CNNVD-201902-122,http://www.cnnvd.org.cn/web/xxk/ldxqById.tag?CNNVD=CNNVD-201902-122,目前厂商已发布升级补丁以修复漏洞，补丁获取链接：https://curl.haxx.se/docs/CVE-2018-16890.html,远程,Haxx libcurl 缓冲区错误漏洞,
Haxx libcurl,CVE-2018-1000007,Haxx libcurl是瑞典Haxx公司的一个免费、开源的客户端URL传输库。该库支持FTP、FTPS、TFTP、HTTP等。Haxx libcurl 7.1版本至7.57.0版本中存在信息泄露漏洞。攻击者可利用该漏洞获取敏感信息或数据，冒充客户端请求。,超危,信息泄露,CNNVD-201801-902,http://www.cnnvd.org.cn/web/xxk/ldxqById.tag?CNNVD=CNNVD-201801-902,目前厂商已发布升级补丁以修复漏洞，补丁获取链接：https://curl.haxx.se/docs/adv_2018-b3bf.html,远程,Haxx libcurl 信息泄露漏洞,
Haxx libcurl,CVE-2018-1000005,Haxx libcurl是瑞典Haxx公司的一个免费、开源的客户端URL传输库。该库支持FTP、FTPS、TFTP、HTTP等。,超危,缓冲区错误,CNNVD-201801-903,http://www.cnnvd.org.cn/web/xxk/ldxqById.tag?CNNVD=CNNVD-201801-903,目前厂商已发布升级补丁以修复漏洞，补丁获取链接：https://curl.haxx.se/docs/adv_2018-824a.html,远程,Haxx libcurl 安全漏洞,
Haxx libcurl,CVE-2017-9502,Haxx curl for Windows和DOS是是瑞典Haxx公司的一套基于Windows和DOS平台的利用URL语法在命令行下工作的文件传输工具，该工具支持文件上传和下载，并包含一个用于程序开发的libcurl（客户端URL传输库）。基于Windows和DOS平台的curl 7.54.1之前的版本中的‘libcurl's default protocol’函数存在安全漏洞。攻击者可利用该漏洞覆盖基于堆的内存缓冲区。,中危,缓冲区溢出,CNNVD-201706-218,http://www.cnnvd.org.cn/web/xxk/ldxqById.tag?CNNVD=CNNVD-201706-218,目前厂商已发布升级补丁以修复漏洞，补丁获取链接：https://curl.haxx.se/docs/adv_20170614.html,远程,Haxx curl for Windows和DOS 安全漏洞,
Haxx libcurl,CVE-2017-8818,Haxx curl和libcurl都是瑞典Haxx公司的产品。curl是一套利用URL语法在命令行下工作的文件传输工具。libcurl是一个免费、开源的客户端URL传输库。,高危,缓冲区错误,CNNVD-201705-340,http://www.cnnvd.org.cn/web/xxk/ldxqById.tag?CNNVD=CNNVD-201705-340,目前厂商已发布升级补丁以修复漏洞，补丁获取链接：https://curl.haxx.se/docs/adv_2017-af0a.html,远程,Haxx curl和libcurl 安全漏洞,
Haxx libcurl,CVE-2017-8817,Haxx curl和libcurl都是瑞典Haxx公司的产品。curl是一套利用URL语法在命令行下工作的文件传输工具。libcurl是一个免费、开源的客户端URL传输库。,高危,资料不足,CNNVD-201705-341,http://www.cnnvd.org.cn/web/xxk/ldxqById.tag?CNNVD=CNNVD-201705-341,目前厂商已发布升级补丁以修复漏洞，补丁获取链接：https://curl.haxx.se/docs/adv_2017-ae72.html,远程,Haxx curl和libcurl 安全漏洞,
Haxx libcurl,CVE-2017-8816,Haxx curl和libcurl都是瑞典Haxx公司的产品。curl是一套利用URL语法在命令行下工作的文件传输工具。libcurl是一个免费、开源的客户端URL传输库。,高危,资料不足,CNNVD-201705-342,http://www.cnnvd.org.cn/web/xxk/ldxqById.tag?CNNVD=CNNVD-201705-342,目前厂商已发布升级补丁以修复漏洞，补丁获取链接：https://curl.haxx.se/docs/adv_2017-12e7.html,远程,Haxx curl和libcurl 安全漏洞,
Haxx libcurl,CVE-2017-7836,Mozilla Firefox是美国Mozilla基金会开发的一款开源Web浏览器。,高危,代码问题,CNNVD-201704-799,http://www.cnnvd.org.cn/web/xxk/ldxqById.tag?CNNVD=CNNVD-201704-799,目前厂商已发布升级补丁以修复漏洞，补丁获取链接：https://www.mozilla.org/en-US/security/advisories/mfsa2017-24/,本地,Mozilla Firefox 安全漏洞,
Haxx libcurl,CVE-2017-7468,Haxx curl和libcurl都是瑞典Haxx公司的产品。curl是一套利用URL语法在命令行下工作的文件传输工具。libcurl是一个免费、开源的客户端URL传输库。,高危,信任管理问题,CNNVD-201704-1413,http://www.cnnvd.org.cn/web/xxk/ldxqById.tag?CNNVD=CNNVD-201704-1413,目前厂商已发布升级补丁以修复漏洞，补丁获取链接：https://curl.haxx.se/docs/adv_20170419.html,远程,Haxx curl/libcurl 安全漏洞,
Haxx libcurl,CVE-2017-1000257,cURL/libcURL 7.20.0版本至7.56.0版本中存在缓冲区溢出漏洞，该漏洞源于程序没有充分的对用户提交的数据执行边界检测，导致复制数据的大小超过了缓冲区的空间。攻击者可利用该漏洞获取敏感信息或造成拒绝服务。,中危,缓冲区溢出,CNNVD-201710-1271,http://www.cnnvd.org.cn/web/xxk/ldxqById.tag?CNNVD=CNNVD-201710-1271,目前厂商已发布升级补丁以修复漏洞，补丁获取链接：https://curl.haxx.se/docs/adv_20171023.html,远程,Haxx curl和libcurl 缓冲区错误漏洞,
Haxx libcurl,CVE-2017-1000254,Haxx libcurl是瑞典Haxx公司的一个免费、开源的客户端URL传输库。该库支持FTP、FTPS、TFTP、HTTP等。Haxx libcurl 7.7版本至7.55.1版本中存在安全漏洞。攻击者可利用该漏洞造成拒绝服务。,中危,缓冲区溢出,CNNVD-201710-357,http://www.cnnvd.org.cn/web/xxk/ldxqById.tag?CNNVD=CNNVD-201710-357,目前厂商已发布升级补丁以修复漏洞，补丁获取链接：https://curl.haxx.se/docs/adv_20171004.html,远程,Haxx libcurl 安全漏洞,
Haxx libcurl,CVE-2017-1000100,Haxx curl和libcurl都是瑞典Haxx公司的产品。curl是一套利用URL语法在命令行下工作的文件传输工具。libcurl是一个免费、开源的客户端URL传输库。Haxx curl/libcURL中存在基于堆的缓冲区溢出漏洞。攻击者可利用该漏洞诱使使用curl的客户端向远程服务器发送私人的内存内容。,中危,信息泄露,CNNVD-201708-672,http://www.cnnvd.org.cn/web/xxk/ldxqById.tag?CNNVD=CNNVD-201708-672,目前厂商已发布升级补丁以修复漏洞，补丁获取链接：https://curl.haxx.se/docs/adv_20170809B.html,远程,Haxx curl/libcURL 缓冲区错误漏洞,
Haxx libcurl,CVE-2017-1000099,Haxx Curl是瑞典Haxx公司的一套利用URL语法在命令行下工作的文件传输工具，该工具支持文件上传和下载，并包含一个用于程序开发的libcurl（客户端URL传输库）。Haxx Curl 7.54.1版本中存在安全漏洞。本地攻击者可利用该漏洞获取数据。,中危,信息泄露,CNNVD-201708-673,http://www.cnnvd.org.cn/web/xxk/ldxqById.tag?CNNVD=CNNVD-201708-673,目前厂商已发布升级补丁以修复漏洞，补丁获取链接：https://curl.haxx.se/docs/adv_20170809C.html,远程,Haxx Curl 安全漏洞,
Haxx libcurl,CVE-2016-9953,Haxx libcurl是瑞典Haxx公司的一个免费、开源的客户端URL传输库。该库支持FTP、FTPS、TFTP、HTTP等。Haxx libcurl 7.30.0版本至7.51.0版本中的libtls/schannel.c文件的‘verify_certificate’函数存在安全漏洞。远程攻击者可利用该漏洞造成拒绝服务（崩溃）或获取敏感信息（越边界读取）。,高危,资料不足,CNNVD-201612-712,http://www.cnnvd.org.cn/web/xxk/ldxqById.tag?CNNVD=CNNVD-201612-712,目前厂商已发布升级补丁以修复漏洞，补丁获取链接：https://curl.haxx.se/docs/adv_20161221C.html,远程,Haxx libcurl 安全漏洞,
Haxx libcurl,CVE-2016-9952,Haxx libcurl是瑞典Haxx公司的一个免费、开源的客户端URL传输库。该库支持FTP、FTPS、TFTP、HTTP等。Haxx libcurl 7.30.0版本至7.51.0版本中的lib/vtls/schannel.c文件的‘verify_certificate’函数存在安全漏洞。远程攻击者可借助服务器证书中特制的SAN利用该漏洞实施中间人攻击。,中危,资料不足,CNNVD-201612-713,http://www.cnnvd.org.cn/web/xxk/ldxqById.tag?CNNVD=CNNVD-201612-713,目前厂商已发布升级补丁以修复漏洞，补丁获取链接：https://curl.haxx.se/docs/adv_20161221B.html,远程,Haxx libcurl 安全漏洞,
Haxx libcurl,CVE-2016-9594,Haxx curl是瑞典Haxx公司的一套利用URL语法在命令行下工作的文件传输工具，该工具支持文件上传和下载，并包含一个用于程序开发的libcurl（客户端URL传输库）。,高危,资料不足,CNNVD-201612-674,http://www.cnnvd.org.cn/web/xxk/ldxqById.tag?CNNVD=CNNVD-201612-674,目前厂商已发布升级补丁以修复漏洞，补丁获取链接：https://curl.haxx.se/docs/adv_20161223.html,远程,Haxx curl 安全漏洞,
Haxx libcurl,CVE-2016-9586,Haxx curl是瑞典Haxx公司的一套利用URL语法在命令行下工作的文件传输工具，该工具支持文件上传和下载，并包含一个用于程序开发的libcurl（客户端URL传输库）。Haxx curl 7.52.0之前版本中存在缓冲区溢出漏洞，该漏洞源于程序没有充分地对用户提交的数据执行边界检查，导致程序复制数据的大小超出了分配的内存缓冲区空间。攻击者可借助特制的数据利用该漏洞在受影响程序的上下文中执行任意代码。,中危,缓冲区溢出,CNNVD-201612-626,http://www.cnnvd.org.cn/web/xxk/ldxqById.tag?CNNVD=CNNVD-201612-626,目前厂商已发布升级补丁以修复漏洞，补丁获取链接：https://curl.haxx.se/docs/adv_20161221A.html,远程,Haxx curl 缓冲区错误漏洞,
Haxx libcurl,CVE-2016-8622,Haxx libcurl是瑞典Haxx公司的一个免费、开源的客户端URL传输库。该库支持FTP、FTPS、TFTP、HTTP等。Haxx libcurl 7.51.0之前版本中的‘URL percent-encoding decode’函数存在越界写入漏洞。攻击者可利用该漏洞绕过安全限制，执行未授权操作。,高危,缓冲区错误,CNNVD-201611-096,http://www.cnnvd.org.cn/web/xxk/ldxqById.tag?CNNVD=CNNVD-201611-096,目前厂商已发布升级补丁以修复漏洞，补丁获取链接：https://curl.haxx.se/docs/adv_20161102H.html,远程,Haxx libcurl 缓冲区错误漏洞,
Haxx libcurl,CVE-2016-8618,Haxx curl是瑞典Haxx公司的一套利用URL语法在命令行下工作的文件传输工具，该工具支持文件上传和下载，并包含一个用于程序开发的libcurl（客户端URL传输库）。Haxx curl 7.51.0之前版本中‘curl_maprintf()’libcurl API函数存在双重释放漏洞。攻击者可利用该漏洞绕过安全限制，执行未授权操作。,高危,资料不足,CNNVD-201611-102,http://www.cnnvd.org.cn/web/xxk/ldxqById.tag?CNNVD=CNNVD-201611-102,目前厂商已发布升级补丁以修复漏洞，补丁获取链接：https://curl.haxx.se/docs/adv_20161102D.html,远程,Haxx curl 安全漏洞,
Haxx libcurl,CVE-2016-7167,Haxx libcurl是瑞典Haxx公司的一个免费、开源的客户端URL传输库。该库支持FTP、FTPS、TFTP、HTTP等。Haxx libcurl 7.50.3之前的版本中的多个函数（包括：curl_escape、curl_easy_escape、curl_unescape、curl_easy_unescape）存在整数溢出漏洞。攻击者可借助字符串长度‘0xffffffff’利用该漏洞造成拒绝服务。,高危,数字错误,CNNVD-201609-368,http://www.cnnvd.org.cn/web/xxk/ldxqById.tag?CNNVD=CNNVD-201609-368,目前厂商已经发布了升级补丁以修复此安全问题，补丁获取链接：https://curl.haxx.se/docs/adv_20160914.html,远程,Haxx libcurl 整数溢出漏洞,
Haxx libcurl,CVE-2016-7141,Haxx curl和libcurl都是瑞典Haxx公司的产品。curl是一套利用URL语法在命令行下工作的文件传输工具。libcurl是一个免费、开源的客户端URL传输库。Haxx curl和libcurl 7.50.2之前的版本中存在安全漏洞。远程攻击者可利用该漏洞劫持TLS连接的身份验证。,中危,授权问题,CNNVD-201609-088,http://www.cnnvd.org.cn/web/xxk/ldxqById.tag?CNNVD=CNNVD-201609-088,目前厂商已经发布了升级补丁以修复此安全问题，补丁获取链接：https://curl.haxx.se/docs/adv_20160907.html,远程,Haxx curl和libcurl 安全漏洞,
Haxx libcurl,CVE-2016-7134,PHP（PHP：Hypertext Preprocessor，PHP：超文本预处理器）是PHP Group和开放源代码社区共同维护的一种开源的通用计算机脚本语言。该语言主要用于Web开发，支持多种数据库及操作系统。PHP 7.0.10之前的7.x版本中的ext/curl/interface.c文件存在安全漏洞，该漏洞源于程序没有解决libcurl整数溢出。远程攻击者可借助长的字符串利用该漏洞造成拒绝服务（配置错误和基于堆的缓冲区溢出）。,高危,缓冲区溢出,CNNVD-201609-080,http://www.cnnvd.org.cn/web/xxk/ldxqById.tag?CNNVD=CNNVD-201609-080,目前厂商已经发布了升级补丁以修复此安全问题，补丁获取链接：http://www.php.net/ChangeLog-7.php,远程,PHP 远程基于堆的缓冲区溢出漏洞,
Haxx libcurl,CVE-2016-7133,PHP（PHP：Hypertext Preprocessor，PHP：超文本预处理器）是PHP Group和开放源代码社区共同维护的一种开源的通用计算机脚本语言。该语言主要用于Web开发，支持多种数据库及操作系统。PHP 7.0.10之前的7.x版本中的Zend/zend_alloc.c文件存在安全漏洞。当open_basedir启用时，程序错误处理大量重新分配操作，远程攻击者可借助长的路径名利用该漏洞造成拒绝服务（整数溢出）。,中危,其他,CNNVD-201609-178,http://www.cnnvd.org.cn/web/xxk/ldxqById.tag?CNNVD=CNNVD-201609-178,目前厂商已经发布了升级补丁以修复此安全问题，补丁获取链接：http://www.php.net/ChangeLog-7.php,远程,PHP Zend/zend_alloc.c文件拒绝服务漏洞,
Haxx libcurl,CVE-2016-7132,PHP（PHP：Hypertext Preprocessor，PHP：超文本预处理器）是PHP Group和开放源代码社区共同维护的一种开源的通用计算机脚本语言。该语言主要用于Web开发，支持多种数据库及操作系统。PHP 5.6.25之前版本和7.0.10之前的7.x版本中的ext/wddx/wddx.c文件存在安全漏洞。远程攻击者可借助无效的wddxPacket XML文件利用该漏洞造成拒绝服务（空指针逆向引用和应用程序崩溃）。,中危,其他,CNNVD-201609-177,http://www.cnnvd.org.cn/web/xxk/ldxqById.tag?CNNVD=CNNVD-201609-177,目前厂商已经发布了升级补丁以修复此安全问题，补丁获取链接：http://www.php.net/ChangeLog-7.php,远程,PHP ext/wddx/wddx.c文件安全漏洞,
Haxx libcurl,CVE-2016-7131,PHP（PHP：Hypertext Preprocessor，PHP：超文本预处理器）是PHP Group和开放源代码社区共同维护的一种开源的通用计算机脚本语言。该语言主要用于Web开发，支持多种数据库及操作系统。PHP 5.6.25之前版本和7.0.10之前的7.x版本中的ext/wddx/wddx.c文件存在安全漏洞。远程攻击者可借助无效的wddxPacket XML文件利用该漏洞造成拒绝服务（空指针逆向引用和应用程序崩溃）。,中危,其他,CNNVD-201609-176,http://www.cnnvd.org.cn/web/xxk/ldxqById.tag?CNNVD=CNNVD-201609-176,目前厂商已经发布了升级补丁以修复此安全问题，补丁获取链接：http://www.php.net/ChangeLog-5.php,远程,PHP ext/wddx/wddx.c文件安全漏洞,
Haxx libcurl,CVE-2016-7130,PHP（PHP：Hypertext Preprocessor，PHP：超文本预处理器）是PHP Group和开放源代码社区共同维护的一种开源的通用计算机脚本语言。该语言主要用于Web开发，支持多种数据库及操作系统。PHP 5.6.25之前版本和7.0.10之前的7.x版本中的ext/wddx/wddx.c文件中的‘php_wddx_pop_element’函数存在安全漏洞。远程攻击者可借助无效的‘base64 binary’值利用该漏洞造成拒绝服务（空指针逆向引用和应用程序崩溃）。,中危,资料不足,CNNVD-201609-072,http://www.cnnvd.org.cn/web/xxk/ldxqById.tag?CNNVD=CNNVD-201609-072,目前厂商已经发布了升级补丁以修复此安全问题，补丁获取链接：http://www.php.net/ChangeLog-5.php,远程,PHPext/wddx/wddx.c拒绝服务漏洞,
Haxx libcurl,CVE-2016-7129,PHP（PHP：Hypertext Preprocessor，PHP：超文本预处理器）是PHP Group和开放源代码社区共同维护的一种开源的通用计算机脚本语言。该语言主要用于Web开发，支持多种数据库及操作系统。PHP 5.6.25之前版本和7.0.10之前的7.x版本中的ext/wddx/wddx.c文件中的‘php_wddx_process_data’函数存在安全漏洞。远程攻击者可借助无效的ISO 860‘time'值利用该漏洞造成拒绝服务（段错误）。,高危,输入验证,CNNVD-201609-073,http://www.cnnvd.org.cn/web/xxk/ldxqById.tag?CNNVD=CNNVD-201609-073,目前厂商已经发布了升级补丁以修复此安全问题，补丁获取链接：http://www.php.net/ChangeLog-5.php,远程,PHP‘wddx_deserialize()’拒绝服务漏洞,
Haxx libcurl,CVE-2016-7128,PHP（PHP：Hypertext Preprocessor，PHP：超文本预处理器）是PHP Group和开放源代码社区共同维护的一种开源的通用计算机脚本语言。该语言主要用于Web开发，支持多种数据库及操作系统。PHP 5.6.25之前版本和7.0.10之前的7.x版本中的ext/exif/exif.c文件中的‘exif_process_IFD_in_TIFF’函数存在安全漏洞，该漏洞源于程序没有正确处理超出文件大小的缩略图偏移。远程攻击者可借助特制的TIFF图像利用该漏洞获取来自进程内存的敏感信息。,中危,信息泄露,CNNVD-201609-175,http://www.cnnvd.org.cn/web/xxk/ldxqById.tag?CNNVD=CNNVD-201609-175,目前厂商已经发布了升级补丁以修复此安全问题，补丁获取链接：http://www.php.net/ChangeLog-5.php,远程,PHP ‘exif_process_IFD_in_TIFF’函数信息泄露漏洞,
Haxx libcurl,CVE-2016-7127,PHP（PHP：Hypertext Preprocessor，PHP：超文本预处理器）是PHP Group和开放源代码社区共同维护的一种开源的通用计算机脚本语言。该语言主要用于Web开发，支持多种数据库及操作系统。PHP 5.6.25之前版本和7.0.10之前的7.x版本中的ext/gd/gd.c文件中的‘imagegammacorrect’函数存在安全漏洞，该漏洞源于程序没有正确验证‘gamma’值。远程攻击者可通过对第二和第三参数提供不同标志利用该漏洞造成拒绝服务（越边界写入）。,高危,信息泄露,CNNVD-201609-076,http://www.cnnvd.org.cn/web/xxk/ldxqById.tag?CNNVD=CNNVD-201609-076,目前厂商已经发布了升级补丁以修复此安全问题，补丁获取链接：http://www.php.net/ChangeLog-5.php,远程,PHP‘ext/gd/gd.c’信息泄露漏洞,
Haxx libcurl,CVE-2016-7126,PHP（PHP：Hypertext Preprocessor，PHP：超文本预处理器）是PHP Group和开放源代码社区共同维护的一种开源的通用计算机脚本语言。该语言主要用于Web开发，支持多种数据库及操作系统。PHP 5.6.25之前版本和7.0.10之前的7.x版本中的ext/gd/gd.c文件中的‘imagetruecolortopalette’函数存在安全漏洞，该漏洞源于程序没有正确验证颜色数量。远程攻击者可借助第三参数中的‘large'值利用该漏洞造成拒绝服务（select_colors配置错误和越边界写入）。,高危,缓冲区溢出,CNNVD-201609-074,http://www.cnnvd.org.cn/web/xxk/ldxqById.tag?CNNVD=CNNVD-201609-074,目前厂商已经发布了升级补丁以修复此安全问题，补丁获取链接：http://www.php.net/ChangeLog-5.php,远程,PHP‘ext/gd/gd.c’基于堆的缓冲区溢出漏洞,
Haxx libcurl,CVE-2016-7125,PHP（PHP：Hypertext Preprocessor，PHP：超文本预处理器）是PHP Group和开放源代码社区共同维护的一种开源的通用计算机脚本语言。该语言主要用于Web开发，支持多种数据库及操作系统。PHP 5.6.25之前版本和7.0.10之前的7.x版本中的ext/session/session.c文件中存在安全漏洞，该漏洞源于程序跳过无效的会话名而引发的错误解析。远程攻击者可通过控制会话名利用该漏洞注入任意类型的会话数据。,中危,代码注入,CNNVD-201609-079,http://www.cnnvd.org.cn/web/xxk/ldxqById.tag?CNNVD=CNNVD-201609-079,目前厂商已经发布了升级补丁以修复此安全问题，补丁获取链接：http://www.php.net/ChangeLog-5.php,远程,PHP‘ext/session/session.c’安全漏洞,
Haxx libcurl,CVE-2016-7124,PHP（PHP：Hypertext Preprocessor，PHP：超文本预处理器）是PHP Group和开放源代码社区共同维护的一种开源的通用计算机脚本语言。该语言主要用于Web开发，支持多种数据库及操作系统。PHP 5.6.25之前版本和7.0.10之前的7.x版本中的ext/standard/var_unserializer.c文件存在安全漏洞，该漏洞源于程序没有正确处理无效的对象。远程攻击者可借助特制的序列化数据利用该漏洞造成拒绝服务。,高危,其他,CNNVD-201609-075,http://www.cnnvd.org.cn/web/xxk/ldxqById.tag?CNNVD=CNNVD-201609-075,目前厂商已经发布了升级补丁以修复此安全问题，补丁获取链接：http://www.php.net/ChangeLog-5.php,远程,PHP‘__wakeup()’远程代码执行漏洞,
Haxx libcurl,CVE-2016-5421,Haxx libcurl是瑞典Haxx公司的一个免费、开源的客户端URL传输库。该库支持FTP、FTPS、TFTP、HTTP等。,高危,资源管理错误,CNNVD-201608-218,http://www.cnnvd.org.cn/web/xxk/ldxqById.tag?CNNVD=CNNVD-201608-218,目前厂商已经发布了升级补丁以修复此安全问题，补丁获取链接：https://curl.haxx.se/docs/adv_20160803C.html,远程,Haxx libcurl 释放后重用漏洞,
Haxx libcurl,CVE-2016-5420,Haxx curl和libcurl都是瑞典Haxx公司的产品。curl是一套利用URL语法在命令行下工作的文件传输工具。libcurl是一个免费、开源的客户端URL传输库。Haxx curl和libcurl 7.50.1之前的版本中存在安全漏洞，该漏洞源于程序选择再次使用TLS连接时，没有在检查客户端证书。远程攻击者可利用该漏洞劫持该连接的身份验证。,中危,资料不足,CNNVD-201608-217,http://www.cnnvd.org.cn/web/xxk/ldxqById.tag?CNNVD=CNNVD-201608-217,目前厂商已经发布了升级补丁以修复此安全问题，补丁获取链接：https://curl.haxx.se/docs/adv_20160803B.html,远程,Haxx curl和libcurl 安全漏洞,
Haxx libcurl,CVE-2016-5419,Haxx curl和libcurl都是瑞典Haxx公司的产品。curl是一套利用URL语法在命令行下工作的文件传输工具。libcurl是一个免费、开源的客户端URL传输库。Haxx curl和libcurl 7.50.1之前的版本中存在安全漏洞，该漏洞源于程序在客户端证书更改后没有阻止TLS会话的恢复。远程攻击者通过恢复的会话利用该漏洞绕过既定的限制。,中危,加密问题,CNNVD-201608-216,http://www.cnnvd.org.cn/web/xxk/ldxqById.tag?CNNVD=CNNVD-201608-216,目前厂商已经发布了升级补丁以修复此安全问题，补丁获取链接：https://curl.haxx.se/docs/adv_20160803A.html,远程,Haxx curl和libcurl 安全漏洞,
Haxx libcurl,CVE-2016-4802,Haxx curl和libcurl都是瑞典Haxx公司的产品。curl是一套利用URL语法在命令行下工作的文件传输工具。libcurl是一个免费、开源的客户端URL传输库。Haxx cURL和libcurl 7.49.1之前版本中存在不可信搜索路径漏洞。当程序使用SSPI创建并开启远程登录功能时，本地攻击者可借助应用程序或当前工作目录下的Trojan horse security.dll、secur32.dll或ws2_32.dll文件利用该漏洞执行任意代码，或实施DLL劫持攻击。,中危,权限许可和访问控制,CNNVD-201606-574,http://www.cnnvd.org.cn/web/xxk/ldxqById.tag?CNNVD=CNNVD-201606-574,目前厂商已经发布了升级补丁以修复此安全问题，补丁获取链接：https://curl.haxx.se/docs/adv_20160530.html,本地,Haxx cURL和libcurl 不可信搜索路径漏洞,
Haxx libcurl,CVE-2016-3739,Haxx curl和libcurl都是瑞典Haxx公司的产品。curl是一套利用URL语法在命令行下工作的文件传输工具。libcurl是一个免费、开源的客户端URL传输库。Haxx cURL和libcurl 7.49.0之前版本的lib/vtls/polarssl.c文件中的‘polarssl_connect_step1’函数和lib/vtls/mbedtls.c文件中的‘mbed_connect_step1’函数存在安全漏洞。当程序使用数字IP地址指定主机或使用SSLv3时，远程攻击者可借助任意有效的证书利用该漏洞伪造服务器。,低危,输入验证,CNNVD-201605-467,http://www.cnnvd.org.cn/web/xxk/ldxqById.tag?CNNVD=CNNVD-201605-467,目前厂商已经发布了升级补丁以修复此安全问题，补丁获取链接：https://curl.haxx.se/CVE-2016-3739.patch,远程,Haxx cURL和libcurl 安全漏洞,
Haxx libcurl,CVE-2016-10614,httpsync是一款用于连接Node.js和libcurl的软件包。,高危,加密问题,CNNVD-201806-087,http://www.cnnvd.org.cn/web/xxk/ldxqById.tag?CNNVD=CNNVD-201806-087,目前厂商暂未发布修复措施解决此安全问题，建议使用此软件的用户随时关注厂商主页或参考网址以获取解决办法：https://www.npmjs.com/package/httpsync,远程,httpsync 安全漏洞,
Haxx libcurl,CVE-2016-0755,Haxx libcurl是瑞典Haxx公司的一个免费、开源的客户端URL传输库。该库支持FTP、FTPS、TFTP、HTTP等。Haxx Libcurl 7.47.0之前版本的lib/url.c文件中的‘ConnectionExists’函数中存在安全漏洞，该漏洞源于程序没有正确重用NTLM-authenticated代理连接。远程攻击者可通过发送请求利用该漏洞伪装成其他用户进行身份验证。,中危,授权问题,CNNVD-201601-683,http://www.cnnvd.org.cn/web/xxk/ldxqById.tag?CNNVD=CNNVD-201601-683,目前厂商已经发布了升级补丁以修复此安全问题，补丁获取链接：http://curl.haxx.se/docs/adv_20160127A.html,远程,Haxx Libcurl 安全漏洞,
Haxx libcurl,CVE-2015-3237,Haxx curl和libcurl都是瑞典Haxx公司的产品。curl是一套利用URL语法在命令行下工作的文件传输工具。libcurl是一个免费、开源的客户端URL传输库。Haxx cURL和libcurl 7.40.0版本至7.42.1版本的‘smb_request_state’函数存在安全漏洞。远程攻击者可借助特制的长度值和偏移值利用该漏洞获取内存中的敏感信息，或造成拒绝服务（越边界读取和崩溃）。,中危,输入验证,CNNVD-201506-360,http://www.cnnvd.org.cn/web/xxk/ldxqById.tag?CNNVD=CNNVD-201506-360,目前厂商已经发布了升级补丁以修复此安全问题，补丁获取链接：http://curl.haxx.se/docs/adv_20150617B.html,远程,Haxx cURL和libcurl 输入验证漏洞,
Haxx libcurl,CVE-2015-3236,Haxx curl和libcurl都是瑞典Haxx公司的产品。curl是一套利用URL语法在命令行下工作的文件传输工具。libcurl是一个免费、开源的客户端URL传输库。Haxx cURL和libcurl 7.40.0版本至7.42.1版本中存在安全漏洞，该漏洞源于程序重新使用重置连接句柄向相同的主机名发送请求时，会发送之前的HTTP Basic身份验证证书。远程攻击者可利用该漏洞获取敏感信息。,中危,信息泄露,CNNVD-201506-359,http://www.cnnvd.org.cn/web/xxk/ldxqById.tag?CNNVD=CNNVD-201506-359,目前厂商已经发布了升级补丁以修复此安全问题，补丁获取链接：http://curl.haxx.se/docs/adv_20150617A.html,远程,Haxx cURL和libcurl 信息泄露漏洞,
Haxx libcurl,CVE-2015-3153,Haxx curl和libcurl都是瑞典Haxx公司的产品。curl是一套利用URL语法在命令行下工作的文件传输工具。libcurl是一个免费、开源的客户端URL传输库。Haxx cURL 7.42.1之前版本和libcurl 7.42.1之前版本的默认配置中存在安全漏洞，该漏洞源于程序向代理服务器和目标服务器发送自定义的HTTP头。远程攻击者可通过读取HTTP头的内容利用该漏洞获取敏感信息。,中危,信息泄露,CNNVD-201505-010,http://www.cnnvd.org.cn/web/xxk/ldxqById.tag?CNNVD=CNNVD-201505-010,目前厂商已经发布了升级补丁以修复此安全问题，补丁获取链接：http://curl.haxx.se/docs/adv_20150429.html,远程,Haxx cURL和Libcurl 信息泄露漏洞,
Haxx libcurl,CVE-2015-3148,Haxx curl和libcurl都是瑞典Haxx公司的产品。curl是一套利用URL语法在命令行下工作的文件传输工具。libcurl是一个免费、开源的客户端URL传输库。Haxx cURL和libcurl 7.10.6版本至7.41.0版本中存在安全漏洞，该漏洞源于程序没有正确重新使用授权的Negotiate连接。远程攻击者可通过发送请求利用该漏洞以其他用户的身份建立连接。,中危,,CNNVD-201504-503,http://www.cnnvd.org.cn/web/xxk/ldxqById.tag?CNNVD=CNNVD-201504-503,目前厂商已经发布了升级补丁以修复此安全问题，补丁获取链接：http://curl.haxx.se/docs/adv_20150422B.html,远程,Haxx cURL和libcurl 安全漏洞,
Haxx libcurl,CVE-2015-3145,Haxx curl和libcurl都是瑞典Haxx公司的产品。curl是一套利用URL语法在命令行下工作的文件传输工具。libcurl是一个免费、开源的客户端URL传输库。Haxx cURL和libcurl 7.31.0版本至7.41.0版本的‘sanitize_cookie_path’函数中存在安全漏洞，该漏洞源于程序没有正确计算索引。远程攻击者可借助只有双引号字符的cookie路径利用该漏洞造成拒绝服务（越边界写入和崩溃）。,高危,缓冲区溢出,CNNVD-201504-502,http://www.cnnvd.org.cn/web/xxk/ldxqById.tag?CNNVD=CNNVD-201504-502,目前厂商已经发布了升级补丁以修复此安全问题，补丁获取链接：http://curl.haxx.se/docs/adv_20150422B.html,远程,Haxx cURL和libcurl 拒绝服务漏洞,
Haxx libcurl,CVE-2015-3144,Haxx curl和libcurl都是瑞典Haxx公司的产品。curl是一套利用URL语法在命令行下工作的文件传输工具。libcurl是一个免费、开源的客户端URL传输库。Haxx cURL和libcurl 7.37.0版本至7.41.0版本的‘fix_hostname’函数中存在安全漏洞，该漏洞源于程序没有正确计算索引。远程攻击者可借助零长度的域名利用该漏洞造成拒绝服务（越边界读取或写入，崩溃）。,超危,缓冲区溢出,CNNVD-201504-501,http://www.cnnvd.org.cn/web/xxk/ldxqById.tag?CNNVD=CNNVD-201504-501,目前厂商已经发布了升级补丁以修复此安全问题，补丁获取链接：http://curl.haxx.se/docs/adv_20150422B.html,远程,Haxx cURL和libcurl 拒绝服务漏洞,
Haxx libcurl,CVE-2015-3143,Haxx curl和libcurl都是瑞典Haxx公司的产品。curl是一套利用URL语法在命令行下工作的文件传输工具。libcurl是一个免费、开源的客户端URL传输库。Haxx cURL和libcurl 7.10.6版本至7.41.0版本中存在安全漏洞，该漏洞源于程序没有正确重用NTLM连接。远程攻击者可通过发送未授权的请求利用该漏洞以其他用户的身份建立连接。,中危,权限许可和访问控制,CNNVD-201504-500,http://www.cnnvd.org.cn/web/xxk/ldxqById.tag?CNNVD=CNNVD-201504-500,目前厂商已经发布了升级补丁以修复此安全问题，补丁获取链接：http://curl.haxx.se/docs/adv_20150422B.html,远程,Haxx cURL和libcurl 安全漏洞,
Haxx libcurl,CVE-2014-8151,Haxx libcurl是瑞典Haxx公司的一个免费、开源的客户端URL传输库。该库支持FTP、FTPS、TFTP、HTTP等。Haxx libcurl 7.31.0版本至7.39.0版本的lib/vtls/curl_darwinssl.c文件中的‘darwinssl_connect_step1’函数存在安全漏洞，当程序使用DarwinSSL back-end时，没有正确验证TLS会话的证书。攻击者可借助特制的证书利用该漏洞实施中间人攻击，欺骗服务器。,中危,其他,CNNVD-201501-335,http://www.cnnvd.org.cn/web/xxk/ldxqById.tag?CNNVD=CNNVD-201501-335,目前厂商已经发布了升级补丁以修复此安全问题，补丁获取链接：http://curl.haxx.se/changes.html,远程,Haxx libcurl 安全漏洞,
Haxx libcurl,CVE-2014-8150,Haxx libcurl是瑞典Haxx公司的一个免费、开源的客户端URL传输库。该库支持FTP、FTPS、TFTP、HTTP等。Haxx libcurl 6.0版本至7.39版本中存在CRLF注入漏洞。当程序使用HTTP代理时，远程攻击者可借助URL中的CRLF序列利用该漏洞注入任意HTTP头，实施HTTP响应拆分攻击。,中危,其他,CNNVD-201501-208,http://www.cnnvd.org.cn/web/xxk/ldxqById.tag?CNNVD=CNNVD-201501-208,目前厂商已经发布了升级补丁以修复此安全问题，补丁获取链接：http://curl.haxx.se/changes.html,远程,Haxx libcurl CRLF注入漏洞,
Haxx libcurl,CVE-2014-3707,Haxx libcurl是瑞典Haxx公司的一个免费、开源的客户端URL传输库。该库支持FTP、FTPS、TFTP、HTTP等。Haxx Libcurl 7.17.1版本至7.38.0版本的‘curl_easy_duphandle’函数中存在安全漏洞，该漏洞源于程序使用CURLOPT_COPYPOSTFIELDS选项时，没有为‘easy handle’复制HTTP POST数据。远程攻击者可利用该漏洞读取敏感的内存信息。,中危,信息泄露,CNNVD-201411-224,http://www.cnnvd.org.cn/web/xxk/ldxqById.tag?CNNVD=CNNVD-201411-224,目前厂商已经发布了升级补丁以修复此安全问题，补丁获取链接：http://curl.haxx.se/docs/adv_20141105.html,远程,Haxx Libcurl 堆内存损坏漏洞,
Haxx libcurl,CVE-2014-3620,Haxx curl和libcurl都是瑞典Haxx公司的产品。curl是一套利用URL语法在命令行下工作的文件传输工具。libcurl是一个免费、开源的客户端URL传输库。Haxx cURL和libcurl 7.37.1及之前版本中存在安全漏洞。远程攻击者可通过为top-level域设置cookie利用该漏洞绕过同源策略并为任意站点设置cookie。,中危,加密问题,CNNVD-201410-1260,http://www.cnnvd.org.cn/web/xxk/ldxqById.tag?CNNVD=CNNVD-201410-1260,目前厂商已经发布了升级补丁以修复此安全问题，补丁获取链接：http://curl.haxx.se/docs/adv_20140910B.html,远程,Haxx cURL和libcurl 加密问题漏洞,
Haxx libcurl,CVE-2014-3613,Haxx curl和libcurl都是瑞典Haxx公司的产品。curl是一套利用URL语法在命令行下工作的文件传输工具。libcurl是一个免费、开源的客户端URL传输库。Haxx cURL和libcurl 7.37.1及之前版本中存在安全漏洞，该漏洞源于程序没有正确处理cookie域名中的IP地址。远程攻击者可利用该漏洞为特定站点设置cookie，或向特定站点发送任意cookie。,中危,加密问题,CNNVD-201410-1276,http://www.cnnvd.org.cn/web/xxk/ldxqById.tag?CNNVD=CNNVD-201410-1276,目前厂商已经发布了升级补丁以修复此安全问题，补丁获取链接：http://curl.haxx.se/docs/adv_20140910A.html,远程,Haxx cURL和libcurl 加密问题漏洞,
Haxx libcurl,CVE-2014-2522,Haxx Haxx curl和libcurl都是瑞典Haxx公司的产品。curl是一套利用URL语法在命令行下工作的文件传输工具。libcurl是一个免费、开源的客户端URL传输库。Haxx CURL和Libcurl 7.27.0至7.35.0版本中存在安全漏洞，该漏洞源于当运行在Windows平台并使用SChannel/Winssl TLS后台程序时，程序没有正确验证X.509证书。攻击者可借助任意有效的证书利用该漏洞实施中间人攻击欺骗服务器。,中危,输入验证,CNNVD-201404-384,http://www.cnnvd.org.cn/web/xxk/ldxqById.tag?CNNVD=CNNVD-201404-384,目前厂商已经发布了升级补丁以修复此安全问题，补丁获取链接：http://curl.haxx.se/docs/adv_20140326D.html,远程,Haxx CURL和Libcurl 输入验证漏洞,
Haxx libcurl,CVE-2014-1263,Apple OS X是美国苹果（Apple）公司为Mac计算机所开发的一套专用操作系统。Apple OS X 10.9.1及之前的版本中存在安全漏洞，该漏洞源于使用curl连接到含有IP地址的HTTPS URL时，该IP地址无法通过证书验证。拥有特权网络地位的攻击者可拦截用户凭证或其他敏感信息。,中危,加密问题,CNNVD-201402-454,http://www.cnnvd.org.cn/web/xxk/ldxqById.tag?CNNVD=CNNVD-201402-454,目前厂商已经发布了升级补丁以修复此安全问题，补丁获取链接：http://support.apple.com/kb/HT6150,远程,Apple OS X 加密问题漏洞,
Haxx libcurl,CVE-2014-0139,Haxx Haxx curl和libcurl都是瑞典Haxx公司的产品。curl是一套利用URL语法在命令行下工作的文件传输工具。libcurl是一个免费、开源的客户端URL传输库。Haxx cURL和libcurl 7.36.0之前的7.1版本中存在安全漏洞，该漏洞源于程序没有正确验证包含文字IP地址的通配符SSL证书。攻击者可通过特制的证书利用该漏洞实施中间人攻击，欺骗SSL服务器。,中危,加密问题,CNNVD-201404-213,http://www.cnnvd.org.cn/web/xxk/ldxqById.tag?CNNVD=CNNVD-201404-213,目前厂商已经发布了升级补丁以修复此安全问题，补丁获取链接：http://curl.haxx.se/docs/adv_20140326B.html,远程,Haxx cURL和libcurl 加密问题漏洞,
Haxx libcurl,CVE-2014-0138,Haxx Haxx curl和libcurl都是瑞典Haxx公司的产品。curl是一套利用URL语法在命令行下工作的文件传输工具。libcurl是一个免费、开源的客户端URL传输库。Haxx cURL和libcurl 7.36.0之前的7.10.6版本的默认配置中存在安全漏洞，该漏洞源于程序再次使用多个连接（包括：SCP、SFTP、POP3、POP3S、IMAP、IMAPS、SMTP、SMTPS、LDAP、LDAPS）。攻击者可通过发送请求利用该漏洞连接其他用户。,中危,授权问题,CNNVD-201404-212,http://www.cnnvd.org.cn/web/xxk/ldxqById.tag?CNNVD=CNNVD-201404-212,目前厂商已经发布了升级补丁以修复此安全问题，补丁获取链接：http://curl.haxx.se/docs/adv_20140326A.html,远程,Haxx cURL和libcurl 安全漏洞,
Haxx libcurl,CVE-2014-0015,Haxx Haxx curl和libcurl都是瑞典Haxx公司的产品。curl是一套利用URL语法在命令行下工作的文件传输工具。libcurl是一个免费、开源的客户端URL传输库。cURL和libcurl 7.10.6至7.34.0版本中存在安全漏洞。该漏洞源于当使用多个身份验证方法时，应用程序重新使用NTLM连接。攻击者可通过发送请求利用该漏洞以其他用户的凭证执行某些操作。,中危,授权问题,CNNVD-201402-013,http://www.cnnvd.org.cn/web/xxk/ldxqById.tag?CNNVD=CNNVD-201402-013,目前厂商已经发布了升级补丁以修复此安全问题，补丁获取链接：http://curl.haxx.se/docs/adv_20140129.html,远程,Haxx cURL和libcurl 授权问题漏洞,
Haxx libcurl,CVE-2013-6422,Haxx libcurl是瑞典Haxx公司的一个免费、开源的客户端URL传输库。该库支持FTP、FTPS、TFTP、HTTP等。Libcurl 7.21.4至7.33.0版本中的GnuTLS后台中存在输入验证漏洞，当禁用数字签名验证(CURLOPT_SSL_VERIFYPEER)时，程序没有正确验证CN和SAN主机名字段。远程攻击者可利用该漏洞欺骗服务器，并实施中间人(MITM)攻击。,中危,输入验证,CNNVD-201312-467,http://www.cnnvd.org.cn/web/xxk/ldxqById.tag?CNNVD=CNNVD-201312-467,目前厂商已经发布了升级补丁以修复此安全问题，补丁获取链接：http://curl.haxx.se/docs/adv_20131217.html,远程,Haxx Libcurl GnuTLS 输入验证漏洞,
Haxx libcurl,CVE-2013-4545,Haxx Haxx curl和libcurl都是瑞典Haxx公司的产品。curl是一套利用URL语法在命令行下工作的文件传输工具。libcurl是一个免费、开源的客户端URL传输库。cURL和libcurl 7.18.0至7.32.0版本中存在安全绕过漏洞，该漏洞源于当禁用数字签名(CURLOPT_SSL_VERIFYPEER)时，cURL工具同时禁用SSL证书主机名检查。攻击者可通过实施中间人攻击利用该漏洞借助特制的证书欺骗SSL服务器。,中危,加密问题,CNNVD-201311-372,http://www.cnnvd.org.cn/web/xxk/ldxqById.tag?CNNVD=CNNVD-201311-372,目前厂商已经发布了升级补丁以修复此安全问题，补丁获取链接：http://curl.haxx.se/docs/adv_20131115.html,远程,Haxx cURL/libcurl 安全绕过漏洞,
Haxx libcurl,CVE-2013-2174,Haxx curl是瑞典Haxx公司的一套利用URL语法在命令行下工作的文件传输工具，该工具支持文件上传和下载，并包含一个用于程序开发的libcurl（客户端URL传输库）。,中危,缓冲区错误,CNNVD-201306-456,http://www.cnnvd.org.cn/web/xxk/ldxqById.tag?CNNVD=CNNVD-201306-456,目前厂商已经发布了升级补丁以修复此安全问题，补丁获取链接：http://curl.haxx.se/docs/adv_20130622.html,远程,cURL/libcURL ‘curl_easy_unescape()’堆内存破坏漏洞,
Haxx libcurl,CVE-2013-1944,Haxx curl是瑞典Haxx公司的一套利用URL语法在命令行下工作的文件传输工具，该工具支持文件上传和下载，并包含一个用于程序开发的libcurl（客户端URL传输库）。Haxx libcurl是瑞典Haxx公司的一个免费、开源的客户端URL传输库。该库支持FTP、FTPS、TFTP、HTTP等。cURL和libcurl 7.30.0之前的版本中的cookie.c中的‘tailMatch’函数中存在漏洞，该漏洞源于当发送cookies时程序时未正确匹配路径域。远程攻击者可通过在URL的域中匹配后缀利用该漏洞窃取cookies。,中危,信息泄露,CNNVD-201304-209,http://www.cnnvd.org.cn/web/xxk/ldxqById.tag?CNNVD=CNNVD-201304-209,目前厂商已经发布了升级补丁以修复此安全问题，补丁获取链接：http://rhn.redhat.com/errata/RHSA-2013-0771.html,远程,curl / libcURL ‘tailmatch()’ Cookie 信息泄露漏洞,
Haxx libcurl,CVE-2013-0249,Haxx curl是瑞典Haxx公司的一套利用URL语法在命令行下工作的文件传输工具，该工具支持文件上传和下载，并包含一个用于程序开发的libcurl（客户端URL传输库）。curl和libcurl 7.26.0至7.28.1版本中的lib/curl_sasl.c中的‘Curl_sasl_create_digest_md5_message’函数中存在基于栈的缓冲区溢出漏洞。当协商SASL DIGEST-MD5身份认证时，通过在(1)POP3(2)SMTP或(3)IMAP消息中的realm参数中加入较长的字符串，远程攻击者利用该漏洞导致拒绝服务（崩溃）并执行任意代码。,高危,缓冲区溢出,CNNVD-201302-360,http://www.cnnvd.org.cn/web/xxk/ldxqById.tag?CNNVD=CNNVD-201302-360,目前厂商已经发布了升级补丁以修复此安全问题，补丁获取链接：http://blog.volema.com/curl-rce.html,远程,cURL/libcURL ‘Curl_sasl_create_digest_md5_message()’栈缓冲区溢出漏洞,
Haxx libcurl,CVE-2012-6086,Zabbix是拉脱维亚Zabbix SIA公司的一套开源的监控系统。该系统可监视各种网络参数，并提供通知机制让系统管理员快速定位、解决存在的各种问题。Zabbix中的libs/zbxmedia/eztexting.c文件中存在安全漏洞，该漏洞源于程序没有正确设置libcurl库的CURLOPT_SSL_VERIFYHOST选项。攻击者可借助任意有效的证书利用该漏洞实施中间人攻击欺骗SSL服务器。以下版本受到影响：Zabbix 1.8.18rc1之前的1.8.x版本，2.0.8rc1之前的2.0.x版本，2.1.2之前的2.1.x版本。,中危,加密问题,CNNVD-201301-049,http://www.cnnvd.org.cn/web/xxk/ldxqById.tag?CNNVD=CNNVD-201301-049,目前厂商已经发布了升级补丁以修复此安全问题，补丁获取链接：https://support.zabbix.com/browse/ZBX-5924,远程,Zabbix ‘cURL’ API加密问题漏洞,
Haxx libcurl,CVE-2012-6070,Falcon是一款嵌入式编程语言。Falconpl是一款可用于运行独立脚本和应用程序的命令行工具。Falconpl 0.9.6.9-git20120606之前版本中存在安全漏洞，该漏洞源于程序没有正确使用libcurl API。远程攻击者可利用该漏洞干扰安全检查。,高危,输入验证错误,CNNVD-201911-1157,http://www.cnnvd.org.cn/web/xxk/ldxqById.tag?CNNVD=CNNVD-201911-1157,目前厂商已发布升级补丁以修复漏洞，详情请关注厂商主页：http://www.falconpl.org/,远程,Falcon 输入验证错误漏洞,
Haxx libcurl,CVE-2012-5582,OpenDNSSEC是OpenDNSSEC团队的一款用于管理计算机上域名安全性的开源程序。OpenDNSSEC中存在安全漏洞，该漏洞源于程序没有正确使用libcurl API。目前尚无此漏洞的相关信息，请随时关注CNNVD或厂商公告。,超危,输入验证错误,CNNVD-201911-1333,http://www.cnnvd.org.cn/web/xxk/ldxqById.tag?CNNVD=CNNVD-201911-1333,目前厂商暂未发布修复措施解决此安全问题，建议使用此软件的用户随时关注厂商主页或参考网址以获取解决办法：https://www.opendnssec.org/,远程,OpenDNSSEC 输入验证错误漏洞,
Haxx libcurl,CVE-2012-0036,cURL是命令行传输文件工具，支持FTP、FTPS、HTTP、HTTPS、GOPHER、TELNET、DICT、FILE和LDAP。cURL/libcURL 7.20.0至7.23.1版本中存在输入验证漏洞，攻击者可利用该漏洞向基于libcURL的应用程序中注入任意数据。该漏洞影响下列协议：IMAP、POP3和 SMTP。攻击成功将允许攻击者执行未授权操作，例如欺骗POP3客户端删除信息，或SMTP服务器发送意外信息，也可能执行其它攻击。,高危,SQL注入,CNNVD-201202-015,http://www.cnnvd.org.cn/web/xxk/ldxqById.tag?CNNVD=CNNVD-201202-015,目前厂商已经发布了升级补丁以修复此安全问题，补丁获取链接：http://curl.haxx.se/download.html,远程,cURL/libcURL SQL注入漏洞,
Haxx libcurl,CVE-2011-2192,Libcurl为一个免费开源的，客户端url传输库，支持FTP，FTPS，TFTP，HTTP，HTTPS，GOPHER，TELNET，DICT，FILE和LDAP。,中危,信任管理问题,CNNVD-201106-322,http://www.cnnvd.org.cn/web/xxk/ldxqById.tag?CNNVD=CNNVD-201106-322,目前厂商已经发布了升级补丁以修复此安全问题，补丁获取链接：http://www.ubuntu.com/usn/USN-1158-1/,远程,cURL GSSAPI证书授权漏洞,
Haxx libcurl,CVE-2010-0734,cURL是命令行传输文件工具，支持FTP、FTPS、HTTP、HTTPS、GOPHER、TELNET、DICT、FILE和LDAP。在下载数据时，libcurl库使用客户端软件所注册的回调函数将数据传送给应用程序，在完成传输之前会反复的调用该函数。回调函数可接收的最大数据大小为16K(CURL_MAX_WRITE_SIZE)。,中危,权限许可和访问控制,CNNVD-201003-254,http://www.cnnvd.org.cn/web/xxk/ldxqById.tag?CNNVD=CNNVD-201003-254,目前厂商已经发布了升级补丁以修复这个安全问题，请到厂商的主页下载：http://curl.haxx.se/libcurl-contentencoding.patch,远程,cURL/libcURL CURLOPT_ENCODING选项缓冲区溢出漏洞,
Haxx libcurl,CVE-2009-4355,OpenSSL是OpenSSL团队开发的一个开源的能够实现安全套接层（SSL v2/v3）和安全传输层（TLS v1）协议的通用加密库，它支持多种加密算法，包括对称密码、哈希算法、安全散列算法等。OpenSSL 0.9.8及之前版本和1.0.0 Beta至Beta 4版本的crypto/comp/c_zlib.c中的zlib_stateful_finish函数存在资源管理错误漏洞。远程攻击者可借助触发CRYPTO_cleanup_all_ex_data函数错误调用的向量利用该漏洞导致拒绝服务（内存破坏）。,中危,资源管理错误,CNNVD-201001-130,http://www.cnnvd.org.cn/web/xxk/ldxqById.tag?CNNVD=CNNVD-201001-130,目前厂商已经发布了升级补丁以修复这个安全问题，补丁下载链接：Ubuntu Ubuntu Linux 9.10 sparc,远程,OpenSSL 资源管理错误漏洞,
Haxx libcurl,CVE-2009-2417,cURL是命令行传输文件工具，支持FTP、FTPS、HTTP、HTTPS、GOPHER、TELNET、DICT、FILE和LDAP。cURL的OpenSSL接口代码在处理包含有空字符(＼0)的证书字段时错误地将空字符处理为截止字符，因此只会验证空字符前的部分。例如，对于类似于以下的名称：example.com＼0.haxx.se,高危,加密问题,CNNVD-200908-178,http://www.cnnvd.org.cn/web/xxk/ldxqById.tag?CNNVD=CNNVD-200908-178,,远程,cURL/libcURL空字符CA绕过SSL证书验证漏洞,
Haxx libcurl,CVE-2009-0037,cURL是命令行传输文件工具，支持FTP、FTPS、HTTP、HTTPS、GOPHER、TELNET、DICT、FILE和LDAP。跟随HTTP Location：的cURL会重新定向到scp：或file：// URL，因此如果用户点击了特制的重新定向URL的话(例如libcurl客户端读取RSS源)，恶意的HTTP服务器就可以覆盖或泄露任意本地文件系统的内容，或执行任意命令。,中危,跨站请求伪造,CNNVD-200903-079,http://www.cnnvd.org.cn/web/xxk/ldxqById.tag?CNNVD=CNNVD-200903-079,目前厂商已经发布了升级补丁以修复这个安全问题，补丁下载链接：http://curl.haxx.se/download/curl-7.19.4.zip,远程,cURL/libcURL HTTP Location:重新定向绕过安全限制漏洞,
Haxx libcurl,CVE-2007-4850,PHP 5.2.4和5.2.5中cURL库(又名libcurl)的curl/interface.c文件存在安全设置绕过漏洞，远程攻击者可以通过一个文件file：// request包含＼ x00序列绕过文件的safe_mode和open_basedir限制，读取任意文件。     不同于CVE-2006-2563漏洞。,中危,权限许可和访问控制,CNNVD-200801-377,http://www.cnnvd.org.cn/web/xxk/ldxqById.tag?CNNVD=CNNVD-200801-377,目前厂商还没有提供补丁或者升级程序，建议使用此软件的用户随时关注厂商的主页以获取最新版本http://www.yassl.com/,远程,PHP cURL library curl/interface.c安全设置绕过漏洞,
Haxx libcurl,CVE-2007-3564,"libcurl 7.14.0版本至7.16.3版本,当具有GnuTLS支持时,没有检测SSL/TLS证书是否过期或激活日期，这会允许远程攻击者绕过某些访问限制。",高危,访问验证错误,CNNVD-200707-365,http://www.cnnvd.org.cn/web/xxk/ldxqById.tag?CNNVD=CNNVD-200707-365,,远程,Curl GnuTLS 证书校验访问验证漏洞,
Haxx libcurl,CVE-2006-2563,PHP 4.4.2和5.1.4中的cURL library (libcurl)可以使攻击者借助包含空字符的file：// 请求，绕过安全模式并读取文件。,低危,输入验证,CNNVD-200605-502,http://www.cnnvd.org.cn/web/xxk/ldxqById.tag?CNNVD=CNNVD-200605-502,,本地,PHP cURL library  空字符请求 访问控制绕过漏洞,
Haxx libcurl,CVE-2006-1061,在cURL and libcURL 7.15.0至7.15.2中的基于堆的缓冲区溢出，可以让远程攻击者通过带一个有效主机名和长路径的TFTP URL (tftp：//)来执行任意命令。,高危,缓冲区溢出,CNNVD-200603-356,http://www.cnnvd.org.cn/web/xxk/ldxqById.tag?CNNVD=CNNVD-200603-356,目前厂商已经发布了升级补丁以修复这个安全问题，补丁下载链接：Daniel Stenberg curl 7.15,远程,cURL / libcURL TFTP URL Parser缓冲区溢出漏洞,
Haxx libcurl,CVE-2005-4077,"cURL是命令行传输文件工具，支持FTP、FTPS、HTTP、HTTPS、GOPHER、TELNET、DICT、FILE和LDAP。libcurl在解析URL时存在溢出漏洞，攻击者可以利用这个漏洞绕过PHP的safe_mode/open_basedir限制，或从apache内存窃取本地SSL证书。libcurl在解析URL时首先会为主机名和路径部分分配特定的缓冲区。如果URL较短的话，会为每个缓冲区至少分配256个字节；如果输入URL超过了256字节限制的话，libcurl就会分配2个缓冲区，大小为输入URL的长度。然后一些sscanf调用会解析URL。畸形的URL会导致sscanf将完整的输入URL拷贝到主机或路径缓冲区。由于最初的分配没有为0字节分配额外的空间，这可能导致大小差一(off-by-one)的情况。尽管这种溢出已经可以控制某些malloc()/free()的实现，攻击者还可以通过有""?""的主机名导致两个字节的溢出。如果libcurl发现主机名中存在""?""的话，就会认定为畸形URL，并未经任何大小检查便在其前面添加路径分隔符""/""。",中危,数字错误,CNNVD-200512-121,http://www.cnnvd.org.cn/web/xxk/ldxqById.tag?CNNVD=CNNVD-200512-121,目前厂商已经发布了升级补丁以修复此安全问题，补丁获取链接：http://curl.haxx.se/download/curl-7.15.1.tar.gz,本地,cURL/libcURL URL解析器缓冲区溢出漏洞,
Haxx libcurl,CVE-2005-3185,GNU wget是用于使用HTTP、HTTPS和FTP协议检索文件的免费软件包；curl是使用URL语法传输文件的命令行工具。wget 1.10， curl 7.13.2，libcurl 7.13 'http-ntlm.c'文件中的ntlm-output 函数存在栈溢出漏洞，当NTLMS设置成启用状态时，允许攻击者通过长NTLM用户名执行任意代码。,高危,缓冲区溢出,CNNVD-200510-079,http://www.cnnvd.org.cn/web/xxk/ldxqById.tag?CNNVD=CNNVD-200510-079,目前厂商已经发布了升级补丁以修复此安全问题，补丁获取链接：http://labs.idefense.com/intelligence/vulnerabilities/display.php?id=322,远程,多家厂商Wget/Curl NTLM用户名处理溢出漏洞,
Haxx libcurl,CVE-2005-0490,cURL是命令行传输文件工具，支持FTP、FTPS、HTTP、HTTPS、GOPHER、TELNET、DICT、FILE和LDAP。cURL在处理Kerberos验证时存在一个基于栈的缓冲区溢出，远程攻击者可以利用这个漏洞以进程权限在系统上执行任意指令。,中危,缓冲区溢出,CNNVD-200505-184,http://www.cnnvd.org.cn/web/xxk/ldxqById.tag?CNNVD=CNNVD-200505-184,"目前厂商已经发布了升级补丁以修复此安全问题，补丁获取链接：http://curl.haxx.se/"" target=""_blank""",远程,多个UNIX/LINUX厂商cURL/libcURL Kerberos验证缓冲区溢出漏洞,
jQuery,CVE-2020-7656,jQuery是美国John Resig程序员的一套开源、跨浏览器的JavaScript库。该库简化了HTML与JavaScript之间的操作，并具有模块化、插件扩展等特点。jquery 1.9.0之前版本中存在跨站脚本漏洞。该漏洞源于WEB应用缺少对客户端数据的正确验证。攻击者可利用该漏洞执行客户端代码。,中危,跨站脚本,CNNVD-202005-968,http://www.cnnvd.org.cn/web/xxk/ldxqById.tag?CNNVD=CNNVD-202005-968,目前厂商已发布升级补丁以修复漏洞，详情请关注厂商主页：https://jquery.com/,远程,jQuery 跨站脚本漏洞,
jQuery,CVE-2020-6978,jQuery是美国John Resig程序员的一套开源、跨浏览器的JavaScript库。该库简化了HTML与JavaScript之间的操作，并具有模块化、插件扩展等特点。Honeywell WIN-PAK 4.7.2_b1072.3.4之前版本中存在安全漏洞，该漏洞源于程序使用了旧的jQuery库。远程攻击者可利用该漏洞对系统进行攻击。,高危,其他,CNNVD-202002-1155,http://www.cnnvd.org.cn/web/xxk/ldxqById.tag?CNNVD=CNNVD-202002-1155,目前厂商已发布升级补丁以修复漏洞，详情请关注厂商主页：https://www.honeywell.com/,远程,Honeywell WIN-PAK 安全漏洞,
jQuery,CVE-2020-11023,jQuery是美国John Resig程序员的一套开源、跨浏览器的JavaScript库。该库简化了HTML与JavaScript之间的操作，并具有模块化、插件扩展等特点。jQuery 1.0.3版本至3.5.0之前版本中存在跨站脚本漏洞。该漏洞源于WEB应用缺少对客户端数据的正确验证。攻击者可利用该漏洞执行客户端代码。,中危,跨站脚本,CNNVD-202004-2420,http://www.cnnvd.org.cn/web/xxk/ldxqById.tag?CNNVD=CNNVD-202004-2420,目前厂商已发布升级补丁以修复漏洞，补丁获取链接：https://jquery.com/upgrade-guide/3.5/,远程,jQuery 跨站脚本漏洞,
jQuery,CVE-2020-11022,jQuery是美国John Resig程序员的一套开源、跨浏览器的JavaScript库。该库简化了HTML与JavaScript之间的操作，并具有模块化、插件扩展等特点。jQuery 1.2版本至3.5.0之前版本中存在跨站脚本漏洞。该漏洞源于WEB应用缺少对客户端数据的正确验证。攻击者可利用该漏洞执行客户端代码。,中危,跨站脚本,CNNVD-202004-2429,http://www.cnnvd.org.cn/web/xxk/ldxqById.tag?CNNVD=CNNVD-202004-2429,目前厂商已发布升级补丁以修复漏洞，补丁获取链接：https://blog.jquery.com/2020/04/10/jquery-3-5-0-released/,远程,jQuery 跨站脚本漏洞,
jQuery,CVE-2019-9951,Western Digital My Cloud等都是美国西部数据（Western Digital）公司的一款个人存储设备。多款Western Digital产品中存在安全漏洞。攻击者可利用该漏洞访问web/jquery/uploader/uploadify.php页面，上传任意文件。以下产品受到影响：Western Digital My Cloud；My Cloud Mirror Gen2；My Cloud EX2 Ultra；My Cloud EX2100；My Cloud EX4100；My Cloud DL2100；My Cloud DL4100；My Cloud PR2100；My Cloud PR4100。,超危,代码问题,CNNVD-201904-1121,http://www.cnnvd.org.cn/web/xxk/ldxqById.tag?CNNVD=CNNVD-201904-1121,目前厂商已发布升级补丁以修复漏洞，补丁获取链接：https://support.wdc.com/downloads.aspx?g=2702&lang=en,远程,多款Western Digital产品代码问题漏洞,
jQuery,CVE-2019-8121,Magento是美国Magento公司的一套开源的PHP电子商务系统。该系统提供权限管理、搜索引擎和支付网关等功能。Magento 2.1.19之前的2.1版本、2.2.10之前的2.2版本和2.3.3之前的2.3版本中存在安全漏洞。目前尚无此漏洞的相关信息，请随时关注CNNVD或厂商公告。,超危,其他,CNNVD-201910-562,http://www.cnnvd.org.cn/web/xxk/ldxqById.tag?CNNVD=CNNVD-201910-562,目前厂商已发布升级补丁以修复漏洞，补丁获取链接：https://magento.com/security/patches/magento-2.3.3-and-2.2.10-security-update,远程,Magento 安全漏洞,
jQuery,CVE-2019-13488,Trape是一套开源的互联网跟踪识别工具。该工具能够对会话进行远程识别，模拟钓鱼攻击。Trape 2019-05-08及之前版本中的static/js/trape.js文件存在跨站脚本漏洞。该漏洞源于WEB应用缺少对客户端数据的正确验证。攻击者可利用该漏洞执行客户端代码。,中危,跨站脚本,CNNVD-201907-610,http://www.cnnvd.org.cn/web/xxk/ldxqById.tag?CNNVD=CNNVD-201907-610,目前厂商暂未发布修复措施解决此安全问题，建议使用此软件的用户随时关注厂商主页或参考网址以获取解决办法：https://github.com/jofpin/trape,远程,Trape 跨站脚本漏洞,
jQuery,CVE-2019-12308,Django是Django基金会的一套基于Python语言的开源Web应用框架。该框架包括面向对象的映射器、视图系统、模板系统等。Django 1.11.21之前的1.11版本、2.1.9之前的2.1版本和2.2.2之前的2.2版本中存在跨站脚本漏洞。该漏洞源于WEB应用缺少对客户端数据的正确验证。攻击者可利用该漏洞执行客户端代码。,中危,跨站脚本,CNNVD-201906-021,http://www.cnnvd.org.cn/web/xxk/ldxqById.tag?CNNVD=CNNVD-201906-021,目前厂商已发布升级补丁以修复漏洞，补丁获取链接：https://www.djangoproject.com/weblog/2019/jun/03/security-releases/,远程,Django 跨站脚本漏洞,
jQuery,CVE-2019-11358,jQuery是美国John Resig程序员的一套开源、跨浏览器的JavaScript库。该库简化了HTML与JavaScript之间的操作，并具有模块化、插件扩展等特点。jQuery 3.4.0之前版本中存在跨站脚本漏洞，该漏洞源于WEB应用缺少对客户端数据的正确验证。攻击者可利用该漏洞执行客户端代码。,中危,跨站脚本,CNNVD-201904-948,http://www.cnnvd.org.cn/web/xxk/ldxqById.tag?CNNVD=CNNVD-201904-948,目前厂商已发布升级补丁以修复漏洞，补丁获取链接：https://blog.jquery.com/2019/04/10/jquery-3-4-0-released/,远程,jQuery 跨站脚本漏洞,
jQuery,CVE-2019-1010113,Premium Software CLEditor 1.4.5及之前版本中的jQuery插件存在跨站脚本漏洞。该漏洞源于WEB应用缺少对客户端数据的正确验证。攻击者可利用该漏洞执行客户端代码。,中危,跨站脚本,CNNVD-201907-1118,http://www.cnnvd.org.cn/web/xxk/ldxqById.tag?CNNVD=CNNVD-201907-1118,目前厂商暂未发布修复措施解决此安全问题，建议使用此软件的用户随时关注厂商主页或参考网址以获取解决办法：https://premiumsoftware.net/,远程,Premium Software CLEditor jQuery插件跨站脚本漏洞,
jQuery,CVE-2018-9208,jQuery Picture Cut是一款用于处理图像的jQuery插件。该产品具有图片上传和图片裁剪?功能。jQuery Picture Cut 1.1Beta及之前的版本中的/src/php/upload.php文件存在任意文件上传漏洞，该漏洞源于程序没有检查文件类型。攻击者可利用该漏洞向服务器上传任意可执行的PHP文件，执行任意代码。,高危,输入验证,CNNVD-201811-077,http://www.cnnvd.org.cn/web/xxk/ldxqById.tag?CNNVD=CNNVD-201811-077,目前厂商暂未发布修复措施解决此安全问题，建议使用此软件的用户随时关注厂商主页或参考网址以获取解决办法：https://github.com/tuyoshivinicius/jQuery-Picture-Cut,远程,jQuery Picture Cut 输入验证漏洞,
jQuery,CVE-2018-9207,jQuery Upload File是一款基于jQuery的文件上传插件。jQuery Upload File 4.0.2及之前版本中存在安全漏洞，该漏洞源于程序没有检测文件类型或进行身份验证。攻击者可利用该漏洞向/uploads/目录上传可执行文件,高危,资料不足,CNNVD-201811-598,http://www.cnnvd.org.cn/web/xxk/ldxqById.tag?CNNVD=CNNVD-201811-598,目前厂商暂未发布修复措施解决此安全问题，建议使用此软件的用户随时关注厂商主页或参考网址以获取解决办法：https://github.com/hayageek/jquery-upload-file/,远程,jQuery Upload File 安全漏洞,
jQuery,CVE-2018-9206,Blueimp jQuery-File-Upload是一款支持多种语言的文件上传工具，它包括文件选择、文件拖放、进度条显示和图像预览等功能。,超危,代码问题,CNNVD-201810-561,http://www.cnnvd.org.cn/web/xxk/ldxqById.tag?CNNVD=CNNVD-201810-561,目前厂商暂未发布修复措施解决此安全问题，建议使用此软件的用户随时关注厂商主页或参考网址以获取解决办法：https://github.com/blueimp/jQuery-File-Upload/,远程,Blueimp jQuery-File-Upload 安全漏洞,
jQuery,CVE-2018-8768,Jupyter Notebook是一套用于创建、共享代码和说明性文本文档的开源Web应用程序。,高危,权限许可和访问控制问题,CNNVD-201803-606,http://www.cnnvd.org.cn/web/xxk/ldxqById.tag?CNNVD=CNNVD-201803-606,目前厂商已发布升级补丁以修复漏洞，详情请关注厂商主页：http://jupyter.org/,本地,Jupyter Notebook 安全漏洞,
jQuery,CVE-2018-18405,jQuery是美国John Resig程序员的一套开源、跨浏览器的JavaScript库。该库简化了HTML与JavaScript之间的操作，并具有模块化、插件扩展等特点。jQuery 2.2.2版本中存在跨站脚本漏洞。该漏洞源于WEB应用缺少对客户端数据的正确验证。攻击者可利用该漏洞执行客户端代码。,中危,跨站脚本,CNNVD-202004-1936,http://www.cnnvd.org.cn/web/xxk/ldxqById.tag?CNNVD=CNNVD-202004-1936,目前厂商暂未发布修复措施解决此安全问题，建议使用此软件的用户随时关注厂商主页或参考网址以获取解决办法：https://jquery.com/,远程,jQuery 跨站脚本漏洞,
jQuery,CVE-2018-1325,Blackboard Learn是美国Blackboard公司的一套学习管理系统。bb-auth-provider-cas authentication是其中的一个身份验证模块。Blackboard Learn 2018-07-02版本中的bb-auth-provider-cas authentication模块存在安全漏洞。攻击者可利用该漏洞实施钓鱼攻击。,中危,输入验证错误,CNNVD-201911-1103,http://www.cnnvd.org.cn/web/xxk/ldxqById.tag?CNNVD=CNNVD-201911-1103,目前厂商暂未发布修复措施解决此安全问题，建议使用此软件的用户随时关注厂商主页或参考网址以获取解决办法：https://www.blackboard.com,远程,Blackboard Learn bb-auth-provider-cas authentication模块输入验证错误漏洞,
jQuery,CVE-2017-6929,Drupal是Drupal社区所维护的一套用PHP语言开发的免费、开源的内容管理系统。jQuery是使用在其中的一个JavaScript库。Drupal 8版本和7版本中的jQuery存在跨站脚本漏洞。远程攻击者可通过发送特制的请求利用该漏洞注入任意的脚本。,中危,跨站脚本,CNNVD-201803-003,http://www.cnnvd.org.cn/web/xxk/ldxqById.tag?CNNVD=CNNVD-201803-003,目前厂商已发布升级补丁以修复漏洞，补丁获取链接：https://www.drupal.org/sa-core-2018-001,远程,Drupal jQuery 跨站脚本漏洞,
jQuery,CVE-2017-17560,Western Digital MyCloud PR4100是美国西部数据（Western Digital）公司的一款网络云存储设备。Web administration component是其中的一个Web管理组件。,超危,授权问题,CNNVD-201712-409,http://www.cnnvd.org.cn/web/xxk/ldxqById.tag?CNNVD=CNNVD-201712-409,目前厂商暂未发布修复措施解决此安全问题，建议使用此软件的用户随时关注厂商主页或参考网址以获取解决办法：https://www.wdc.com,远程,Western Digital MyCloud PR4100 Web管理组件安全漏洞,
jQuery,CVE-2017-15719,Wicket jQuery UI是一款提供了所有jQuery UI集成的API。WYSIWYG editor是其中的一个编辑器。,中危,跨站脚本,CNNVD-201710-1007,http://www.cnnvd.org.cn/web/xxk/ldxqById.tag?CNNVD=CNNVD-201710-1007,目前厂商已发布升级补丁以修复漏洞，详情请关注厂商主页：http://www.7thweb.net/wicket-jquery-ui/,远程,Wicket jQuery UI WYSIWYG编辑器安全漏洞,
jQuery,CVE-2016-7103,jQuery UI是jQuery团队开发的一套JavaScript函式库，它提供抽象化、可自订主题的GUI控件与动画效果，并支持建构交互式互联网应用程序。,中危,跨站脚本,CNNVD-201703-646,http://www.cnnvd.org.cn/web/xxk/ldxqById.tag?CNNVD=CNNVD-201703-646,目前厂商已经发布了升级补丁以修复此安全问题，补丁获取链接：https://github.com/jquery/jquery-ui/commit/9644e7bae9116edaf8d37c5b38cb32b892f10ff6,远程,jQuery UI 跨站脚本漏洞,
jQuery,CVE-2016-10707,jQuery是美国程序员John Resig所研发的一套开源、跨浏览器的JavaScript库。该库简化了HTML与JavaScript之间的操作，并具有模块化、插件扩展等特点。,中危,资料不足,CNNVD-201801-797,http://www.cnnvd.org.cn/web/xxk/ldxqById.tag?CNNVD=CNNVD-201801-797,目前厂商已发布升级补丁以修复漏洞，详情请关注厂商主页：https://jquery.com/,远程,jQuery 安全漏洞,
jQuery,CVE-2015-9479,WordPress是WordPress基金会的一套使用PHP语言开发的博客平台。该平台支持在PHP和MySQL的服务器上架设个人博客网站。ACF-Frontend-Display是使用在其中的一个用于在网站前端显示ACF表单的插件。WordPress ACF-Frontend-Display插件2015-07-03及之前版本中存在安全漏洞。攻击者可通过向js/blueimp-jQuery-File-Upload-d45deb1/server/php/index.php URL发送下载请求利用该漏洞下载任意文件。,中危,代码问题,CNNVD-201910-688,http://www.cnnvd.org.cn/web/xxk/ldxqById.tag?CNNVD=CNNVD-201910-688,目前厂商暂未发布修复措施解决此安全问题，建议使用此软件的用户随时关注厂商主页或参考网址以获取解决办法：https://github.com/wp-plugins/acf-frontend-display,远程,WordPress ACF-Frontend-Display插件代码问题漏洞,
jQuery,CVE-2015-9444,WordPress是WordPress基金会的一套使用PHP语言开发的博客平台。该平台支持在PHP和MySQL的服务器上架设个人博客网站。altos-connect是使用在其中的一个插件。WordPress altos-connect插件1.3.0版本中存在跨站脚本漏洞。该漏洞源于WEB应用缺少对客户端数据的正确验证。攻击者可利用该漏洞执行客户端代码。,中危,跨站脚本,CNNVD-201909-1246,http://www.cnnvd.org.cn/web/xxk/ldxqById.tag?CNNVD=CNNVD-201909-1246,目前厂商暂未发布修复措施解决此安全问题，建议使用此软件的用户随时关注厂商主页或参考网址以获取解决办法：https://wordpress.org/plugins/altos-connect,远程,WordPress altos-connect插件跨站脚本漏洞,
jQuery,CVE-2015-9251,jQuery是美国John Resig程序员的一套开源、跨浏览器的JavaScript库。该库简化了HTML与JavaScript之间的操作，并具有模块化、插件扩展等特点。jQuery 3.0.0之前版本中存在跨站脚本漏洞。该漏洞源于WEB应用缺少对客户端数据的正确验证。攻击者可利用该漏洞执行客户端代码。,中危,跨站脚本,CNNVD-201801-798,http://www.cnnvd.org.cn/web/xxk/ldxqById.tag?CNNVD=CNNVD-201801-798,目前厂商已发布升级补丁以修复漏洞，详情请关注厂商主页：https://jquery.com/,远程,jQuery 跨站脚本漏洞,
jQuery,CVE-2015-7943,Drupal是Drupal社区所维护的一套用PHP语言开发的免费、开源的内容管理系统。Overlay是其中的一个能够在网页的顶层显示Drupal管理界面的模块。jQuery Update模块7.x-2.7之前的7.x-2.x版本、Drupal 7.41之前7.x版本的Overlay模块和LABjs for Drupal 7.x-1.8之前的7.x-1.x版本中的中存在开放重定向漏洞，该漏洞源于程序没有充分过滤用户提交的输入。攻击者可通过构造特制的URI并诱使用户访问，利用该漏洞将用户重定向到任意Web站点，实施钓鱼攻击。（注：该漏洞源于CNNVD-201506-357补丁的不完全修复）,中危,,CNNVD-201510-631,http://www.cnnvd.org.cn/web/xxk/ldxqById.tag?CNNVD=CNNVD-201510-631,目前厂商已经发布了升级补丁以修复此安全问题，补丁获取链接：https://www.drupal.org/SA-CORE-2015-004,远程,Drupal core Overlay模块开放重定向漏洞,
jQuery,CVE-2015-6969,Serendipity是Serendipity团队开发的一套基于PHP的博客系统。该系统支持创建在线日记、博客、网页等。Serendipity 2.0.1及之前版本的2k11主题中的js/2k11.min.js文件存在跨站脚本漏洞，该漏洞源于程序使用‘jQuery.text() ’函数错误的读取评论中的用户名。远程攻击者可通过诱使用户点击‘Reply’链接利用该漏洞注入任意Web脚本或HTML。,中危,跨站脚本,CNNVD-201509-192,http://www.cnnvd.org.cn/web/xxk/ldxqById.tag?CNNVD=CNNVD-201509-192,目前厂商已经发布了升级补丁以修复此安全问题，补丁获取链接：http://blog.s9y.org/archives/265-Serendipity-2.0.2-Security-Fix-Release.html,远程,Serendipity 2k11主题跨站脚本漏洞,
jQuery,CVE-2015-6584,jQuery是美国程序员John Resig所研发的一套开源、跨浏览器的JavaScript库。DataTables是其中的一个表格插件。jQuery DataTables插件1.10.8及之前版本中存在跨站脚本漏洞，该漏洞源于media/unit_testing/templates/6776.php脚本没有充分过滤‘scripts’参数。远程攻击者可利用该漏洞注入任意Web脚本或HTML。,中危,跨站脚本,CNNVD-201509-139,http://www.cnnvd.org.cn/web/xxk/ldxqById.tag?CNNVD=CNNVD-201509-139,目前厂商已经发布了升级补丁以修复此安全问题，补丁获取链接：http://www.datatables.net/download/release,远程,jQuery DataTables插件跨站脚本漏洞,
jQuery,CVE-2015-2982,PHP Kobo Photo Gallery CMS for PC、smartphone和feature phone是日本PHP Kobo公司的一套用于PC、智能手机和功能手机中的照片库内容管理系统（CMS）。PHP Kobo Photo Gallery CMS for PC，smartphone和feature phone 1.0.1 Free及之前版本的jquery.lightbox-0.5.min.js文件中存在跨站脚本漏洞，该漏洞源于admin.php脚本没有充分过滤输入。远程攻击者可利用该漏洞注入任意Web脚本或HTML。,中危,跨站脚本,CNNVD-201508-486,http://www.cnnvd.org.cn/web/xxk/ldxqById.tag?CNNVD=CNNVD-201508-486,目前厂商已经发布了升级补丁以修复此安全问题，详情请关注厂商主页：http://www.php-factory.net/,远程,PHP Kobo Photo Gallery CMS for PC，smartphone和feature phone 跨站脚本漏洞,
jQuery,CVE-2015-2531,Microsoft Lync Server（前称Microsoft Office Communicator）和Skype for Business Server都是美国微软（Microsoft）公司的产品。Microsoft Lync Server是新一代企业整合沟通平台。该平台能够跨越PC、Web、手机等其他移动设备，将不同的沟通方式集成到一个平台中。Skype for Business Server是Microsoft Lync Server的一个企业版。当Microsoft Lync Server 2013版本和Skype for Business Server 2015版本中的jQuery引擎无法正确清理经特殊设计的内容时，存在跨站脚本漏洞。远程攻击者可利用该漏洞在用户的浏览器中执行脚本，从Web会话获取信息。,中危,跨站脚本,CNNVD-201509-124,http://www.cnnvd.org.cn/web/xxk/ldxqById.tag?CNNVD=CNNVD-201509-124,目前厂商已经发布了升级补丁以修复此安全问题，补丁获取链接：https://technet.microsoft.com/library/security/ms15-104,远程,Microsoft Lync Server和Skype for Business Server 跨站脚本漏洞,
jQuery,CVE-2015-2089,WordPress是WordPress软件基金会的一套使用PHP语言开发的博客平台，该平台支持在PHP和MySQL的服务器上架设个人博客网站。CrossSlide jQuery是其中的一个实现幻灯片放映动画效果的插件。WordPress CrossSlide jQuery插件2.0.5版本中存在跨站请求伪造漏洞，该漏洞源于wp-admin/options-general.php脚本没有充分过滤thisismyurl_csj.php页面中的多个参数（csj_width，csj_height，csj_sleep，csj_fade，upload_image）。远程攻击者可利用该漏洞更改插件设置，或实施跨站脚本攻击。,中危,跨站请求伪造,CNNVD-201502-453,http://www.cnnvd.org.cn/web/xxk/ldxqById.tag?CNNVD=CNNVD-201502-453,目前厂商暂未发布修复措施解决此安全问题，建议使用此软件的用户随时关注厂商主页或参考网址以获取解决办法：https://wordpress.org/plugins/crossslide-jquery-plugin-for-wordpress/,远程,WordPress CrossSlide jQuery插件跨站请求伪造漏洞,
jQuery,CVE-2015-1840,Ruby on Rails（Rails）是Rails核心团队开发维护的一套基于Ruby语言的开源Web应用框架，它是由大卫-海纳梅尔-韩森从美国37signals公司的项目管理工具Basecamp里分离出来的。jquery-ujs是其中的一个脚本支持文件；jquery-rails是为Rails 4+应用程序提供jQuery和jQuery-ujs驱动的插件。Ruby on Rails中使用的jquery-ujs中的rails.js文件和jquery-rails中的jquery_ujs.js文件存在安全漏洞。远程攻击者可借助属性值中的URL中的前导空格字符利用该漏洞绕过同源策略，将CSRF令牌传输到不同域的Web服务器中。以下产品及版本受到影响：Rails 3.x版本和4.x版本，jquery-ujs 1.0.4之前版本，jquery-rails 3.1.3之前版本和4.0.4之前4.x版本。,中危,信息泄露,CNNVD-201506-457,http://www.cnnvd.org.cn/web/xxk/ldxqById.tag?CNNVD=CNNVD-201506-457,目前厂商已经发布了升级补丁以修复此安全问题，补丁获取链接：https://github.com/rails/jquery-ujs/blob/master/CHANGELOG.md,远程,Ruby on Rails jquery-ujs和jquery-rails 权限许可和访问控制 漏洞,
jQuery,CVE-2014-8739,WordPress是WordPress基金会的一套使用PHP语言开发的博客平台。该平台支持在PHP和MySQL的服务器上架设个人博客网站。Creative Solutions Creative Contact Form 1.0.0之前版本（WordPress）和2.0.1之前版本（Joomla!）中的jQuery File Upload Plugin 6.4.4版本存在代码问题漏洞。远程攻击者可借助特制PHP文件利用该漏洞执行任意代码。,超危,代码问题,CNNVD-201410-1312,http://www.cnnvd.org.cn/web/xxk/ldxqById.tag?CNNVD=CNNVD-201410-1312,目前厂商暂未发布修复措施解决此安全问题，建议使用此软件的用户随时关注厂商主页或参考网址以获取解决办法：http://creative-solutions.net/joomla/creative-contact-form,远程,Creative Solutions Creative Contact Form 代码问题漏洞,
jQuery,CVE-2014-6071,jQuery是美国程序员John Resig所研发的一套开源、跨浏览器的JavaScript库。该库简化了HTML与JavaScript之间的操作，并具有模块化、插件扩展等特点。,中危,跨站脚本,CNNVD-201801-582,http://www.cnnvd.org.cn/web/xxk/ldxqById.tag?CNNVD=CNNVD-201801-582,目前厂商已发布升级补丁以修复漏洞，详情请关注厂商主页：http://jquery.com/,远程,jQuery 跨站脚本漏洞,
jQuery,CVE-2014-5259,BlackCat CMS是Black Cat团队开发的一套基于PHP5和HTML5的内容管理系统（CMS）。CatTranslate JQuery是其中的一个插件。BlackCat CMS 1.0.3及之前版本的CatTranslate Jquery插件的cattranslate.php脚本中存在跨站脚本漏洞。远程攻击者可通过‘msg’参数利用该漏洞注入任意Web脚本或HTML。,中危,跨站脚本,CNNVD-201409-507,http://www.cnnvd.org.cn/web/xxk/ldxqById.tag?CNNVD=CNNVD-201409-507,目前厂商已经发布了升级补丁以修复此安全问题，补丁获取链接：http://forum.blackcat-cms.org/viewtopic.php?f=2&t=263,远程,BlackCat CMS 跨站脚本漏洞,
jQuery,CVE-2013-7129,WordPress是WordPress软件基金会的一套使用PHP语言开发的博客平台，该平台支持在PHP和MySQL的服务器上架设个人博客网站。ThemeBeans Blooog是其中的一个兼容了ThemeBeans、Social、Tweets等的Blooog主题。WordPress的ThemeBeans Blooog主题1.1版本中存在跨站脚本漏洞，该漏洞源于assets/js/jplayer.swf脚本没有充分过滤‘jQuery’参数。远程攻击者可利用该漏洞注入任意Web脚本或HTML。,中危,跨站脚本,CNNVD-201312-057,http://www.cnnvd.org.cn/web/xxk/ldxqById.tag?CNNVD=CNNVD-201312-057,目前厂商还没有提供此漏洞的相关补丁或者升级程序，建议使用此软件的用户随时关注厂商的主页以获取最新版本：http://themebeans.com/theme/blooog/,远程,WordPress ThemeBeans Blooog 跨站脚本漏洞,
jQuery,CVE-2013-4997,phpMyAdmin是phpMyAdmin团队开发的一套免费的、基于Web的MySQL数据库管理工具。该工具能够创建和删除数据库，创建、删除、修改数据库表，执行SQL脚本命令等。phpMyAdmin 3.5.1.0至3.5.8.1版本中存在多个跨站脚本漏洞。远程攻击者可通过setup/index.php页面的锚点标识符或者chartTitle 值触发JavaScript事件从而注入任意Web脚本或HTML。,中危,跨站脚本,CNNVD-201307-649,http://www.cnnvd.org.cn/web/xxk/ldxqById.tag?CNNVD=CNNVD-201307-649,目前厂商已经发布了升级补丁以修复此安全问题，补丁获取链接：http://www.phpmyadmin.net/home_page/security/PMASA-2013-9.php,远程,phpMyAdmin 多个跨站脚本漏洞,
jQuery,CVE-2013-4634,indexed_search是针对于TYPO3的拓展，为其提供索引和搜索的功能。TYPO3是瑞士TYPO3协会维护的一套免费开源的内容管理系统(框架)(CMS/CMF)。TYPO3的indexed_search (rzautocomplete)扩展0.0.8及之前版本的jQuery自动完成中存在SQL注入漏洞。远程攻击者可利用该漏洞执行任意SQL命令。,高危,SQL注入,CNNVD-201306-415,http://www.cnnvd.org.cn/web/xxk/ldxqById.tag?CNNVD=CNNVD-201306-415,目前厂商已经发布了升级补丁以修复此安全问题，补丁获取链接：http://typo3.org/extensions/repository/view/rzautocomplete,远程,TYPO3 indexed_search扩展SQL注入漏洞,
jQuery,CVE-2013-4383,Drupal是Drupal社区所维护的一套用PHP语言开发的免费、开源的内容管理系统。jQuery Countdown是其中的一个倒计时插件模块。Drupal jQuery Countdown模块7.x-1.1之前的7.x-1.x版本中存在安全漏洞。远程攻击者可利用该漏洞以‘access administration pages’权限注入任意Web脚本或HTML。,低危,跨站脚本,CNNVD-201309-185,http://www.cnnvd.org.cn/web/xxk/ldxqById.tag?CNNVD=CNNVD-201309-185,目前厂商已经发布了升级补丁以修复此安全问题，补丁获取链接：https://drupal.org/node/2087095,远程,Drupal jQuery Countdown模块HTML注入漏洞,
jQuery,CVE-2013-2022,jQuery是美国程序员John Resig所研发的一套开源、跨浏览器的JavaScript库。jPlayer（由英国Happyworm公司开发）是其中的一个媒体库插件，该插件可在网页上加入跨平台的音乐和视频。jPlayer 2.2.23之前的版本中的Flash SWF组件中的actionscript/Jplayer.as文件中存在跨站脚本漏洞。远程攻击者可利用该漏洞注入任意Web脚本或HTML。,中危,跨站脚本,CNNVD-201305-120,http://www.cnnvd.org.cn/web/xxk/ldxqById.tag?CNNVD=CNNVD-201305-120,目前厂商已经发布了升级补丁以修复此安全问题，补丁获取链接：http://www.jplayer.org/2.3.0/release-notes/,远程,Happyworm jPlayer ‘Jplayer.swf’跨站脚本漏洞,
jQuery,CVE-2013-1942,jQuery是美国程序员John Resig所研发的一套开源、跨浏览器的JavaScript库。jPlayer（由英国Happyworm公司开发）是其中的一个媒体库插件，该插件可在网页上加入跨平台的音乐和视频。ownCloud Server 5.0.4之前的版本和其他产品中使用的jPlayer 2.2.20之前的版本中的Flash SWF组件中的actionscript/Jplayer.as文件中存在跨站脚本漏洞。远程攻击者可利用该漏洞注入任意Web脚本或HTML。,中危,跨站脚本,CNNVD-201304-207,http://www.cnnvd.org.cn/web/xxk/ldxqById.tag?CNNVD=CNNVD-201304-207,目前厂商已经发布了升级补丁以修复此安全问题，补丁获取链接：http://www.jplayer.org/2.3.0/release-notes/,远程,jPlayer ‘jQuery’跨站脚本漏洞,
jQuery,CVE-2013-1808,em-shorty，RepRapCalculator，Fulcrum，Django，aCMS以及其他产品中使用的ZeroClipboard 1.0.8之前版本中的ZeroClipboard.swf和ZeroClipboard10.swf中存在跨站脚本漏洞。通过‘id’参数，远程攻击者利用该漏洞注入任意web脚本或HTML。,中危,跨站脚本,CNNVD-201303-038,http://www.cnnvd.org.cn/web/xxk/ldxqById.tag?CNNVD=CNNVD-201303-038,目前厂商已经发布了升级补丁以修复此安全问题，补丁获取链接：https://github.com/jonrohan/ZeroClipboard/blob/master/docs/releases.md#zeroclipboard-108,远程,ZeroClipboard ‘ZeroClipboard10.swf’跨站脚本漏洞,
jQuery,CVE-2013-0244,Drupal是Drupal社区所维护的一套用PHP语言开发的免费、开源的内容管理系统。Drupal 6.28之前的6.x版本和7.19之前的7.x版本中使用DOM元素的Javascript函数中存在跨站脚本漏洞。远程攻击者可利用该漏洞注入任意Web脚本或HTML。,低危,跨站脚本,CNNVD-201301-432,http://www.cnnvd.org.cn/web/xxk/ldxqById.tag?CNNVD=CNNVD-201301-432,目前厂商已经发布了升级补丁以修复此安全问题，补丁获取链接：https://drupal.org/SA-CORE-2013-001,远程,Drupal 跨站脚本漏洞,
jQuery,CVE-2012-6708,jQuery是美国John Resig程序员的一套开源、跨浏览器的JavaScript库。该库简化了HTML与JavaScript之间的操作，并具有模块化、插件扩展等特点。jQuery 1.9.0之前版本中存在跨站脚本漏洞。该漏洞源于WEB应用缺少对客户端数据的正确验证。攻击者可利用该漏洞执行客户端代码。,中危,跨站脚本,CNNVD-201801-799,http://www.cnnvd.org.cn/web/xxk/ldxqById.tag?CNNVD=CNNVD-201801-799,目前厂商已发布升级补丁以修复漏洞，详情请关注厂商主页：https://jquery.com/,远程,jQuery 跨站脚本漏洞,
jQuery,CVE-2012-6662,jQuery UI是jQuery团队开发的一套JavaScript函式库，它提供抽象化、可自订主题的GUI控件与动画效果，并支持建构交互式互联网应用程序。Tooltip是其中的一个信息提示插件。jQuery UI 1.10.0 rc1及之前版本的Tooltip窗口小部件中jquery.ui.tooltip.js脚本的默认内容选项存在跨站脚本漏洞。远程攻击者可借助‘title’属性利用该漏洞注入任意Web脚本或HTML。,中危,跨站脚本,CNNVD-201411-448,http://www.cnnvd.org.cn/web/xxk/ldxqById.tag?CNNVD=CNNVD-201411-448,目前厂商已经发布了升级补丁以修复此安全问题，补丁获取链接：http://bugs.jqueryui.com/ticket/8859,远程,jQuery UI Tooltip窗口小部件跨站脚本漏洞,
jQuery,CVE-2011-5180,WordPress是WordPress软件基金会的一套使用PHP语言开发的博客平台。该平台支持在PHP和MySQL的服务器上架设个人博客网站。WordPress的1-jquery-photo-gallery-slideshow-flash插件中存在跨站脚本漏洞。该漏洞源于对用户提供的数据没有经过充分的过滤，攻击者可利用该漏洞在受影响站点上下文的不知情用户浏览器中执行任意脚本代码，盗取基于cookie的认证证书进而发起其他攻击。1-jquery-photo-gallery-slideshow-flash 1.01版本中存在该漏洞，其他版本也可能受影响。,中危,跨站脚本,CNNVD-201111-523,http://www.cnnvd.org.cn/web/xxk/ldxqById.tag?CNNVD=CNNVD-201111-523,目前厂商还没有提供此漏洞的相关补丁或者升级程序，建议使用此软件的用户随时关注厂商的主页以获取最新版本：http://wordpress.org/,远程,WordPress 1-jquery-photo-gallery-slideshow-flash插件跨站脚本漏洞,
jQuery,CVE-2011-4969,jQuery是美国程序员John Resig所研发的一套开源、跨浏览器的JavaScript库。该库简化了HTML与JavaScript之间的操作，并具有模块化、插件扩展等特点。,中危,跨站脚本,CNNVD-201303-203,http://www.cnnvd.org.cn/web/xxk/ldxqById.tag?CNNVD=CNNVD-201303-203,目前厂商已经发布了升级补丁以修复此安全问题，补丁获取链接：http://www.ubuntu.com/usn/USN-1722-1/,远程,jQuery 跨站脚本漏洞,
jQuery,CVE-2010-5312,jQuery UI是jQuery团队开发的一套JavaScript函式库，它提供抽象化、可自订主题的GUI控件与动画效果，并支持建构交互式互联网应用程序。,中危,跨站脚本,CNNVD-201411-447,http://www.cnnvd.org.cn/web/xxk/ldxqById.tag?CNNVD=CNNVD-201411-447,目前厂商已经发布了升级补丁以修复此安全问题，补丁获取链接：http://bugs.jqueryui.com/ticket/6016,远程,jQuery UI 跨站脚本漏洞,
jQuery,CVE-2010-0760,Joomla!是一款开放源码的内容管理系统(CMS)。Joomla!的Core Design Scriptegrator插件存在多个目录遍历漏洞。远程攻击者可以借助(1)脚本libraries/jquery/js/ui/jsloader.php的file 参数和(2) 脚本libraries/jquery/js/jsloader.php的files[]参数的目录遍历序列，执行任意本地文件。,中危,路径遍历,CNNVD-201002-308,http://www.cnnvd.org.cn/web/xxk/ldxqById.tag?CNNVD=CNNVD-201002-308,目前厂商还没有提供此漏洞的相关补丁或者升级程序，建议使用此软件的用户随时关注厂商的主页以获取最新版本：http://www.joomla.org/,远程,Greatjoomla Core Design Scriptegrator多个目录遍历漏洞,
jQuery,CVE-2007-2379,"jQuery架构在没有开启保护机制的情况下，使用JavaScript Object Notation (JSON)来交换数据，存在敏感信息泄露漏洞。远程攻击者可以借助网页来获得数据。该网页可以通过SCRIPT元素的SRC属性中的URL来恢复数据，并且可以通过使用其他JavaScript代码，记录数据。又称""JavaScript劫持""。",中危,其他,CNNVD-200704-617,http://www.cnnvd.org.cn/web/xxk/ldxqById.tag?CNNVD=CNNVD-200704-617,,远程,jQuery架构JSON JavaScript劫持信息泄露漏洞,
commons-collections,CVE-2015-8765,Intel McAfee ePolicy Orchestrator（ePO）是美国英特尔（Intel）公司（原McAfee公司）的一套可扩展的安全管理软件。该软件可对终端、网络、内容安全和合规解决方案实现集中的简化管理。,高危,资料不足,CNNVD-201601-145,http://www.cnnvd.org.cn/web/xxk/ldxqById.tag?CNNVD=CNNVD-201601-145,目前厂商已经发布了升级补丁以修复此安全问题，补丁获取链接：https://kc.mcafee.com/corporate/index?page=content&id=SB10144,远程,Intel McAfee ePolicy Orchestrator 任意代码执行漏洞,
commons-collections,CVE-2015-7501,Red Hat JBoss A-MQ等都是美国红帽（Red Hat）公司的产品。Red Hat JBoss A-MQ是美国红帽（Red Hat）公司的一套开源的消息传递平台。BPM Suite（BPMS）是一套集合了JBoss BRMS所有功能的业务流程管理平台。,超危,资料不足,CNNVD-201512-025,http://www.cnnvd.org.cn/web/xxk/ldxqById.tag?CNNVD=CNNVD-201512-025,目前厂商已发布升级补丁以修复漏洞，补丁获取链接：https://access.redhat.com/solutions/2045023,远程,多款Red Hat产品安全漏洞,
commons-collections,CVE-2015-4852,Oracle WebLogic Server是美国甲骨文（Oracle）公司的一款适用于云环境和传统环境的应用服务器，它提供了一个现代轻型开发平台，支持应用从开发到生产的整个生命周期管理，并简化了应用的部署和管理。WLS Security是其中的一个安全组件。,高危,命令注入,CNNVD-201511-290,http://www.cnnvd.org.cn/web/xxk/ldxqById.tag?CNNVD=CNNVD-201511-290,目前厂商已经发布了升级补丁以修复此安全问题，补丁获取链接：http://www.oracle.com/technetwork/topics/security/alert-cve-2015-4852-2763333.html,远程,Oracle WebLogic Server WLS Security组件安全漏洞,
commons-beanutils,CVE-2019-10086,Apache Commons Beanutils是美国阿帕奇（Apache）软件基金会的一款提供可操作JavaBean的工具类的软件包。Apache Commons Beanutils 1.9.2版本中存在安全漏洞。攻击者可利用该漏洞执行任意代码/命令。,中危,代码问题,CNNVD-201908-1140,http://www.cnnvd.org.cn/web/xxk/ldxqById.tag?CNNVD=CNNVD-201908-1140,目前厂商已发布升级补丁以修复漏洞，补丁获取链接：https://issues.apache.org/jira/browse/BEANUTILS-520,远程,Apache Commons Beanutils 代码问题漏洞,
commons-beanutils,CVE-2019-0189,Apache OFBiz是美国阿帕奇（Apache）软件基金会的一套企业资源计划（ERP）系统。该系统提供了一整套基于Java的Web应用程序组件和工具。Apache OFBiz 16.11.06之前的16.11.x版本中存在代码问题漏洞。该漏洞源于网络系统或产品的代码开发过程中存在设计或实现不当的问题。,超危,代码问题,CNNVD-201909-590,http://www.cnnvd.org.cn/web/xxk/ldxqById.tag?CNNVD=CNNVD-201909-590,目前厂商已发布升级补丁以修复漏洞，补丁获取链接：https://lists.apache.org/thread.html/df1bae9ac7321b7e672910b9c8ef07a2900a689482f7174e610c259a@,远程,Apache OFBiz 代码问题漏洞,
commons-beanutils,CVE-2014-0114,Apache Struts是美国阿帕奇（Apache）软件基金会的一个开源项目，是一套用于创建企业级Java Web应用的开源MVC框架，主要提供两个版本框架产品，Struts 1和Struts 2。Apache Struts 1.x版本至1.3.10版本中的Apache Commons BeanUtils 1.9.2及之前版本中存在输入验证错误漏洞。该漏洞源于网络系统或产品未对输入的数据进行正确的验证。,高危,输入验证错误,CNNVD-201404-581,http://www.cnnvd.org.cn/web/xxk/ldxqById.tag?CNNVD=CNNVD-201404-581,目前厂商已经发布了升级补丁以修复此安全问题，补丁获取链接：http://www.apache.org/,远程,Apache Struts 输入验证错误漏洞,
commons-compress,CVE-2019-12402,Apache Commons Compress是美国阿帕奇（Apache）软件基金会的一个用于处理压缩文件的库。Apache Commons Compress 1.15至1.18版本中存在安全漏洞。攻击者可利用该漏洞导致拒绝服务（无限循环）。,高危,资源管理错误,CNNVD-201908-2148,http://www.cnnvd.org.cn/web/xxk/ldxqById.tag?CNNVD=CNNVD-201908-2148,目前厂商已发布升级补丁以修复漏洞，补丁获取链接：https://commons.apache.org/proper/commons-compress/security-reports.html,远程,Apache Commons Compress 资源管理错误漏洞,
commons-compress,CVE-2018-1324,Apache Commons Compress是美国阿帕奇（Apache）软件基金会的一个用于处理压缩文件的库。extra field parser是其中的一个字段解析器。,中危,资源管理错误,CNNVD-201803-648,http://www.cnnvd.org.cn/web/xxk/ldxqById.tag?CNNVD=CNNVD-201803-648,目前厂商已发布升级补丁以修复漏洞，补丁获取链接：https://lists.apache.org/thread.html/1c7b6df6d1c5c8583518a0afa017782924918e4d6acfaf23ed5b2089@%3Cdev.commons.apache.org%3E,本地,Apache Commons Compress extra field解析器安全漏洞,
commons-compress,CVE-2018-11771,Apache Commons Compress是美国阿帕奇（Apache）软件基金会的一个用于处理压缩文件的库。,中危,资源管理错误,CNNVD-201808-513,http://www.cnnvd.org.cn/web/xxk/ldxqById.tag?CNNVD=CNNVD-201808-513,目前厂商已发布升级补丁以修复漏洞，补丁获取链接：https://lists.apache.org/thread.html/b8da751fc0ca949534cdf2744111da6bb0349d2798fac94b0a50f330@%3Cannounce.apache.org%3E,本地,Apache Commons Compress 安全漏洞,
xmlbeans,CVE-2014-3574,Apache POI是美国阿帕奇（Apache）软件基金会的一个开源函数库，它提供API给Java程序可对Microsoft Office格式档案进行读和写。Apache POI 3.10.1之前版本和3.11-beta2之前3.11.x版本中存在安全漏洞。远程攻击者可通过特制的OOXML文件利用该漏洞造成拒绝服务（CPU消耗和崩溃）。,中危,,CNNVD-201409-039,http://www.cnnvd.org.cn/web/xxk/ldxqById.tag?CNNVD=CNNVD-201409-039,目前厂商已经发布了升级补丁以修复此安全问题，补丁获取链接：http://poi.apache.org/changes.html,远程,Apache POI 拒绝服务漏洞,
Hypertext Preprocessor,CVE-2019-1704,BMC Software Patrol Agent是美国BMC Software公司的一款系统、应用程序和事件管理工具。该产品主要用于监视和管理分布式环境。BMC Patrol Agent 9.0.10i版本中存在安全漏洞。攻击者可通过构建共享库.so文件利用该漏洞提升权限。,高危,其他,CNNVD-201910-820,http://www.cnnvd.org.cn/web/xxk/ldxqById.tag?CNNVD=CNNVD-201910-820,目前厂商已发布升级补丁以修复漏洞，详情请关注厂商主页：https://www.bmc.com,本地,BMC Software Patrol Agent 安全漏洞,
Hypertext Preprocessor,CVE-2019-1696,FusionPBX是一套可扩展、多线程的通信平台。该平台可作为呼叫中心服务器、传真服务器、voip服务器、语音邮件服务器、会议服务器和语音应用服务器等。FusionPBX 4.5.7及之前版本中的resources/cmd.php文件存在注入漏洞。该漏洞源于用户输入构造命令、数据结构或记录的操作过程中，网络系统或产品缺乏对用户输入数据的正确验证，未过滤或未正确过滤掉其中的特殊元素，导致系统或产品产生解析或解释方式错误。,高危,注入,CNNVD-201910-1281,http://www.cnnvd.org.cn/web/xxk/ldxqById.tag?CNNVD=CNNVD-201910-1281,目前厂商已发布升级补丁以修复漏洞，补丁获取链接：https://github.com/fusionpbx/fusionpbx/commit/6baad9af1bc55c80b793af3bd1ac35b39c20b173,远程,FusionPBX 注入漏洞,
Hypertext Preprocessor,CVE-2015-7828,SAP HANA Database是德国思爱普（SAP）公司的一个基于行和列的内存数据库。该数据库提供快速查询多维数据、过滤无用数据、同步执行多项查询等功能。SAP HANA Database 1.00 SPS10及之前版本中存在安全漏洞，该漏洞源于程序没有要求执行身份验证。远程攻击者可通过向多个方法（fcopydir，fmkdir，frmdir，getenv，dumpenv，fcopy，fput，fdel，fmove，fget，fappend，fdir，getTraces，kill，pexec，stop，pythonexec）发送TrexNet数据包利用该漏洞执行任意代码。,超危,输入验证,CNNVD-201511-152,http://www.cnnvd.org.cn/web/xxk/ldxqById.tag?CNNVD=CNNVD-201511-152,目前厂商已经发布了升级补丁以修复此安全问题，详情请关注厂商主页：http://www.sap.com,远程,SAP HANA Database 输入验证漏洞,
Hypertext Preprocessor,CVE-2011-5235,mnoGoSearch是一款多功能的基于WEB的搜索引擎。mnoGoSearch 3.3.12之前版本中存在SQL注入漏洞。远程攻击者利用该漏洞通过超文本链接中的主机名，执行任意SQL命令。,高危,SQL注入,CNNVD-201210-632,http://www.cnnvd.org.cn/web/xxk/ldxqById.tag?CNNVD=CNNVD-201210-632,目前厂商已经发布了升级补丁以修复此安全问题，补丁获取链接：http://www.mnogosearch.org/doc33/msearch-changelog.html#changelog-3-3-12,远程,mnoGoSearch SQL注入漏洞,
Hypertext Preprocessor,CVE-2007-5742,"Wesnoth中的 WML engine处理程序存在目录遍历漏洞，远程攻击者可以借助不明向量中的""..""序列读取任意文件。",超危,路径遍历,CNNVD-200712-004,http://www.cnnvd.org.cn/web/xxk/ldxqById.tag?CNNVD=CNNVD-200712-004,目前厂商已经发布了升级补丁以修复此安全问题，补丁获取链接：Wesnoth Wesnoth 1.2.6,远程,Battle for Wesnoth WML Preprocessor 目录遍历漏洞,
Hypertext Preprocessor,CVE-2007-1398,"Snort是Snort团队的一套网络入侵预防软件与网络入侵检测软件。该软件提供数据包嗅探、数据包分析和数据包检测等功能。很多其他IDS产品中也使用了Snort及其组件。
Snort Inline在处理畸形的碎片报文时存在漏洞，远程攻击者可能利用此漏洞导致Snort崩溃。
如果在Linux平台上以Inline模式运行Snort的话，且启用了Frag3同时禁用了ip_conntrack，则如果向Snort发送了特制的碎片报文的话就会导致拒绝服务。",高危,其他,CNNVD-200703-310,http://www.cnnvd.org.cn/web/xxk/ldxqById.tag?CNNVD=CNNVD-200703-310,目前厂商还没有提供补丁或者升级程序，我们建议使用此软件的用户随时关注厂商的主页以获取最新版本：http://www.snort.org,远程,Snort Inline模式碎片重组拒绝服务漏洞,
Hypertext Preprocessor,CVE-2006-5276,Snort是Snort团队的一套网络入侵预防软件与网络入侵检测软件。该软件提供数据包嗅探、数据包分析和数据包检测等功能。很多其他IDS产品中也使用了Snort及其组件。Snort DCE/RPC预处理器中有漏洞的代码无法正确的重组某些类型的SMB和DCE/RPC报文。攻击者可以通过向Snort所监控的主机或网络发送特制的TCP报文来利用这个漏洞。DCE/RPC预处理器是默认启用的，攻击者不必完成TCP握手就可以实施攻击。,超危,缓冲区溢出,CNNVD-200702-347,http://www.cnnvd.org.cn/web/xxk/ldxqById.tag?CNNVD=CNNVD-200702-347,目前厂商已经在2.6.1.3及以后版本的软件中修复了这个安全问题，请到厂商的主页下载：http://www.snort.org/,远程,Snort DCE/RPC预处理器远程缓冲区溢出漏洞,
Hypertext Preprocessor,CVE-2006-2769,"Snort 中的HTTP检测预处理器(http_inspect)允许远程攻击者通过在URL之后和在HTTP声明之前的一个回车键(＼r)来绕过""uricontent""规则。",中危,权限许可和访问控制,CNNVD-200606-060,http://www.cnnvd.org.cn/web/xxk/ldxqById.tag?CNNVD=CNNVD-200606-060,目前厂商已经发布了升级补丁以修复这个安全问题，补丁下载链接：Snort Project snort-2.4.5.tar.gz,远程,Snort HTTP检测预处理器 访问控制绕过漏洞,
Hypertext Preprocessor,CVE-2006-0839,Sourcefire Snort 2.4.3中的frag3预处理器没有正确重组带有IP选项的某些数据包碎片，从而可使远程攻击者逃避对某些攻击的检测，这可能与IP选项长度有关。,中危,设计错误,CNNVD-200602-339,http://www.cnnvd.org.cn/web/xxk/ldxqById.tag?CNNVD=CNNVD-200602-339,目前厂商还没有提供补丁或者升级程序，建议使用此软件的用户随时关注厂商的主页以获取最新版本。,远程,Snort Frag3 Processor数据包碎片逃避检测漏洞,
Hypertext Preprocessor,CVE-2005-3252,Snort是Snort团队的一套网络入侵预防软件与网络入侵检测软件。该软件提供数据包嗅探、数据包分析和数据包检测等功能。很多其他IDS产品中也使用了Snort及其组件。Snort的Back Orifice ping预处理模块存在缓冲区溢出漏洞，远程攻击者可能利用此漏洞在Snort探测器上执行任意指令。,高危,缓冲区溢出,CNNVD-200510-133,http://www.cnnvd.org.cn/web/xxk/ldxqById.tag?CNNVD=CNNVD-200510-133,目前厂商已经发布了升级补丁以修复此安全问题，补丁获取链接：Snort Project Upgrade snort-2.4.3.tar.gz,远程,Snort Back Orifice预处理器远程栈溢出漏洞,
Hypertext Preprocessor,CVE-2003-1127,"Whale Communications e-Gap security appliance是各个应用程序加固系统。
e-Gap security appliance不正确处理部分HTTP请求，远程攻击者可以利用这个漏洞获得登录脚本的源代码信息。
Whale communications e-gap appliance提供高安全的远程WEB访问平台，通过提交特殊HTTP方法请求，应用程序会返回登录页面的源代码信息。攻击者可以利用这些信息对系统进行进一步攻击。",中危,其他,CNNVD-200312-439,http://www.cnnvd.org.cn/web/xxk/ldxqById.tag?CNNVD=CNNVD-200312-439,"厂商补丁：
Whale Communications
--------------------
目前厂商还没有提供补丁或者升级程序，我们建议使用此软件的用户随时关注厂商的主页以获取最新版本：http://www.whalecommunications.com/site/Whale/Corporate/Whale.asp?pi=30",远程,Whale Communications e-Gap Security Appliance登录页源代码泄露漏洞,
Hypertext Preprocessor,CVE-2003-0033,"Snort是一个开放源码的流行的网络入侵检测系统。
Snort的网络探测器程序实现上存在一个缓冲区溢出漏洞，远程攻击者可能利用此漏洞此漏洞对Snort进程进行拒绝服务攻击或以root用户的权限在探测器主机上执行任意指令。
在1.8版本以后Snort中加入了对利用RPC分片逃避检测的攻击进行检查的代码，当Snort RPC预处理器处理分片的网络流量时，程序在检查和重组RPC分片时使用了不正确的比较方法，这样就可能导致发生堆破坏，远程攻击者可能利用此漏洞通过向Snort探测器进程发送畸形的数据包对网络探测器进行拒绝服务攻击或以探测器进程的执行权限(通常是root)执行任意指令。由于通常探测器是混杂模式监听网段内的所有流量，所以攻击者无须知道探测器具体在哪也无须与探测器建立直接的连接就可以发起攻击。RPC预处理器默认情况下是打开的。",超危,边界条件错误,CNNVD-200303-034,http://www.cnnvd.org.cn/web/xxk/ldxqById.tag?CNNVD=CNNVD-200303-034,"临时解决方法：
如果您不能立刻安装补丁或者升级，CNNVD建议您采取以下措施以降低威胁：* 关闭RPC预处理器的使用。",远程,Snort RPC预处理器远程堆破坏漏洞,
Hypertext Preprocessor,CVE-2002-0003,"groff是在许多Linux系统上使用的文档格式化工具。groff通常在需要格式化文档的时候由LPRng(或其他的打印程序)调用。
groff的预处理程序存在缓冲区溢出漏洞，可能使远程攻击者以lp用户的身份执行任意指令。
如果攻击者可以从远程访问主机的打印守护进程，并且知道打印机名和队列文件名，就可能从远程以lp用户的身份在主机上执行命令。",高危,边界条件错误,CNNVD-200202-011,http://www.cnnvd.org.cn/web/xxk/ldxqById.tag?CNNVD=CNNVD-200202-011,"临时解决方法：
如果您不能立刻安装补丁或者升级，CNNVD建议您采取以下措施以降低威胁：* 设置访问控制，不允许不可信的用户访问打印守护进程。
厂商补丁：
RedHat
------
RedHat已经为此发布了一个安全公告(RHSA-2002:004-06)以及相应补丁:",远程,Groff预处理器缓冲区溢出漏洞,
