IIS,CVE-2020-1255,Microsoft Windows Background Intelligent Transfer Service(BITS)中的IIS模块存在提权漏洞，该漏洞源于程序没有正确处理上传内容。攻击者可借助特制请求利用该漏洞上传限制文件类型到IIS托管的文件夹。以下产品及版本受到影响：Microsoft Windows 7 SP1，Windows 8.1，Windows RT 8.1，Windows 10，Windows Server 2008 SP2，Windows Server 2008 R2 SP1，Windows Server 2012，Windows Server 2012 R2，Windows Server 2016，Windows Server 2019，Windows 10 1607版本，Windows 10 1709版本，Windows 10 1803版本，Windows 10 1809版本，Windows 10 1903版本，Windows 10 1909版本，Windows 10 2004版本，Windows Server 1803版本，Windows Server 1903版本，Windows Server 1909版本，Windows Server 2004版本。,高危,其他,CNNVD-202006-725,http://www.cnnvd.org.cn/web/xxk/ldxqById.tag?CNNVD=CNNVD-202006-725,目前厂商已发布升级补丁以修复漏洞，补丁获取链接：https://portal.msrc.microsoft.com/zh-CN/security-guidance/advisory/CVE-2020-1255,远程,Microsoft Windows Background Intelligent Transfer Service 安全漏洞,1
IIS,CVE-2020-1112,Microsoft Windows和Microsoft Windows Server都是美国微软（Microsoft）公司的产品。Microsoft Windows是一套个人设备使用的操作系统。Microsoft Windows Server是一套服务器操作系统。Microsoft Windows和Windows Server中存在提权漏洞，该漏洞源于Windows Background Intelligent Transfer Service (BITS) IIS模块无法正确处理上传的内容。攻击者可借助特制的文件利用该漏洞向IIS托管的文件夹中上传被限制的文件类型。以下产品及版本受到影响：Microsoft Windows 10，Windows 10 1607版本，Windows 10 1709版本，Windows 10 1803版本，Windows 10 1809版本，Windows 10 1903版本，Windows 10 1909版本，Windows 7 SP1，Windows 8.1，Windows RT 8.1，Windows Server 2008 SP2，Windows Server 2008 R2 SP1，Windows Server 2012，Windows Server 2012 R2，Windows Server 2016，Windows Server 2019，Windows Server 1803版本，Windows Server 1903版本，Windows Server 1909版本。,超危,代码问题,CNNVD-202005-621,http://www.cnnvd.org.cn/web/xxk/ldxqById.tag?CNNVD=CNNVD-202005-621,目前厂商已发布升级补丁以修复漏洞，补丁获取链接：https://portal.msrc.microsoft.com/zh-CN/security-guidance/advisory/CVE-2020-1112,远程,Microsoft Windows和Windows Server 代码问题漏洞,1
IIS,CVE-2020-0645,Microsoft Windows和Microsoft Windows Server都是美国微软（Microsoft）公司的产品。Microsoft Windows是一套个人设备使用的操作系统。Microsoft Windows Server是一套服务器操作系统。IIS Server是其中的一个IIS（互联网信息服务）服务器。Microsoft Windows IIS Server中存在安全漏洞，该漏洞源于程序没有正确地处理格式错误的请求标头。攻击者可通过发送格式错误的HTTP请求利用该漏洞篡改返回给客户端的响应。以下产品及版本受到影响：Microsoft Windows 10，Windows 10版本1607，Windows 10版本1709，Windows 10版本1803，Windows 10版本1809，Windows 10版本1903，Windows 10版本1909，Windows 7 SP1，Windows 8.1，Windows RT 8.1，Windows Server 2008 SP2 ，Windows Server 2008 R2 SP1，Windows Server 2012，Windows Server 2012 R2，Windows Server 2016，Windows Server 2019，Windows Server版本1803，Windows Server版本1903，Windows Server版本1909。,高危,输入验证错误,CNNVD-202003-511,http://www.cnnvd.org.cn/web/xxk/ldxqById.tag?CNNVD=CNNVD-202003-511,目前厂商已发布升级补丁以修复漏洞，补丁获取链接：https://portal.msrc.microsoft.com/zh-CN/security-guidance/advisory/CVE-2020-0645,远程,Microsoft Windows IIS Server 输入验证错误漏洞,1
IIS,CVE-2019-0941,Microsoft Windows和Microsoft Windows Server都是美国微软（Microsoft）公司的产品。Microsoft Windows是一套个人设备使用的操作系统。Microsoft Windows Server是一套服务器操作系统。IIS Server是其中的一个IIS（互联网信息服务）服务器。Microsoft Windows IIS Server中存在代码问题漏洞。该漏洞源于网络系统或产品的代码开发过程中存在设计或实现不当的问题。以下产品及版本受到影响：Microsoft Windows 10，Windows 10版本1607，Windows 10版本1703，Windows 10版本1709，Windows 10版本1803，Windows 10版本1809，Windows 10版本1903，Windows 7 SP1，Windows 8.1，Windows RT 8.1，Windows Server 2008 SP2，Windows Server 2008 R2 SP1，Windows Server 2012，Windows Server 2012 R2，Windows Server 2016，Windows Server 2019，Windows Server版本1803，Windows Server版本1903。,高危,代码问题,CNNVD-201906-492,http://www.cnnvd.org.cn/web/xxk/ldxqById.tag?CNNVD=CNNVD-201906-492,目前厂商已发布升级补丁以修复漏洞，补丁获取链接：https://portal.msrc.microsoft.com/zh-CN/security-guidance/advisory/CVE-2019-0941,远程,Microsoft Windows IIS Server 代码问题漏洞,1
IIS,CVE-2018-18931,Tightrope Media System Carousel digital signage是美国Tightrope Media System公司的一套数字标牌管理系统。Tightrope Media Carousel digital signage 7.0.4.104版本中存在安全漏洞，该漏洞源于程序为C：TRMSServices目录分配了不安全的默认权限。攻击者可通过使用恶意的可执行文件替换Carousel.Service.exe文件利用该漏洞将权限提升至SYSTEM。,高危,其他,CNNVD-201910-1715,http://www.cnnvd.org.cn/web/xxk/ldxqById.tag?CNNVD=CNNVD-201910-1715,目前厂商已发布升级补丁以修复漏洞，补丁获取链接：https://www.carouselsignage.com,远程,Tightrope Media System Carousel digital signage 安全漏洞,1
IIS,CVE-2018-16956,Oracle WebCenter Interaction是美国甲骨文（Oracle）公司的一套用于创建企业门户、协作社区、组合应用程序和社交应用程序的套件。Oracle WebCenter Interaction Portal是其中的一个管理界面。AjaxControl是其中的一个Ajax控件组件。Oracle WebCenter Interaction Portal 10.3.3版本中的AjaxControl组件存在安全漏洞，该漏洞源于在处理页面重命名请求时，程序没有验证页面的名称。攻击者可利用该漏洞造成拒绝服务，影响数据的可用型。,中危,输入验证,CNNVD-201809-857,http://www.cnnvd.org.cn/web/xxk/ldxqById.tag?CNNVD=CNNVD-201809-857,目前厂商暂未发布修复措施解决此安全问题，建议使用此软件的用户随时关注厂商主页或参考网址以获取解决办法：http://www.oracle.com/,远程,Oracle WebCenter Interaction Portal AjaxControl组件安全漏洞,1
IIS,CVE-2017-7269,Microsoft Windows Server 2003 R2是美国微软（Microsoft）公司发布的一套服务器操作系统。Internet Information Services（IIS）是一套运行于Microsoft Windows中的互联网基本服务。,超危,缓冲区错误,CNNVD-201703-1074,http://www.cnnvd.org.cn/web/xxk/ldxqById.tag?CNNVD=CNNVD-201703-1074,目前厂商已发布升级补丁以修复漏洞，补丁获取链接:https://technet.microsoft.com/en-us/library/security/4025685.aspx,远程,Microsoft Internet Information Services 缓冲区错误漏洞,1
IIS,CVE-2017-0055,Microsoft Windows是美国微软（Microsoft）公司发布的一系列操作系统。IIS Server是其中的一个运行于其中的互联网基本服务。Microsoft Windows中的IIS Server存在跨站脚本漏洞。远程攻击者可利用该漏洞读取未授权的内容、以用户身份执行操作，以及在浏览器中注入恶意内容。以下版本受到影响：Windows Vista SP2，Windows Server 2008 SP2和R2，Windows 7 SP1，Windows 8.1，Windows Server 2012 Gold和R2，Windows RT 8.1，Windows 10 Gold，1511和1607，Windows Server 2016。,中危,跨站脚本,CNNVD-201703-609,http://www.cnnvd.org.cn/web/xxk/ldxqById.tag?CNNVD=CNNVD-201703-609,目前厂商已经发布了升级补丁以修复此安全问题，补丁获取链接：https://technet.microsoft.com/zh-cn/library/security/ms17-016,远程,Microsoft Windows Internet Information Server 跨站脚本漏洞,1
IIS,CVE-2016-0152,Microsoft Windows是美国微软（Microsoft）公司发布的一系列操作系统。Microsoft Internet Information Services（IIS）是一套运行于Microsoft Windows中的互联网基本服务。Microsoft Windows Vista SP2和Server 2008 SP2的IIS中存在远程执行代码漏洞，该漏洞源于程序在加载某些库之前无法正确验证输入。本地攻击者可利用该漏洞控制受影响的系统。,高危,权限许可和访问控制,CNNVD-201605-222,http://www.cnnvd.org.cn/web/xxk/ldxqById.tag?CNNVD=CNNVD-201605-222,目前厂商已经发布了升级补丁以修复此安全问题，补丁获取链接：https://technet.microsoft.com/en-us/library/security/MS16-058,本地,Microsoft Windows DLL 加载远程执行代码漏洞,1
IIS,CVE-2015-1635,Microsoft Windows是美国微软（Microsoft）公司发布的一系列操作系统。Microsoft Internet Information Services（IIS）是一套运行于Microsoft Windows中的互联网基本服务。,超危,代码注入,CNNVD-201504-257,http://www.cnnvd.org.cn/web/xxk/ldxqById.tag?CNNVD=CNNVD-201504-257,目前厂商已经发布了升级补丁以修复此安全问题，补丁获取链接：https://technet.microsoft.com/library/security/ms15-034,远程,Microsoft Windows HTTP.sys 远程执行代码漏洞,1
IIS,CVE-2014-4078,Microsoft Internet Information Services（IIS）是美国微软（Microsoft）公司的一套运行于Microsoft Windows中的互联网基本服务。Microsoft IIS 8.0版本和8.5版本的IP Security功能中存在安全漏洞，该漏洞源于带有‘IP Address and Domain Restrictions’列表的域没有正确处理通配符许可和拒绝规则。远程攻击者可通过发送HTTP请求利用该漏洞绕过既定的规则设置。,中危,权限许可和访问控制,CNNVD-201411-129,http://www.cnnvd.org.cn/web/xxk/ldxqById.tag?CNNVD=CNNVD-201411-129,目前厂商已经发布了升级补丁以修复此安全问题，补丁获取链接：http://technet.microsoft.com/security/bulletin/MS14-076,远程,Microsoft Internet Information Services 权限许可和访问控制漏洞,1
IIS,CVE-2013-3280,RSA SecurID Authentication Agents for Web for Internet Information Services（IIS）是美国易安信（EMC）公司的一个在UNIX及Linux平台上使用的可插入式身份验证模块。该模块集成了多种身份验证技术，如Kerberos、RSA、智能卡和DCE等。IIS中的Web的EMC RSA Authentication Agent 7.1和7.1.1版本中存在安全漏洞。远程攻击者可通过触发代理崩溃利用该漏洞绕过既定的访问限制。,高危,权限许可和访问控制,CNNVD-201310-611,http://www.cnnvd.org.cn/web/xxk/ldxqById.tag?CNNVD=CNNVD-201310-611,目前厂商已经发布了升级补丁以修复此安全问题，补丁获取链接：http://archives.neohapsis.com/archives/bugtraq/2013-10/att-0115/ESA-2013-067.txt,远程,EMC RSA Authentication Agent 权限许可和访问控制漏洞,1
IIS,CVE-2012-2532,Microsoft IIS(Internet Information Server)是Microsoft Windows系统默认自带的Web服务器软件，其中默认包含FTP服务。Internet Information Services (IIS)中的Microsoft FTP Service 7.0和7.5版本中存在漏洞，该漏洞源于在未对会话启用TLS加密前，程序即处理了未明的命令。通过读取对这些命令的回复，远程攻击者可利用该漏洞获取敏感信息，又名“FTP命令注入漏洞”。,中危,信息泄露,CNNVD-201211-230,http://www.cnnvd.org.cn/web/xxk/ldxqById.tag?CNNVD=CNNVD-201211-230,目前厂商已经发布了升级补丁以修复此安全问题，补丁获取链接：http://technet.microsoft.com/zh-cn/security/bulletin/ms12-073,远程,Microsoft FTP Service 命令注入漏洞,1
IIS,CVE-2012-2531,Microsoft IIS(Internet Information Server)是Microsoft Windows系统默认自带的Web服务器软件，其中默认包含FTP服务。,低危,信息泄露,CNNVD-201211-229,http://www.cnnvd.org.cn/web/xxk/ldxqById.tag?CNNVD=CNNVD-201211-229,目前厂商已经发布了升级补丁以修复此安全问题，补丁获取链接：http://technet.microsoft.com/zh-cn/security/bulletin/ms12-073,本地,Microsoft Internet Information Services 密码泄露漏洞,1
IIS,CVE-2011-5279,Microsoft Internet Information Services（IIS）on Windows NT和Windows 2000是美国微软（Microsoft）公司的一套运行于Windows NT和Windows 2000版本中的互联网基本服务。,中危,输入验证错误,CNNVD-201404-489,http://www.cnnvd.org.cn/web/xxk/ldxqById.tag?CNNVD=CNNVD-201404-489,目前厂商还没有提供此漏洞的相关补丁或者升级程序，建议使用此软件的用户随时关注厂商的主页以获取最新版本：http://www.microsoft.com/zh-cn/default.aspx,远程,Microsoft Internet Information Services CRLF注入漏洞,1
IIS,CVE-2011-3414,Microsoft是微软发布的非常流行的操作系统。,高危,资源管理错误,CNNVD-201112-469,http://www.cnnvd.org.cn/web/xxk/ldxqById.tag?CNNVD=CNNVD-201112-469,目前厂商已经发布了升级补丁以修复此安全问题，补丁获取链接：http://www.kb.cert.org/vuls/id/903934,远程,Microsoft ASP.NET远程拒绝服务漏洞,1
IIS,CVE-2011-2012,,,,,,,,,1
IIS,CVE-2010-3972,IIS是Microsoft出品的一个广泛应用的Internet Web服务器软件，用来在网站上提供HTTP、FTP等的服务器程序，随Windows NT和Windows 2000捆绑发售。,超危,缓冲区错误,CNNVD-201012-307,http://www.cnnvd.org.cn/web/xxk/ldxqById.tag?CNNVD=CNNVD-201012-307,目前厂商已经发布了升级补丁以修复此安全问题，补丁获取链接：http://technet.microsoft.com/en-us/security/bulletin/ms11-004,远程,Microsoft IIS FTP服务堆缓冲区溢出漏洞,1
IIS,CVE-2010-2731,Microsoft Internet Information Services是由微软公司提供的基于运行Microsoft Windows的互联网基本服务。,中危,授权问题,CNNVD-201009-134,http://www.cnnvd.org.cn/web/xxk/ldxqById.tag?CNNVD=CNNVD-201009-134,目前厂商已经发布了升级补丁以修复此安全问题，补丁获取链接：http://www.microsoft.com/technet/security/Bulletin/MS10-065.mspx,远程,Microsoft Internet Information Services未明漏洞,1
IIS,CVE-2010-2730,Microsoft Internet Information Services是由微软公司提供的基于运行Microsoft Windows的互联网基本服务。,超危,缓冲区错误,CNNVD-201009-133,http://www.cnnvd.org.cn/web/xxk/ldxqById.tag?CNNVD=CNNVD-201009-133,目前厂商已经发布了升级补丁以修复此安全问题，补丁获取链接：http://www.microsoft.com/technet/security/Bulletin/MS10-065.mspx,远程,Microsoft Internet Information Services 缓冲区溢出漏洞,1
IIS,CVE-2010-1899,Microsoft Internet Information Services是由微软公司提供的基于运行Microsoft Windows的互联网基本服务。,中危,缓冲区错误,CNNVD-201009-126,http://www.cnnvd.org.cn/web/xxk/ldxqById.tag?CNNVD=CNNVD-201009-126,目前厂商已经发布了升级补丁以修复此安全问题，补丁获取链接：http://www.microsoft.com/technet/security/Bulletin/MS10-065.mspx,远程,Microsoft Internet Information Services ASP实施栈消耗漏洞,1
IIS,CVE-2010-1886,Microsoft Windows是美国微软（Microsoft）公司发布的一系列操作系统。Windows的服务隔离功能中存在安全漏洞，拥有NetworkService权限的进程可以获得LocalSystem权限。成功利用这个漏洞要求攻击者可以控制IIS服务器上的Web内容或拥有SQL Server管理权限。,中危,权限许可和访问控制,CNNVD-201008-145,http://www.cnnvd.org.cn/web/xxk/ldxqById.tag?CNNVD=CNNVD-201008-145,"目前厂商已经发布了升级补丁以修复此安全问题，补丁获取链接：
http://support.microsoft.com/kb/982316",本地,Microsoft Windows权限许可和访问控制漏洞,1
IIS,CVE-2010-1256,Microsoft Internet信息服务(IIS)是Microsoft Windows自带的一个网络信息服务器，其中包含HTTP服务功能。,高危,代码注入,CNNVD-201006-096,http://www.cnnvd.org.cn/web/xxk/ldxqById.tag?CNNVD=CNNVD-201006-096,目前厂商已经发布了升级补丁以修复这个安全问题，补丁下载链接：http://www.microsoft.com/technet/security/bulletin/MS10-040.mspx?pf=true,远程,Microsoft IIS认证令牌处理远程代码执行漏洞,1
IIS,CVE-2010-0112,Symantec IM Manager 提供了完整、先进的IM安全管理解决方案，让组织可以在企业间安全地部署、管理与延伸IM的使用。Symantec IM Manager 8.4.16之前版本中的IIS扩展中的管理界面存在多个SQL注入漏洞。远程攻击者可以借助(1)向rdpageimlogic.aspx文件传递的rdReport 参数，该参数与rdServer.dll文件中的sGetDefinition函数，以及在某个报告文件中所包含的声明有关；(2)向rdpageimlogic.aspx传递的DetailReportGroup(又名DetailReportGroup.lgx)操作中的未明参数；向rdpageimlogic.aspx传递的SummaryReportGroup(又名SummaryReportGroup.lgx)操作中的(3)selclause，(4)whereTrendTimeClause，(5)TrendTypeForReport，(6)whereProtocolClause，或者(7)groupClause参数；向(a)rdpageimlogic.aspx或者(b)rdPage.aspx传递的LoggedInUsers(又名LoggedInUSers.lgx)操作中的(8)loginTimeStamp，(9)dbo，(10)dateDiffParam，或者(11)whereClause参数；向rdpa! geimlogic.aspx传递的(12)selclause，(13)whereTrendTimeClause，(14)TrendTypeForReport，(15)whereProtocolClause，或者(16)groupClause参数；(17)向IMAdminReportTrendFormRun.asp文件传递的groupList参数；或者(18)向IMAdminScheduleReport.asp文件传递的email参数执行任意SQL命令。,高危,SQL注入,CNNVD-201010-401,http://www.cnnvd.org.cn/web/xxk/ldxqById.tag?CNNVD=CNNVD-201010-401,目前厂商已经发布了升级补丁以修复此安全问题，补丁获取链接：https://fileconnect.symantec.com/licenselogin.jsp,远程,Symantec IM Manager IIS扩展管理界面多个SQL注入漏洞,1
IIS,CVE-2009-4445,"当Microsoft Internet Information Services (IIS)与未明第三方上载应用程序同时使用时，远程攻击者可以借助一个包含""：""和一个安全扩展名后的初始扩展名制造包含任意扩展名的空文件。例如上载一个.asp：.jpg文件导致创造一个空的.asp文件,与维持NTFS Alternate Data Streams (ADS)文件名语法相关。",中危,输入验证,CNNVD-200912-382,http://www.cnnvd.org.cn/web/xxk/ldxqById.tag?CNNVD=CNNVD-200912-382,"目前厂商还没有提供此漏洞的相关补丁或者升级程序，建议使用此软件的用户随时关注厂商的主页以获取最新版本：
http://www.microsoft.com/en-us/default.aspx",远程,Microsoft iis 安全扩展名输入验证漏洞,1
IIS,CVE-2009-4444,Microsoft Internet信息服务(IIS)是Microsoft Windows自带的一个网络信息服务器，其中包含HTTP服务功能。,中危,输入验证错误,CNNVD-200912-381,http://www.cnnvd.org.cn/web/xxk/ldxqById.tag?CNNVD=CNNVD-200912-381,目前厂商还没有提供此漏洞的相关补丁或者升级程序，建议使用此软件的用户随时关注厂商的主页以获取最新版本：http://www.microsoft.com/en-us/default.aspx,远程,Microsoft IIS畸形文件扩展名绕过安全限制漏洞,1
IIS,CVE-2009-3023,Microsoft Internet Information Services（IIS）是美国微软（Microsoft）公司的一款适用于Windows Server平台的Web服务器。FTP Service是其中的一个文件传输服务。Microsoft IIS 5.0版本至6.0版本中的FTP Service存在缓冲区错误漏洞。该漏洞源于网络系统或产品在内存上执行操作时，未正确验证数据边界，导致向关联的其他内存位置上执行了错误的读写操作。攻击者可利用该漏洞导致缓冲区溢出或堆溢出等。,超危,缓冲区错误,CNNVD-200908-498,http://www.cnnvd.org.cn/web/xxk/ldxqById.tag?CNNVD=CNNVD-200908-498,目前厂商还没有提供此漏洞的相关补丁或者升级程序，建议使用此软件的用户随时关注厂商的主页以获取最新版本：http://www.microsoft.com/en-us/default.aspx,远程,Microsoft Internet Information Services FTP Service 缓冲区错误漏洞,1
IIS,CVE-2009-2521,Microsoft Internet Information Services（IIS）是美国微软（Microsoft）公司的一款适用于Windows Server平台的Web服务器。FTP Service是其中的一个文件传输服务。Microsoft IIS 5.0版本至7.0版本中的FTP Service存在资源管理错误漏洞。该漏洞源于网络系统或产品对系统资源（如内存、磁盘空间、文件等）的管理不当。,低危,资源管理错误,CNNVD-200909-069,http://www.cnnvd.org.cn/web/xxk/ldxqById.tag?CNNVD=CNNVD-200909-069,目前厂商还没有提供此漏洞的相关补丁或者升级程序，建议使用此软件的用户随时关注厂商的主页以获取最新版本：http://www.microsoft.com/en-us/default.aspx,远程,Microsoft Internet Information Services FTP Service 资源管理错误漏洞,1
IIS,CVE-2009-2509,"Microsoft Windows Server 2003 SP2和Server 2008 Gold以及SP2中的Active Directory Federation Services (ADFS)不能正确确认HTTP请求的页眉，使远程验证用户借助对一个IIS web服务器的人工请求执行任意代码，称为""ADFS漏洞的远程代码执行""。",超危,输入验证,CNNVD-200912-112,http://www.cnnvd.org.cn/web/xxk/ldxqById.tag?CNNVD=CNNVD-200912-112,目前厂商已经发布了升级补丁以修复此安全问题，补丁获取链接：http://technet.microsoft.com/en-us/security/bulletin/MS09-070,远程,Microsoft Windows Server Active Directory Federation ServicesIIS web服务器远程代码执行漏洞,1
IIS,CVE-2009-1535,Microsoft Internet Information Services（IIS）是美国微软（Microsoft）公司的一款适用于Windows Server平台的Web服务器。WebDAV extension是其中的一个用于发布Web内容到IIS服务器的扩展组件。Microsoft IIS 5.1版本和6.0版本中的WebDAV扩展存在授权问题漏洞。攻击者可利用该漏洞绕过基于URI的保护机制，列出文件夹，读取、创建或修改文件。,高危,授权问题,CNNVD-200906-166,http://www.cnnvd.org.cn/web/xxk/ldxqById.tag?CNNVD=CNNVD-200906-166,目前厂商已经发布了升级补丁以修复这个安全问题，补丁下载链接：http://www.microsoft.com/technet/security/,远程,Microsoft Internet Information Services WebDAV扩展授权问题漏洞,1
IIS,CVE-2009-1122,Microsoft Internet信息服务(IIS)是Microsoft Windows自带的一个网络信息服务器，其中包含HTTP服务功能 。IIS的WebDAV扩展没有正确解码特制请求的URL，导致WebDAV在处理该请求时应用不正确的配置。如果应用的配置允许匿名访问，则特制的请求可以绕过身份验证 。请注意IIS在配置的匿名用户帐户的安全上下文中仍会处理该请求，因此此漏洞不能用于绕过NTFS ACL，文件系统ACL对匿名用户帐户强加的限制将仍然执行。,高危,授权问题,CNNVD-200906-150,http://www.cnnvd.org.cn/web/xxk/ldxqById.tag?CNNVD=CNNVD-200906-150,目前厂商已经发布了升级补丁以修复这个安全问题，补丁下载链接：http://www.microsoft.com/technet/security/Bulletin/MS09-020.mspx?pf=true,远程,Microsoft IIS WebDAV绕过认证漏洞,1
IIS,CVE-2008-4301,Microsoft IIS是运行于Windows上的WEB服务系统。Microsoft Internet Information Services (IIS)的iisext.dll中的某个ActiveX控件会允许远程攻击者通过对密码设置方法的一个字符串自变量来设置密码。,超危,信任管理,CNNVD-200809-405,http://www.cnnvd.org.cn/web/xxk/ldxqById.tag?CNNVD=CNNVD-200809-405,"目前厂商还没有提供此漏洞的相关补丁或者升级程序，建议使用此软件的用户随时关注厂商的主页以获取最新版本：
http://www.iis.net/",远程,Microsoft Internet Information Services (IIS) iisext.dll非授权密码修改漏洞,1
IIS,CVE-2008-4300,Microsoft IIS是运行于Windows上的WEB服务系统。Microsoft Internet Information Services (IIS)的adsiis.dll中的某个ActiveX控件，会允许远程攻击者通过对GetObject方法的第二自变量中的一个长字符串来造成拒绝服务 (浏览器崩溃)。,中危,输入验证,CNNVD-200809-404,http://www.cnnvd.org.cn/web/xxk/ldxqById.tag?CNNVD=CNNVD-200809-404,"目前厂商还没有提供此漏洞的相关补丁或者升级程序，建议使用此软件的用户随时关注厂商的主页以获取最新版本：
http://www.iis.net/",远程,Microsoft Internet Information Services (IIS) adsiis.dll GetObject方法拒绝服务漏洞,1
IIS,CVE-2008-1436,Windows是微软发布的非常流行的操作系统。,超危,权限许可和访问控制,CNNVD-200804-313,http://www.cnnvd.org.cn/web/xxk/ldxqById.tag?CNNVD=CNNVD-200804-313,目前厂商已经发布了升级补丁以修复这个安全问题，补丁下载链接：Microsoft Windows Server 2003 Datacenter Edition SP1,远程,Microsoft Windows SeImpersonatePrivilege本地权限提升漏洞,1
IIS,CVE-2008-0075,"Microsoft Internet信息服务(IIS)是Microsoft Windows自带的一个网络信息服务器，其中包含HTTP服务功能。
IIS处理ASP网页输入的方式存在远程代码执行漏洞，允许攻击者向网站的ASP页面传送恶意输入。成功利用这个漏洞的攻击者可以在IIS服务器上以WPI的权限(默认配置为网络服务帐号权限)执行任意操作。",超危,代码注入,CNNVD-200802-228,http://www.cnnvd.org.cn/web/xxk/ldxqById.tag?CNNVD=CNNVD-200802-228,"目前厂商已经发布了升级补丁以修复这个安全问题，补丁下载链接：
http://www.microsoft.com/technet/security/Bulletin/MS08-006.mspx?pf=true",远程,Microsoft IIS ASP网页输入 远程代码执行漏洞(MS08-006),1
IIS,CVE-2008-0074,Microsoft Internet Information Services（IIS）是美国微软（Microsoft）公司的一款适用于Windows Server平台的Web服务器。Microsoft IIS 5.0版本至7.0版本中存在权限许可和访问控制问题漏洞。本地攻击者可利用该漏洞获取权限。,高危,权限许可和访问控制问题,CNNVD-200802-227,http://www.cnnvd.org.cn/web/xxk/ldxqById.tag?CNNVD=CNNVD-200802-227,目前厂商已经发布了升级补丁以修复这个安全问题，补丁下载链接：http://www.microsoft.com/technet/security/Bulletin/MS08-005.mspx?pf=true,本地,Microsoft Internet Information Services 权限许可和访问控制问题漏洞,1
IIS,CVE-2007-2897,Microsoft Internet Information Services (IIS) 允许远程攻击者借助对包含有'/'序列的URI的请求，引起拒绝服务攻击(服务器不稳定或设备挂起)以及可能获得敏感信息(设备交流流量)。,高危,未知,CNNVD-200705-542,http://www.cnnvd.org.cn/web/xxk/ldxqById.tag?CNNVD=CNNVD-200705-542,"目前厂商还没有提供此漏洞的相关补丁或者升级程序，建议使用此软件的用户随时关注厂商的主页以获取最新版本：
http://windows.microsoft.com",远程,Microsoft Internet Information Services (IIS)URI的请求拒绝服务攻击漏洞,1
IIS,CVE-2007-2815,Microsoft IIS是Microsoft Windows自带的一个网络信息服务器，其中包含HTTP服务功能。Microsoft IIS在处理访问认证存在漏洞，远程攻击者可能利用此漏洞非授权访问文件。,超危,权限许可和访问控制,CNNVD-200705-436,http://www.cnnvd.org.cn/web/xxk/ldxqById.tag?CNNVD=CNNVD-200705-436,目前厂商已经发布了升级补丁以修复这个安全问题，补丁下载链接： 临时解决方法：如果您不能立刻安装补丁或者升级，CNNVD建议您采取以下措施以降低威胁：,远程,Microsoft IIS Hit Highlighting功能绕过访问认证漏洞,1
IIS,CVE-2006-6578,Microsoft Internet Information Services (IIS) 5.1允许IUSR_Machine账号执行非可执行文件如.COM文件，攻击者通过传给任意.COM文件(这些文件执行这些自变量)的自变量来执行任意命令，如使用具有特定许可且在web目录中的win.com。,高危,未知,CNNVD-200612-331,http://www.cnnvd.org.cn/web/xxk/ldxqById.tag?CNNVD=CNNVD-200612-331,,远程,Microsoft Internet Information Services .COM文件任意命令执行漏洞,1
IIS,CVE-2006-0026,Microsoft IIS是Microsoft Windows自带的一个网络信息服务器，其中包含HTTP服务功能。IIS实现上存在缓冲区溢出漏洞，远程攻击者可能利用此漏洞在服务器上执行任意指令。,中危,缓冲区溢出,CNNVD-200607-145,http://www.cnnvd.org.cn/web/xxk/ldxqById.tag?CNNVD=CNNVD-200607-145,目前厂商已经发布了升级补丁以修复这个安全问题，补丁下载链接：http://www.microsoft.com/technet/security/bulletin/ms06-034.mspx,远程,Microsoft IIS ASP远程缓冲区溢出漏洞(MS06-034),1
IIS,CVE-2005-4734,RSA Authentication Agent for Web (aka SecurID Web Agent) 5.2 和5.3 IIS版本的ISSWebAgentIF.dll存在基于栈的缓冲区溢出，远程攻击者可以通过在Redirect方法中的长url参数来执行任意代码。,中危,缓冲区溢出,CNNVD-200512-940,http://www.cnnvd.org.cn/web/xxk/ldxqById.tag?CNNVD=CNNVD-200512-940,,远程,RSA Authentication Agent IISWebAgentIF.DLL远程栈缓冲区溢出漏洞,1
IIS,CVE-2005-4360,Microsoft IIS是Microsoft Windows自带的一个网络信息服务器，其中包含HTTP服务功能。Microsoft IIS处理某些畸形的HTTP请求时存在漏洞，远程攻击者可能利用此漏洞对服务器进行拒绝服务攻击。,高危,输入验证,CNNVD-200512-423,http://www.cnnvd.org.cn/web/xxk/ldxqById.tag?CNNVD=CNNVD-200512-423,目前厂商已经发布了升级补丁以修复此安全问题，补丁获取链接：http://www.microsoft.com/technet/security/Bulletin/ms07-041.mspx?pf=true,远程,Microsoft IIS 5.1远程缓冲区溢出漏洞,1
IIS,CVE-2005-4047,IISWorks ASPKnowledgeBase 2.0的kb.asp中存在跨站脚本攻击漏洞，远程攻击者可以通过a参数注入任意Web脚本或HTML。,中危,跨站脚本,CNNVD-200512-145,http://www.cnnvd.org.cn/web/xxk/ldxqById.tag?CNNVD=CNNVD-200512-145,,远程,IISWorks ASPKnowledgeBase KB.ASP跨站脚本攻击漏洞,1
IIS,CVE-2005-2678,Microsoft IIS(Internet Information Server)是Microsoft Windows系统默认自带的Web服务器软件，其中默认包含FTP服务。Microsoft IIS 5.1和6版本中存在漏洞。远程攻击者可借助带有http：//localhost URI的GET请求欺骗SERVER_NAME变量以绕过安全检查并进行各种攻击。,中危,未知,CNNVD-200508-237,http://www.cnnvd.org.cn/web/xxk/ldxqById.tag?CNNVD=CNNVD-200508-237,目前厂商已经发布了升级补丁以修复此安全问题，补丁获取链接：http://www.support.microsoft.com/kb/906910,远程,Microsoft IIS安全检查绕过漏洞,1
IIS,CVE-2005-2089,IIS(Internet Information Services)是微软公司的互联网基本服务。IIS 5.0及6.0中存在多个安全漏洞。,中危,未知,CNNVD-200507-050,http://www.cnnvd.org.cn/web/xxk/ldxqById.tag?CNNVD=CNNVD-200507-050,,远程,Microsoft IIS 多个安全漏洞,1
IIS,CVE-2003-1582,"当客户端IP地址使用DNS解决方案启用时，Microsoft Internet Information Services存在安全漏洞。远程攻击者可以借助一个特制的HTTP请求(该请求是连接跨站脚本序列的)，注入任意的文本到日志文件中。该漏洞和与一个""反腐败查询日志(ILLC)""的问题有关。",低危,跨站脚本,CNNVD-201002-047,http://www.cnnvd.org.cn/web/xxk/ldxqById.tag?CNNVD=CNNVD-201002-047,目前厂商还没有提供此漏洞的相关补丁或者升级程序，建议使用此软件的用户随时关注厂商的主页以获取最新版本：http://www.microsoft.com/en-us/default.aspx,远程,Microsoft Internet Information Services安全漏洞,1
IIS,CVE-2003-1567,"Microsoft IIS是一款微软开发的WEB服务程序。
Microsoft Internet Information Services (IIS) 5.0版本中的无正式文件的TRACK方法会在响应正文中返还原始请求的内容，这使得远程攻击者可以通过使用TRACK读取HTTP头的内容，来窃取cookies和身份认证信任证书，或绕过HttpOnly保护机制。HTTP头会在响应在反馈回来。在技术上，该漏洞与跨站脚本攻击漏洞相似。",中危,信息泄露,CNNVD-200901-175,http://www.cnnvd.org.cn/web/xxk/ldxqById.tag?CNNVD=CNNVD-200901-175,"目前厂商已经发布了升级补丁以修复此安全问题，补丁获取链接：
http://www.kb.cert.org/vuls/id/288308",远程,microsoft internet_information_services 信息泄露漏洞,1
IIS,CVE-2003-1566,"Microsoft IIS是一款微软开发的WEB服务程序。
Microsoft IIS服务跟踪日志记录存在问题，远程攻击者可以利用这个漏洞提交恶意请求而不被记录。
问题是IIS服务器对""TRACK""请求没有进行日志记录，这可导致攻击者对服务器进行探测或生成部分通信不被发现。
IIS 6.0不受此漏洞影响。",中危,配置错误,CNNVD-200901-174,http://www.cnnvd.org.cn/web/xxk/ldxqById.tag?CNNVD=CNNVD-200901-174,"目前厂商已经发布了升级补丁以修复此安全问题，补丁获取链接：
http://xforce.iss.net/xforce/xfdb/14077",远程,Microsoft IIS服务跟踪日志绕过漏洞,1
IIS,CVE-2003-1102,运行于IIS的Hummingbird CyberDOCS 3.5， 3.9，和4.0版本为脚本源代码文件使用不安全许可。远程攻击者读取源代码。,中危,未知,CNNVD-200312-104,http://www.cnnvd.org.cn/web/xxk/ldxqById.tag?CNNVD=CNNVD-200312-104,,远程,Hummingbird CyberDOCS漏洞,1
IIS,CVE-2003-0718,"Microsoft IIS默认提供了对WebDAV的支持，通过WebDAV可以通过HTTP向用户提供远程文件存储的服务。
Microsoft IIS包含的WEBDAV组件对特殊构建的WEBDAV请求处理不正确，远程攻击者可以利用这个漏洞利用WEBDAV消耗大量内存和CPU时间，导致拒绝服务攻击。
攻击者可以构建恶意的使用XML属性的WEBDAV PROPFIND请求，可导致XML解析器消耗大量内存和CPU时间，造成拒绝服务。",中危,其他,CNNVD-200411-017,http://www.cnnvd.org.cn/web/xxk/ldxqById.tag?CNNVD=CNNVD-200411-017,"临时解决方法：
如果您不能立刻安装补丁或者升级，CNNVD建议您采取以下措施以降低威胁：* 关闭WEBDAV服务。
厂商补丁：
Microsoft
---------
Microsoft已经为此发布了一个安全公告(MS04-030)以及相应补丁:",远程,Microsoft Windows WebDAV XML消息处理远程拒绝服务漏洞(MS04-030),1
IIS,CVE-2003-0317,iisPROTECT 2.1和2.2版本存在漏洞。远程攻击者借助包含URL-encoded字符的HTTP请求绕过认证。,高危,未知,CNNVD-200312-298,http://www.cnnvd.org.cn/web/xxk/ldxqById.tag?CNNVD=CNNVD-200312-298,,远程,iisPROTECT绕过认证漏洞,1
IIS,CVE-2003-0226,"Microsoft IIS 5.0(Internet Infomation Server 5)是Microsoft Windows 2000自带的一个网络信息服务器，其中包含HTTP服务功能。IIS5 默认提供了对WebDAV的支持，通过WebDAV可以通过HTTP向用户提供远程文件存储的服务。
WebDAV实现对部分模式的超长请求处理不正确，远程攻击者可以利用这个漏洞对IIS服务进行拒绝服务攻击。
攻击者可以使用'PROPFIND'或'SEARCH'请求方法，提交包含49，153字节的Webdav请求，IIS会由于拒绝服务而重新启动。不过IIS 5.0会自动重新启动。",中危,其他,CNNVD-200306-027,http://www.cnnvd.org.cn/web/xxk/ldxqById.tag?CNNVD=CNNVD-200306-027,"厂商补丁：
Microsoft
---------
Microsoft已经为此发布了一个安全公告(MS03-018)以及相应补丁:MS03-018：Cumulative Patch for Internet Information Service (811114)",远程,Microsoft IIS WebDAV超长请求远程拒绝服务攻击漏洞(MS03-018),1
IIS,CVE-2003-0225,"Microsoft IIS 5.0(Internet Infomation Server 5)是Microsoft Windows 2000自带的一个网络信息服务器，其中包含HTTP服务功能。
Microsoft IIS在处理超大ASP头请求时存在问题，远程攻击者可以利用这个漏洞对服务进行拒绝服务攻击。
由于IIS 4.0和5.0当构建头返回给WEB客户端时配置内存请求存在缺陷，可导致发生拒绝服务问题。攻击者要利用这个漏洞需要上传ASP页给有此漏洞的IIS服务器，当攻击者调用这个恶意ASP页时，会尝试返回超大头给调用的WEB客户端。由于IIS没有限制调用的内存分配，可导致IIS最终产生拒绝服务，停止对正常服务的响应。",中危,边界条件错误,CNNVD-200306-048,http://www.cnnvd.org.cn/web/xxk/ldxqById.tag?CNNVD=CNNVD-200306-048,"厂商补丁：
Microsoft
---------
Microsoft已经为此发布了一个安全公告(MS03-018)以及相应补丁:MS03-018：Cumulative Patch for Internet Information Service (811114)",远程,Microsoft IIS ASP头远程拒绝服务攻击漏洞(MS03-018),1
IIS,CVE-2003-0224,"Microsoft IIS 5.0(Internet Infomation Server 5)是Microsoft Windows 2000自带的一个网络信息服务器。IIS支持SSI(Server Side Include)功能。ssinc.dll就是一个SSI解释器。默认情况下，扩展名 .stm、.shtm 和 .shtml 被映射到解释程序(ssinc.dll)。
IIS 4.0/5.0所带的一个动态链接库(ssinc.dll)在处理包含文件时存在一个缓冲区溢出漏洞，本地攻击者可能利用这个漏洞获取Local System权限。
SSI支持""＃include""指令，通常的使用方式是：
＜!--＃include file=""文件名""--＞
ssinc.dll在处理""＃include""指令时，会首先试图获取该shtml文件的物理路径，因此它会将URI请求拷贝到一个固定大小的缓冲区中，例如当请求下列shtml文件时：
http：//iishost/abc/test.shtml
它会将""/abc/test.shtml""保存到一个固定大小的缓冲区中。由于在拷贝时没有对shtml文件名的长度进行检查，导致一个栈缓冲区溢出。
NSFocus安全小组曾发现过一个类似的问题，参见
http：//www.nsfocus.net/index.php?act=advisory＆do=view＆adv_id=17，
相应的微软安全公告为
http：//www.microsoft.com/technet/security/bulletin/ms01-044.asp。
本漏洞是在原来的那个漏洞之前发生的。
IIS检测了过长的shtml文件名以避免缓冲区溢出，然而遗憾地是IIS的处理方法是将长文件名截短至合法长度然后试图打开它，而打开之后ssinc.dll仍然会使用初始的URI进行拷贝。因此通过创建一个特定长度的WEB文件就有可能绕过这个检查，然后再请求一个长文件名的shtml文件就会产生溢出，可导致IIS停止响应。如果精心地构造溢出数据，就可能改变程序流程，并以local System权限执行任意代码。
攻击者要进行攻击需要有两个条件：
1. 攻击者需要有权限在web目录下创建文件。
2. 攻击者需要能够通过web服务访问创建的文件。",超危,边界条件错误,CNNVD-200306-007,http://www.cnnvd.org.cn/web/xxk/ldxqById.tag?CNNVD=CNNVD-200306-007,"临时解决方法：
如果您不能立刻安装补丁或者升级，CNNVD建议您采取以下措施以降低威胁：1、禁止不可信用户对web目录拥有写权限",远程,Microsoft IIS ssinc.dll长文件名缓冲区溢出漏洞(MS03-018),1
IIS,CVE-2003-0223,"Microsoft IIS 5.0(Internet Infomation Server 5)是Microsoft Windows 2000自带的一个网络信息服务器，其中包含HTTP服务功能。
Microsoft IIS在处理重定向错误页面时存在跨站脚本执行问题，远程攻击者可以利用这个漏洞构建恶意页面，诱使用户访问，获得用户基于认证的敏感信息。
此跨站脚本执行攻击影响IIS 4.0，5.0和5.1，IIS在处理错误信息传递给通告用户请求URL将被重定向时，对响应的信息没有进行充分过滤。攻击者可以诱骗用户点击恶意页面，此页面包含恶意脚本代码的链接指向第三方的IIS服务器，导致IIS服务器在返回错误信息给用户时包含恶意代码，这可导致恶意脚本在用户浏览器上执行，使用户基于认证的敏感信息泄露给攻击者。",中危,输入验证,CNNVD-200306-037,http://www.cnnvd.org.cn/web/xxk/ldxqById.tag?CNNVD=CNNVD-200306-037,"厂商补丁：
Microsoft
---------
Microsoft已经为此发布了一个安全公告(MS03-018)以及相应补丁:MS03-018：Cumulative Patch for Internet Information Service (811114)",远程,Microsoft IIS重定向错误页面跨站脚本执行漏洞(MS03-018),1
IIS,CVE-2003-0109,"Microsoft IIS 5.0(Internet Infomation Server 5)是Microsoft Windows 2000自带的一个网络信息服务器，其中包含HTTP服务功能。IIS5 默认提供了对WebDAV的支持，通过WebDAV可以通过HTTP向用户提供远程文件存储的服务。但是作为普通的HTTP服务器，这个功能不是必需的。
IIS 5.0包含的WebDAV组件不充分检查传递给部分系统组件的数据，远程攻击者利用这个漏洞对WebDAV进行缓冲区溢出攻击，可能以WEB进程权限在系统上执行任意指令。
IIS 5.0的WebDAV使用了ntdll.dll中的一些函数，而这些函数存在一个缓冲区溢出漏洞。通过对WebDAV的畸形请求可以触发这个溢出。成功利用这个漏洞可以获得LocalSystem权限。这意味着，入侵者可以获得主机的完全控制能力。",高危,边界条件错误,CNNVD-200303-079,http://www.cnnvd.org.cn/web/xxk/ldxqById.tag?CNNVD=CNNVD-200303-079,"临时解决方法：
如果您不能立刻安装补丁或者升级，CNNVD建议您采取以下措施以降低威胁：* 使用微软提供的IIS Lockdown工具可能可以防止该漏洞被利用。",远程,Microsoft Windows 2000 WebDAV远程缓冲区溢出漏洞(MS03-007),1
IIS,CVE-2002-1908,"IIS是Microsoft公司开发的流行的HTTP服务器程序，随同Windows操作系统捆绑发布。
IIS在处理HTTP POST请求时存在问题，远程攻击者可以利用这个漏洞进行拒绝服务攻击。
IIS中的'shtml.dll'组件对包含畸形HOST头字段的HTTP请求处理存在问题，远程攻击者可以发送包含多个'/'字符的HOST头信息给IIS服务器，可导致WEB服务崩溃，停止对合法请求的响应。",中危,其他,CNNVD-200212-871,http://www.cnnvd.org.cn/web/xxk/ldxqById.tag?CNNVD=CNNVD-200212-871,"厂商补丁：
Microsoft
---------
目前厂商还没有提供补丁或者升级程序，我们建议使用此软件的用户随时关注厂商的主页以获取最新版本：http://www.microsoft.com/technet/security/",远程,Microsoft IIS 5.0/5.1畸形HTTP HOST头字段远程拒绝服务攻击漏洞,1
IIS,CVE-2002-1790,Microsoft Internet Information Services（IIS）是美国微软（Microsoft）公司的一款适用于Windows Server平台的Web服务器。Microsoft Internet Information Services (IIS) 4.0版本和5.0版本中的SMTP服务存在安全漏洞。远程攻击者可利用该漏洞发送垃圾邮件或伪造的消息。,中危,其他,CNNVD-200212-620,http://www.cnnvd.org.cn/web/xxk/ldxqById.tag?CNNVD=CNNVD-200212-620,目前厂商暂未发布修复措施解决此安全问题，建议使用此软件的用户随时关注厂商主页或参考网址以获取解决办法：https://www.microsoft.com/,远程,Microsoft Internet Information Services 安全漏洞,1
IIS,CVE-2002-1745,"Microsoft IIS是一款Microsoft公司分发和维护的流行WEB服务程序，其中在样例脚本目录(/IISSAMPLES)中存在用来查看其他脚本源代码的样例脚本。
CodeBrws.ASP脚本对扩展名处理不正确，可导致攻击者查看其他文件类型的源代码信息。
CodeBrws.ASP脚本原始设计只能显示以.html、.htm、.asp或者.inc为扩展名的文件内容，但是存在缺陷，可以处理在文件扩展名后增加额外字符的文件类型，因此攻击者可以查看其他类型的文件，如.NET结构下的.aspx文件源代码，造成文件中敏感信息泄露。
由于CodeBrws.ASP又存在其他漏洞可以查看样例目录之外的文件内容，结合上面所述漏洞可导致攻击者查看更多文件类型信息。",中危,输入验证,CNNVD-200212-516,http://www.cnnvd.org.cn/web/xxk/ldxqById.tag?CNNVD=CNNVD-200212-516,"临时解决方法：
如果您不能立刻安装补丁或者升级，CNNVD建议您采取以下措施以降低威胁：* 删除CodeBrws.asp脚本文件。
厂商补丁：
Microsoft
---------
目前厂商还没有提供补丁或者升级程序，我们建议使用此软件的用户随时关注厂商的主页以获取最新版本：",远程,Microsoft IIS CodeBrws.ASP检查文件扩展名不当漏洞,1
IIS,CVE-2002-1744,"Microsoft IIS(Internet Information Server)是MS Windows系统默认自带的Web服务器软件。
IIS 5.0默认自带的示例脚本文件CodeBrws.asp对用户输入没有正确过滤，远程攻击者可能利用此漏洞读取Web主目录内任意以.asp、.inc、.htm和.html为后缀的文件。
问题在于CodeBrws.asp脚本中虽然对提交给它参数的路径信息中检查是否包含了""..""串，但没有考虑到Unicode的可能，远程攻击者可能提交""..""串的Unicode表示方式""%c0%ae%c0%ae""给脚本程序，从而访问到Web目录内任意以.asp、.inc、.htm和.html为后缀文件的源码。",中危,输入验证,CNNVD-200212-845,http://www.cnnvd.org.cn/web/xxk/ldxqById.tag?CNNVD=CNNVD-200212-845,"临时解决方法：
如果您不能立刻安装补丁或者升级，CNNVD建议您采取以下措施以降低威胁：* 删除CodeBrws.asp脚本或整个示例脚本目录。
厂商补丁：
Microsoft
---------
目前厂商还没有提供补丁或者升级程序，我们建议使用此软件的用户随时关注厂商的主页以获取最新版本：",远程,Microsoft IIS示例脚本CodeBrws.asp远程读取特定脚本源码漏洞,1
IIS,CVE-2002-1718,Microsoft Internet Information Server (IIS) 5.1存在漏洞。远程攻击者可以通过要求使用包含..（点 点）序列的colegal.htm的HTTP请求浏览Frontpage Server Extension (FPSE)文件的内容。,中危,设计错误,CNNVD-200212-383,http://www.cnnvd.org.cn/web/xxk/ldxqById.tag?CNNVD=CNNVD-200212-383,"Currently the SecurityFocus staff are not aware of any vendor-supplied patches for this issue. If you feel we are in error or are aware of more recent information, please mail us at: vuldb@securityfocus.com .",远程,Microsoft IIS 5.1 Frontpage Server扩展文件源泄露漏洞,1
IIS,CVE-2002-1717,Microsoft Internet Information Server (IIS) 5.1版本存在漏洞。远程攻击者借助(1) /_vti_pvt/access.cnf， (2) /_vti_pvt/botinfs.cnf， (3) /_vti_pvt/bots.cnf， or (4) /_vti_pvt/linkinfo.cnf的GET请求查看路径信息。,中危,设计错误,CNNVD-200212-797,http://www.cnnvd.org.cn/web/xxk/ldxqById.tag?CNNVD=CNNVD-200212-797,"Currently the SecurityFocus staff are not aware of any vendor-supplied patches for this issue. If you feel we are in error or are aware of more recent information, please mail us at: vuldb@securityfocus.com .",远程,Microsoft IIS 5.1 Frontpage扩展路径信息泄露漏洞,1
IIS,CVE-2002-1694,"多个厂商的应用软件包括(IIS 4.0和Norton Internet Security 2001)的日志文件属性设置不安全，允许拥有本地权限的非特权用户修改日志文件。
缺省情况下，微软的IIS4、IIS5将所有HTTP请求以W3C扩展日志文件格式存入文本文件中，该日志文件位于 %WinDir%＼System32＼LogFiles＼W3SVC1目录下，每天都会创建一个日志文件。
WEB Server运行时，用户无法删除当天的日志文件，因为它被W3SVC服务锁定了。必须停止该服务才能删除当天的日志文件。
对于运行II4的Windows NT4 SP6a，这个日志文件的缺省权限是
Administrators    ： Full Control
Everyone          ： Change (RWXD)
IUSR_ComputerName ： Full Control
System            ： Full Control
即Everyone group的成员可以读、写、执行、删除该文件，而IIS内置帐号对这个日志文件拥有完全控制权限。然而，与服务控制管理数据库相关联的DACL禁止Everyone group成员停止W3SVC服务。因此本地非特权用户无法修改日志文件。但是，由于inetinfo.exe打开日志文件时指定了 FILE_SHARE_READ 和 FILE_SHARE_WRITE 参数。其它应用程序可以使用 OpenFile Win32 API ，指定 (OF_REOPEN|OF_READWRITE) 参数，再次打开当天的日志文件。此时，不必停止W3SVC服务，就可以修改当天的日志文件。当攻击者无权停止W3SVC服务时，就可利用这点清除日志。
比如，针对IIS4做完UNICODE攻击后，不必提升到SYSTEM权限停止W3SVC服务，就可以
擦除日志。注意，这需要IUSR_ComputerName(内置帐号)权限，而这可通过UNICODE漏
洞获取。
Norton Internet Security 2001 分别在如下日志文件中记录攻击和告警
    ＼Program Files＼Norton Internet Security＼iamfw.rel
    ＼Program Files＼Norton Internet Security＼iamalert.rel
如果所在文件系统是NTFS，这两个日志文件的缺省权限是
Everyone ： Full Control
NIS 2001打开日志文件时指定了 FILE_SHARE_READ 和 FILE_SHARE_WRITE 参数，存在类似的安全问题。
这里暴露出来的问题不仅仅存在于Microsoft、Symantec的产品中，其它厂商的产品在打开敏感文件时，很可能也以类似方式使用 FILE_SHARE_READ 和 FILE_SHARE_WRITE
参数。",中危,设计错误,CNNVD-200212-079,http://www.cnnvd.org.cn/web/xxk/ldxqById.tag?CNNVD=CNNVD-200212-079,"临时解决方法：
如果您不能立刻安装补丁或者升级，CNNVD建议您采取以下措施以降低威胁：* 为了解决这个问题，微软建议针对相关目录(比如，W3svc、W3svc1、Msftpsvc1等等)做如下修正",远程,多个厂商产品允许非特权用户修改日志文件漏洞,1
IIS,CVE-2002-1182,"Microsoft IIS是一款HTTP服务程序，IIS 5.0/5.1包含WebDAV组件。WebDAV允许WEB开发队伍和其他工作组可以使用远程WEB服务器共同协作工作。
IIS 5.0/5.1在为WebDAV请求分配内存时存在问题，远程攻击者可以利用这个漏洞进行拒绝服务攻击。
由于IIS 5.0/5.1在为WebDAV请求分配内存处理不正确，如果攻击者发送畸形WebDAV请求给服务器，IIS会在服务器上分配一超大的内存给这个请求。通过发送多个相同形式请求，可导致消耗服务器上所有内存而停止对正常请求进行响应。
此漏洞只有在服务器上运行了索引服务和服务器允许WebDAV请求的情况下才存在。",中危,其他,CNNVD-200211-036,http://www.cnnvd.org.cn/web/xxk/ldxqById.tag?CNNVD=CNNVD-200211-036,"临时解决方法：
如果您不能立刻安装补丁或者升级，CNNVD建议您采取以下措施以降低威胁：* 使用微软提供的IIS Lockdown工具可能可以防止该漏洞。
厂商补丁：
Microsoft
---------
Microsoft已经为此发布了一个安全公告(MS02-062)以及相应补丁:",远程,Microsoft Internet Information Server WebDAV远程拒绝服务漏洞(MS02-062),1
IIS,CVE-2002-1181,"Microsoft IIS是一款由微软公司开发的HTTP服务程序。
Microsoft IIS服务程序中用于管理目的的WEB页面对用户提交的输入缺少过滤，远程攻击者可以利用这个漏洞构建恶意WEB页，诱使用户点击，可以窃取目标用户基于Cookie认证的敏感信息，或者进行其他攻击。
Microsoft IIS服务程序中两个与管理相关的页面跨站脚本执行漏洞(CSS)。远程攻击者可以在控制的WEB站点中建立在受此漏洞影响的某一页面嵌入恶意脚本代码的URL链接，当目标用户被诱使点击这个恶意链接的时候，脚本代码会在目标用户的浏览器上执行，这可以导致攻击者窃取基于认证的Cookie信息和其他系统信息。
＜*链接：http：//www.microsoft.com/technet/security/bulletin/MS02-062.asp
*＞",中危,边界条件错误,CNNVD-200211-022,http://www.cnnvd.org.cn/web/xxk/ldxqById.tag?CNNVD=CNNVD-200211-022,"厂商补丁：
Microsoft
---------
Microsoft已经为此发布了一个安全公告(MS02-062)以及相应补丁:MS02-062：Cumulative Patch for Internet Information Service (Q327696)",远程,Microsoft IIS管理页面跨站脚本执行漏洞(MS02-062),1
IIS,CVE-2002-1180,"Microsoft IIS是一款由微软公司开发的HTTP服务程序。
Microsoft IIS 5.0在处理脚本资源访问权限操作上存在问题，远程攻击者可以利用这个漏洞上传任意文件到受此漏洞影响的WEB服务器上并以高权限执行。
Microsoft IIS 5.0服务程序在脚本资源访问权限文件类型列表中存在一个排版错误，可导致远程攻击者装载任意恶意文件到服务器中。脚本资源访问存在一个访问控制机制可防止用户上载任意执行文件或者脚本到服务器上，但是，这个机制没有防止用户上传.COM文件类型。远程攻击者如果在IIS服务器上有对虚拟目录写和执行权限，就可以上传.COM文件到服务器并以高权限执行这个文件。
只有在管理员对所有用户授予一个或多个服务器虚拟目录的写权限和执行权限时，本漏洞才能被利用。默认配置的IIS不受本漏洞影响。并且只有在服务器允许提交WebDAV请求时，本漏洞才可能被利用。如果采用了缺省配置的IIS Lockdown Tool就会拒绝这种请求。
＜*链接：http：//www.microsoft.com/technet/security/bulletin/MS02-062.asp
*＞",高危,设计错误,CNNVD-200211-023,http://www.cnnvd.org.cn/web/xxk/ldxqById.tag?CNNVD=CNNVD-200211-023,"厂商补丁：
Microsoft
---------
Microsoft已经为此发布了一个安全公告(MS02-062)以及相应补丁:MS02-062：Cumulative Patch for Internet Information Service (Q327696)",远程,Microsoft IIS脚本资源访问文件上载漏洞(MS02-062),1
IIS,CVE-2002-0869,"Microsoft IIS是一款由微软公司开发的HTTP服务程序。
Microsoft IIS服务程序对于进程外运行的应用进程的权限处理上存在漏洞，攻击者可能利用这个漏洞进行权限提升攻击。
默认设置hosting进程(dllhost.exe)一般以IWAM_computername帐户的安全上下文运行，在某些情况下hosting进程可能象IIS ISAPI扩展一样以LocalSystem权限执行应用程序。
不过只有已经能够在受影响的web server中上载和执行应用程序的攻击者才能利用本漏洞。正常安全实践不建议允许不可信用户在服务器中上载应用程序，即使可信用户的应用程序也须在上载前进行仔细检查。
＜*链接：http：//www.microsoft.com/technet/security/bulletin/MS02-062.asp
*＞",高危,其他,CNNVD-200211-016,http://www.cnnvd.org.cn/web/xxk/ldxqById.tag?CNNVD=CNNVD-200211-016,"厂商补丁：
Microsoft
---------
Microsoft已经为此发布了一个安全公告(MS02-062)以及相应补丁:MS02-062：Cumulative Patch for Internet Information Service (Q327696)",远程,Microsoft IIS进程外运行应用进程可导致权限提升漏洞(MS02-062),1
IIS,CVE-2002-0422,IIS 5和5.1版本支持WebDAV类函数。远程攻击者可以借助（1）带有空头的PROPFIND HTTP请求泄漏207多状态响应地址或（2） WRITE或MKCOL类函数泄漏位置服务器头的IP。,低危,信息泄露,CNNVD-200208-158,http://www.cnnvd.org.cn/web/xxk/ldxqById.tag?CNNVD=CNNVD-200208-158,,远程,IIS信息泄漏漏洞,1
IIS,CVE-2002-0421,"微软IIS是Windows平台上的一种WEB Server。
IIS 4.0有一个远程可访问目录/IISADMPWD，包含了一些.HTR文件。这些文件最初设计用于为系统管理员提供基于HTTP的网络用户口令修改机制。提交对.HTR文件的请求，将返回一个表单，让用户输入帐号名、当前口令、准备使用的新口令。
据报告，即使一个帐号的本地安全策略中设置了""用户不能修改口令""，仍有可能通过IISADMPWD目录下的.HTR程序修改自己的口令。对于被禁用的帐号，此问题同样存在。",中危,设计错误,CNNVD-200208-168,http://www.cnnvd.org.cn/web/xxk/ldxqById.tag?CNNVD=CNNVD-200208-168,"临时解决方法：
如果您不能立刻安装补丁或者升级，CNNVD建议您采取以下措施以降低威胁：* 由于.HTR技术本身存在重大安全隐患，微软不打算就此问题给出其它解决方案，它们建议取消对.HTR的映射，转用微软活动目录服务接口(ADSI)处理类似请求。
厂商补丁：
Microsoft
---------
目前厂商还没有提供补丁或者升级程序，我们建议使用此软件的用户随时关注厂商的主页以获取最新版本：",远程,Microsoft Windows NT安全策略被绕过漏洞,1
IIS,CVE-2002-0419,IIS 4至5.1版本中存在信息泄露漏洞。远程攻击者可借助（1）来自服务器的响应（揭露是否支持Basic或NTLM认证至401个访问拒绝错误消息），（2）某些配置中为Basic认证作为域提出的服务器IP地址，泄露被NAT掩盖的真实IP地址，或（3）使用NTLM认证时，服务器的NetBIOS名和它的Windows NT域在对认证请求的响应中被揭露。,中危,信息泄露,CNNVD-200208-053,http://www.cnnvd.org.cn/web/xxk/ldxqById.tag?CNNVD=CNNVD-200208-053,"Currently the SecurityFocus staff are not aware of any vendor-supplied patches for this issue. If you feel we are in error or are aware of more recent information, please mail us at: vuldb@securityfocus.com",远程,Microsoft IIS认证类函数泄露漏洞,1
IIS,CVE-2002-0364,"Microsoft IIS(Internet Information Server)是MS Windows系统默认自带的Web服务器软件。
IIS 4.0/5.0 HTR ISAPI过滤器在处理分块编码传送(chunked encoding transfer)时存在远程缓冲区溢出漏洞，远程攻击者可以利用此漏洞得到主机本地普通用户访问权限。
默认安装的IIS 4.0/5.0服务器加载了HTR ISAPI过滤器，当HTR请求会话进程结合分块编码传送处理时存在一个缓冲区溢出漏洞。攻击者可以提交精心构建的会话而覆盖堆的内存数据结构，使之以其指定的数据重写任意地址的4字节内存。由于开发者代替了默认异常处理过滤器所以利用此漏洞进行攻击可以使dllhost.exe子进程无现象的情况下崩溃，因此如果你要进行调试，就需要装载调试程序对dllhost.exe进行跟踪。
攻击者可以使dllhost.exe重写它可以访问的任意4字节的内存，包括全局变量，程序函数指针、异常处理模块指针或其他任何可以用来控制程序执行流程的地址，从而改变程序执行流程，执行任意攻击者指定的代码。",高危,边界条件错误,CNNVD-200207-013,http://www.cnnvd.org.cn/web/xxk/ldxqById.tag?CNNVD=CNNVD-200207-013,"临时解决方法：
如果您不能立刻安装补丁或者升级，CNNVD建议您采取以下措施以降低威胁：* 您应该立刻删除"".htr""脚本映射。",远程,Microsoft IIS 4.0/5.0 .HTR ISAPI扩展分块传输模式远程堆溢出漏洞(MS02-028),1
IIS,CVE-2002-0150,"Microsoft IIS(Internet Information Server)是MS Windows系统默认自带的Web服务器软件。
IIS 4.0/5.0/5.1在处理HTTP头部信息的代码中存在远程缓冲区溢出漏洞，远程攻击者可以利用此漏洞远程执行命令或造成拒绝服务。
IIS在收到一个HTTP请求时，会先对其进行分析，它根据分隔符来区分不同的区域，并将不同域的内容保存到适当大小的缓冲区中。为确保应有的分隔域存在且处于合理的位置，IIS会在解析HTTP报头的域之间进行一个安全检查。但是利用这一漏洞，攻击者有可能欺骗这一检查，使IIS误以为分隔域确实存在，IIS可能会将一个超过IIS预期长度的HTTP头部域数据保存到一个缓冲区中，从而造成缓冲区溢出。要利用这个漏洞，目标IIS服务器必须允许使用ASP ISAPI。
如果攻击者使用随机数据，可能使IIS服务崩溃(IIS 5.0/5.1会自动重启)。如果精心构造发送的数据，也可能允许攻击者执行任意代码。
成功地利用这个漏洞，对于IIS 4.0，远程攻击者可以获取SYSTEM权限；对于IIS 5.0/5.1攻击者可以获取IWAM_computername用户的权限。",高危,边界条件错误,CNNVD-200204-018,http://www.cnnvd.org.cn/web/xxk/ldxqById.tag?CNNVD=CNNVD-200204-018,"临时解决方法：
如果您不能立刻安装补丁或者升级，CNNVD建议您采取以下措施以降低威胁：* 如果您不需要使用ASP脚本，您应该立刻删除"".asp""的脚本映射。",远程,Microsoft IIS HTTP头部处理缓冲区溢出漏洞(MS02-018),1
IIS,CVE-2002-0149,"Microsoft IIS(Internet Information Server)是MS Windows系统默认自带的Web服务器软件。
IIS 4.0、5.0和5.1在处理ASP SSI(服务端包含)存在逻辑检查和缓冲区溢出漏洞，允许远程攻击者得到主机的本地访问权限。
产生原因是由于在 SSI(服务端包含)的一个安全检查有错误。某些情况下，用户的网页请求能正确地通过在ASP脚本中嵌入文件并处理来完成。在处理嵌入请求之前，IIS会对用户指定的文件名进行检查，以确保文件名有效且其大小能放入一个静态缓冲区。但是，某些情况下，攻击者可以用某种方式提交一个伪造的超长文件名并能通过安全检查，从而导致缓冲区溢出。
成功地利用这个漏洞，对于IIS 4.0，远程攻击者可以获取SYSTEM权限；对于IIS 5.0/5.1攻击者可以获取IWAM_computername用户的权限。",高危,边界条件错误,CNNVD-200204-023,http://www.cnnvd.org.cn/web/xxk/ldxqById.tag?CNNVD=CNNVD-200204-023,"厂商补丁：
Microsoft
---------
Microsoft已经为此发布了一个安全公告(MS02-018)以及相应补丁:MS02-018：Cumulative Patch for Internet Information Services (Q319733)",远程,Microsoft IIS ASP SSI远程缓冲区溢出漏洞(MS02-018),1
IIS,CVE-2002-0148,"Microsoft IIS(Internet Information Server)是MS Windows系统默认自带的Web服务器软件。
由于Microsoft IIS建立的错误页面时没有很好的检查用户输入，可以导致攻击者进行跨站脚本执行攻击。
每一次IIS碰到HTTP 404代码，它就会显示""404 not found""的页面内容，这个HTML文件使用脚本输出一条到SERVER.TLD的连接，攻击者可以通过构建特殊的包含任意脚本代码命令的404页面连接，当其他用户浏览此连接的时候，包含在里面的脚本代码就会在浏览用户浏览器中执行。
可能导致攻击者获得用户基于Cookie认证的敏感信息。",高危,输入验证,CNNVD-200204-015,http://www.cnnvd.org.cn/web/xxk/ldxqById.tag?CNNVD=CNNVD-200204-015,"临时解决方法：
如果您不能立刻安装补丁或者升级，CNNVD建议您采取以下措施以降低威胁：* 暂时没有合适的临时解决方法。
厂商补丁：
Microsoft
---------
Microsoft已经为此发布了一个安全公告(MS02-018)以及相应补丁:",远程,Microsoft IIS HTTP错误页面处理跨站脚本执行漏洞(MS02-018),1
IIS,CVE-2002-0147,"Microsoft IIS(Internet Information Server)是MS Windows系统默认自带的Web服务器软件。
IIS 4.0/5.0/5.1 ASP (Active Server Pages) ISAPI过滤器存在远程缓冲区溢出漏洞，远程攻击者可以利用此漏洞得到主机本地普通用户访问权限。
默认安装的IIS 4.0/5.0/5.1服务器加载了ASP ISAPI过滤器，它在处理分块编码传送(chunked encoding transfer)机制的代码中存在一个缓冲区溢出漏洞。攻击者通过提交恶意分块编码的数据可以覆盖heap区的内存数据，从而改变程序执行流程，执行任意攻击者指定的代码。
此安全漏洞由微软自行发现，此漏洞与""Microsoft IIS 4.0/5.0 .asp映射分块编码远程缓冲区溢出漏洞""( http：//security.nsfocus.com/showQuery.asp?bugID=2551 )有着相似的原理和后果。但是此漏洞同时也影响IIS 5.1，并且无法通过URLScan工具消除威胁。
如果攻击者使用随机数据，可能使IIS服务崩溃(IIS 5.0/5.1会自动重启)。如果精心构造发送的数据，也可能允许攻击者执行任意代码。
成功地利用这个漏洞，对于IIS 4.0，远程攻击者可以获取SYSTEM权限；对于IIS 5.0/5.1攻击者可以获取IWAM_computername用户的权限。",高危,边界条件错误,CNNVD-200204-043,http://www.cnnvd.org.cn/web/xxk/ldxqById.tag?CNNVD=CNNVD-200204-043,"临时解决方法：
如果您不能立刻安装补丁或者升级，CNNVD建议您采取以下措施以降低威胁：* 如果您不需要使用ASP脚本，您应该立刻删除"".asp""的脚本映射。",远程,Microsoft IIS  .ASP映射分块编码远程缓冲区溢出漏洞(MS02-018),1
IIS,CVE-2002-0079,"Microsoft IIS(Internet Information Server)是MS Windows系统默认自带的Web服务器软件。
IIS 4.0/5.0 ASP (Active Server Pages) ISAPI过滤器存在远程缓冲区溢出漏洞，远程攻击者可以利用此漏洞得到主机本地普通用户访问权限。
默认安装的IIS 4.0/5.0服务器加载了ASP ISAPI过滤器，它在处理分块编码传送(chunked encoding transfer)机制的代码中存在一个缓冲区溢出漏洞。攻击者通过提交恶意分块编码的数据可以覆盖heap区的内存数据，使之以他指定的数据重写任意地址的4字节内存。例如，攻击者可以让dllhost.exe重写它可以访问的任意4字节的内存，包括程序函数指针、意外处理模块指针或其他任何可以用来控制程序执行流程的地址，从而改变程序执行流程，执行任意攻击者指定的代码。
如果攻击者使用随机数据，可能使IIS服务崩溃(IIS 5.0会自动重启)。如果精心构造发送的数据，也可能允许攻击者执行任意代码。
成功地利用这个漏洞，对于IIS 4.0，远程攻击者可以获取SYSTEM权限；对于IIS 5.0攻击者可以获取IWAM_computername用户的权限。",高危,边界条件错误,CNNVD-200204-041,http://www.cnnvd.org.cn/web/xxk/ldxqById.tag?CNNVD=CNNVD-200204-041,"临时解决方法：
如果您不能立刻安装补丁或者升级，CNNVD建议您采取以下措施以降低威胁：* 如果您不需要使用ASP脚本，您应该立刻删除"".asp""的脚本映射。",远程,Microsoft IIS 4.0/5.0 .ASP映射分块编码远程缓冲区溢出漏洞(MS02-018),1
IIS,CVE-2002-0075,"Microsoft IIS(Internet Information Server)是MS Windows系统默认自带的Web服务器软件。
由于Microsoft IIS在处理重定向页面时没有很好的检查用户输入，可以导致攻击者进行跨站脚本执行攻击。
当IIS发布一个重定向响应信息时，它在错误信息中没有很好的检查输入的数据内容，攻击者可以构建包含恶意脚本代码的链接并返回给浏览此连接的客户端，如果客户端信任此WEB站点，包含在链接中的恶意脚本代码就会在用户浏览器上执行，导致跨站脚本攻击。
攻击者可能获得用户基于Cookie认证的敏感信息。",高危,输入验证,CNNVD-200204-038,http://www.cnnvd.org.cn/web/xxk/ldxqById.tag?CNNVD=CNNVD-200204-038,"临时解决方法：
如果您不能立刻安装补丁或者升级，CNNVD建议您采取以下措施以降低威胁：* 暂时没有合适的临时解决方法。
厂商补丁：
Microsoft
---------
Microsoft已经为此发布了一个安全公告(MS02-018)以及相应补丁:",远程,Microsoft IIS HTTP重定向处理存在跨站脚本执行漏洞(MS02-018),1
IIS,CVE-2002-0074,"Microsoft IIS(Internet Information Server)是MS Windows系统默认自带的Web服务器软件。
由于Microsoft IIS在处理帮助文件搜索功能时没有很好的检查用户输入，可以导致攻击者进行跨站脚本执行攻击。
当IIS在处理帮助文件搜索功能时，没有对搜索引擎字段数据进行充分检查，攻击者可以在搜索引擎字段中输入包含恶意脚本代码的链接并返回给浏览此连接的客户端，如果客户端信任此WEB站点，包含在链接中的恶意脚本代码就会在用户浏览器上执行，导致跨站脚本攻击。
可能导致攻击获得用户基于Cookie认证的敏感信息。",高危,输入验证,CNNVD-200204-035,http://www.cnnvd.org.cn/web/xxk/ldxqById.tag?CNNVD=CNNVD-200204-035,"临时解决方法：
如果您不能立刻安装补丁或者升级，CNNVD建议您采取以下措施以降低威胁：* 暂时没有合适的临时解决方法。
厂商补丁：
Microsoft
---------
Microsoft已经为此发布了一个安全公告(MS02-018)以及相应补丁:",远程,Microsoft IIS帮助文件搜索存在跨站脚本执行漏洞(MS02-018),1
IIS,CVE-2002-0073,"Microsoft IIS(Internet Information Server)是MS Windows系统默认自带的Web服务器软件，其中默认包含FTP服务。
Microsoft的FTP服务在处理STAT命令时存在问题，可导致攻击者进行拒绝服务攻击。
任何合法帐户或者匿名帐户可以在登录FTP服务程序后，提交包含各种文件扩展字符的随机数据为参数的STAT命令，可导致访问冲突产生，所有运行在inetinfo.exe进程下的服务会终止。
成功地利用这个漏洞，对于IIS 4.0其会产生拒绝服务，需要手工重新启动；对于IIS 5.0系统会自动重新启动。",中危,其他,CNNVD-200204-017,http://www.cnnvd.org.cn/web/xxk/ldxqById.tag?CNNVD=CNNVD-200204-017,"临时解决方法：
如果您不能立刻安装补丁或者升级，CNNVD建议您采取以下措施以降低威胁：* 暂时没有合适的临时解决方法。
厂商补丁：
Microsoft
---------
目前厂商还没有提供补丁或者升级程序，我们建议使用此软件的用户随时关注厂商的主页以获取最新版本：",远程,Microsoft FTP服务程序STAT glob()扩展拒绝服务攻击漏洞,1
IIS,CVE-2002-0072,"Microsoft IIS(Internet Information Server)是MS Windows系统默认自带的Web服务器软件。
IIS 4.0/5.0/5.1 ISAPI过滤器对错误处理不当，远程攻击者可能利用此漏洞对IIS服务器进行拒绝服务攻击，使服务器程序崩溃。
原因在于过滤器会对URL最大长度做限制，至少一个ISAPI过滤器(FrontPage Server Extensions和ASP.NET自带组件)在接到超长URL请求时会生成错误信息。在处理这种错误时，过滤器用一个空值取代这个URL。由于IIS会试图处理这个URL以便向请求者返回错误信息，结果造成非法访问，从而导致IIS服务崩溃。
＜*链接：http：//www.microsoft.com/technet/security/bulletin/MS02-018.asp
        http：//www.cert.org/advisories/CA-2002-09.html
*＞",中危,其他,CNNVD-200204-031,http://www.cnnvd.org.cn/web/xxk/ldxqById.tag?CNNVD=CNNVD-200204-031,"临时解决方法：
如果您不能立刻安装补丁或者升级，CNNVD建议您采取以下措施以降低威胁：* 删除所有没用到的ISAPI映射。",远程,Microsoft IIS ISAPI过滤器处理错误不当造成拒绝服务攻击漏洞(MS02-018),1
IIS,CVE-2002-0071,"Microsoft IIS(Internet Information Server)是MS Windows系统默认自带的Web服务器软件。
IIS 4.0/5.0对.htr文件的映射请求处理存在堆溢出漏洞，远程攻击者可以利用此漏洞得到主机本地普通用户访问权限。
默认安装的IIS提供对以.htr为后缀的文件请求的支持，一般来说 .htr 文件用来设置基于Web的口令，文件请求被映射到一个ISAPI扩展，ISM.DLL程序来处理。当请求被传递给ISM.DLL ISAPI过滤器来处理时，一个经过精心构造的特别的请求会导致处理过程中发生堆溢出问题。例如发送如下的URL： ""foo.htr?＜buffer＞=x""，这是由于ISM.DLL分配的一个缓冲区比实际接受的用户输入数据长度小一个字节，因此导致一个单字节溢出的发生。
如果攻击者使用随机数据，可能使IIS服务崩溃(IIS 5.0会自动重启)。如果精心构造发送的数据，也可能改变程序执行流程执行任意代码。然而，根据微软的公告，只有在某些很偶然的情况下才有可能允许成功地执行攻击者提交地代码。
成功地利用这个漏洞，对于IIS 4.0，远程攻击者可以获取SYSTEM权限；对于IIS 5.0攻击者可以获取IWAM_computername用户的权限。",高危,边界条件错误,CNNVD-200204-024,http://www.cnnvd.org.cn/web/xxk/ldxqById.tag?CNNVD=CNNVD-200204-024,"临时解决方法：
如果您不能立刻安装补丁或者升级，CNNVD建议您采取以下措施以降低威胁：* 您应该立刻删除"".htr""脚本映射。",远程,Microsoft IIS 4.0/5.0 .HTR ISAPI扩展映射远程堆溢出漏洞(MS02-018),1
IIS,CVE-2002-0054,"Windows系统的IIS服务器自带了一个SMTP服务器组件。Windows 2000 SMTP服务和Exchange Server 5.5 Internet Mail Connector服务对发信认证的实现上存在漏洞，可以使本地局域网攻击者得到主机的用户级非法访问权限。IIS的SMTP组件支持SMTP AUTH认证命令，它支持NTLM认证选项，目的是允许用户用NTLM认证方式认证自己。然而NTLM支持空会话方式，一个匿名用户可能用这种方式""认证""自己，当这种认证完成以后，用户就被准许转发邮件了。Exchange 2000被证实不受此漏洞影响。＜*链接：http：//archives.neohapsis.com/archives/bugtraq/2002-02/0372.html        http：//www.microsoft.com/technet/security/bulletin/MS02-011.asp*＞",高危,其他,CNNVD-200203-016,http://www.cnnvd.org.cn/web/xxk/ldxqById.tag?CNNVD=CNNVD-200203-016,临时解决方法：如果您不能立刻安装补丁或者升级，CNNVD建议您采取以下措施以降低威胁：,远程,Microsoft Windows SMTP服务安全漏洞,1
IIS,CVE-2001-1243,"CVE(CAN) ID： CAN-2001-1243



Microsoft IIS可能会由本地用户引发拒绝服务攻击，前提是本地用户可以创建一个

.asp文件，而这个.asp文件调用了设备文件。



这会导致Microsoft IIS停止响应，只有重新启动才能恢复正常工作。



如果站点自己的asp程序允许用户指定打开的文件，也可能导致拒绝服务发生。",中危,其他,CNNVD-200107-051,http://www.cnnvd.org.cn/web/xxk/ldxqById.tag?CNNVD=CNNVD-200107-051,"临时解决方法：



VIPER_SV /nerf/team/ (hax@r.dot)提供了如下临时解决方法：



修复Scripting.FileSystemObject，在打开文件之前先检查是否存在



厂商补丁：



目前厂商还没有提供补丁或者升级程序，我们建议使用此软件的用户随时关注厂商

的主页以获取最新版本：


http://www.microsoft.com/",远程,Microsoft IIS设备文件本地拒绝服务漏洞,1
IIS,CVE-2001-1186,"Microsoft IIS 5.0是随Windows 2000系统一起发布的流行的Web服务器程序。
IIS 5.0对意外情况的HTTP请求处理存在问题，远程攻击者通过向IIS 5.0发送一个精心构造的请求，可能导致IIS 5.0拒绝服务。
当IIS 5.0接到一个包含伪造的""Content-Length""域的GET请求时，会以一种异常的方式处理该请求，即IIS 5.0保持该连接并且不超时，但是不再响应其它请求。如果攻击者发送大量的上述畸形请求，就可能使IIS无法响应正常的连接请求，有可能造成拒绝服务攻击。",中危,其他,CNNVD-200112-092,http://www.cnnvd.org.cn/web/xxk/ldxqById.tag?CNNVD=CNNVD-200112-092,"临时解决方法：
如果您不能立刻安装补丁或者升级，CNNVD建议您采取以下措施以降低威胁：* 通过配置限制非信任主机对80端口的访问。
厂商补丁：
Microsoft
---------
目前厂商还没有提供补丁或者升级程序，我们建议使用此软件的用户随时关注厂商的主页以获取最新版本：",远程,"Microsoft IIS处理伪造的""Content-Length""失败导致拒绝服务漏洞",1
IIS,CVE-2001-0902,"Microsoft IIS是一款由微软开发和维护的WEB服务程序。
Microsoft IIS在记录使用十六进制编码的请求存在问题，远程攻击者可以利用这个漏洞使IIS记录错误信息。
在IIS的日志文件中十六进制代码会转义成一个字符，如'/index%2easp'记录成'/index.asp'。问题是'%0A'服务程序会转译成新行，而%FF会记录成空格，使用这两个十六进制可以使攻击者伪造日志，让IIS把一条请求记录成两条日志，造成记录信息错误。",高危,输入验证,CNNVD-200111-019,http://www.cnnvd.org.cn/web/xxk/ldxqById.tag?CNNVD=CNNVD-200111-019,"厂商补丁：
Microsoft
---------
目前厂商还没有提供补丁或者升级程序，我们建议使用此软件的用户随时关注厂商的主页以获取最新版本：http://www.microsoft.com/technet/security/",远程,Microsoft IIS错误记录日志漏洞,1
IIS,CVE-2001-0709,"CVE(CAN) ID： CAN-2001-0709



IIS 在处理.asp请求时存在一个问题。正常情况下，当请求一个.asp文件时，IIS会确定

它是一个脚本，然后执行这个脚本。然而，如果目标主机使用的是FAT文件系统，那么当构

造一个特殊的web请求(.asp后缀使用unicode编码)，IIS将不能正确处理请求，而是返回

asp文件的源代码。",中危,环境条件错误,CNNVD-200109-075,http://www.cnnvd.org.cn/web/xxk/ldxqById.tag?CNNVD=CNNVD-200109-075,"临时解决方法：



将FAT分区转换为NTFS分区。



厂商补丁：



微软认为FAT分区不是一个安全的文件系统，IIS也不鼓励安装在FAT分区上。微软建议

使用NTFS文件系统。",远程,Microsoft FAT文件系统 IIS Unicode .asp泄漏源码漏洞,1
IIS,CVE-2001-0545,带URL转址可用的IIS 4.0版本存在漏洞。远程攻击者可以借助指定与实际长度不同的长度的畸形请求导致服务拒绝（崩溃）。,中危,未知,CNNVD-200110-137,http://www.cnnvd.org.cn/web/xxk/ldxqById.tag?CNNVD=CNNVD-200110-137,,远程,IIS服务拒绝漏洞,1
IIS,CVE-2001-0544,IIS 5.0版本存在漏洞。本地用户可以借助引起某个无效MIME Content-Type标题的安装内容导致服务拒绝（挂起），该漏洞使File Type表格损坏。,低危,其他,CNNVD-200110-138,http://www.cnnvd.org.cn/web/xxk/ldxqById.tag?CNNVD=CNNVD-200110-138,"Microsoft has released the following patch which rectifies this issue:
Microsoft Windows 2000 Server SP2",本地,Microsoft IIS MIME标题服务拒绝漏洞,1
IIS,CVE-2001-0524,eEye SecureIIS版本1.0.3及之前版本不对个别HTTP标题执行长度检查，远程攻击者可以向IIS发送任意长度字符串，该漏洞与SecureIIS versions 1.0.3版本及之前版本的广告的功能相反。,高危,未知,CNNVD-200108-070,http://www.cnnvd.org.cn/web/xxk/ldxqById.tag?CNNVD=CNNVD-200108-070,,远程,eEye SecureIIS,1
IIS,CVE-2001-0508,IIS 5.0版本存在漏洞。远程攻击者可以通过超长的无效的WebDAV请求导致服务拒绝（重新启动）。,中危,其他,CNNVD-200109-074,http://www.cnnvd.org.cn/web/xxk/ldxqById.tag?CNNVD=CNNVD-200109-074,"Currently the SecurityFocus staff are not aware of any vendor-supplied patches for this issue. If you feel we are in error or are aware of more recent information, please mail us at: vuldb@securityfocus.com .",远程,Microsoft IIS WebDAV Propfind服务器重新启动漏洞,1
IIS,CVE-2001-0507,IIS 5.0版本使用相关路径来发现在进程中运行的系统文件，本地用户可以借助特洛伊木马文件获取权限，也称为“系统文件列表权限提升”漏洞。,高危,未知,CNNVD-200109-062,http://www.cnnvd.org.cn/web/xxk/ldxqById.tag?CNNVD=CNNVD-200109-062,,本地,IIS“系统文件列表权限提升”漏洞,1
IIS,CVE-2001-0506,IIS 5.0和4.0版本ssinc.dll存在缓冲区溢出漏洞。本地用户借助超长文件名Server-Side Includes (SSI)指令提升系统特权。该漏洞当添加文件名时触发溢出，也称为“SSI特权提升”漏洞。,高危,缓冲区溢出,CNNVD-200109-088,http://www.cnnvd.org.cn/web/xxk/ldxqById.tag?CNNVD=CNNVD-200109-088,,本地,IIS ssinc.dll缓冲区溢出漏洞,1
IIS,CVE-2001-0500,"微软IIS默认安装情况下带了一个索引服务器(Index Server，在Windows 2000下为""Index Service"")。默认安装时，IIS支持两种脚本映射：管理脚本(.ida文件)、Internet数据查询脚本(.idq文件)。这两种脚本都由一个ISAPI扩展 - idq.dll来处理和解释。
idq.dll实现上存在一个缓冲区溢出漏洞，远程攻击者可以利用此漏洞通过溢出攻击以""Local System""的权限在主机上执行任意指令。
由于idq.dll在处理某些URL请求时存在一个未经检查的缓冲区，如果攻击者提供一个特殊格式的URL，就可能引发一个缓冲区溢出。通过精心构造发送数据，攻击者可以改变程序执行流程，以""Local System""的权限执行任意代码。",超危,边界条件错误,CNNVD-200107-163,http://www.cnnvd.org.cn/web/xxk/ldxqById.tag?CNNVD=CNNVD-200107-163,"临时解决方法：
如果您不能立刻安装补丁或者升级，CNNVD建议您采取以下措施以降低威胁：* 您应该立刻删除"".ida/.idq""脚本映射。",远程,Microsoft IIS .IDA / .IDQ ISAPI扩展远程缓冲区溢出漏洞(MS01-033),1
IIS,CVE-2001-0337,"IIS 5.0是微软的一个产品，随Windows 2000捆绑发售。IIS默认支持Webdev。
IIS 5.0中的WebDAV扩展中Lock方法的实现存在一个内存泄漏的缺陷，使得恶意用户可以耗尽服务器的所有可用内存。
如果连续请求一个不存在的文件，则会引发Lock方法中的内存泄漏。例如：
LOCK /aaaaaaaaaaaaaaaaaaaaaaaaaa.htw HTTP/1.0
服务器最终将耗尽内存，运行缓慢以至崩溃、重启并恢复正常。但是可以通过一些方法来确定服务器内存何时即将被耗尽，从而在内存耗尽之前停止攻击，这样服务器就不会释放掉占用的内存。其中一种方法就是与ASP的执行结合起来。例如：
GET /iisstart.asp?uc=a HTTP/1.0
这要求服务器上存在iisstart.asp文件。当服务器即将耗尽内存时这个请求将返回执行错误信息，从而可以得知服务器何时即将耗尽内存。",中危,未知,CNNVD-200106-130,http://www.cnnvd.org.cn/web/xxk/ldxqById.tag?CNNVD=CNNVD-200106-130,"厂商补丁：
Microsoft
---------
目前厂商已经发布了Service Pack 2以修复这个安全问题，请到厂商的主页下载：Windows 2000 Service Pack 2 的下载地址：",远程,Microsoft IIS WebDav Lock命令的内存泄漏导致拒绝服务攻击漏洞,1
IIS,CVE-2001-0336,IIS 5.0及其早期版本的Microsoft MS00-060补丁引进了一个错误。攻击者借助畸形请求导致服务拒绝。,中危,未知,CNNVD-200106-189,http://www.cnnvd.org.cn/web/xxk/ldxqById.tag?CNNVD=CNNVD-200106-189,,远程,IIS漏洞,1
IIS,CVE-2001-0335,IIS 5.0及其早期版本的FTP服务存在漏洞。远程攻击者通过先前的带特殊字符序列的用户名枚举受信任的域名的来宾账户。,中危,输入验证,CNNVD-200106-152,http://www.cnnvd.org.cn/web/xxk/ldxqById.tag?CNNVD=CNNVD-200106-152,"Microsoft has released a patch which rectifies this issue:
Microsoft IIS 4.0",远程,Microsoft IIS各种各样域名用户账户访问漏洞,1
IIS,CVE-2001-0334,IIS 5.0及其早期版本的FTP服务存在漏洞。远程攻击者借助在扩充时产生超长字符串通配符序列导致服务拒绝。,中危,未知,CNNVD-200106-195,http://www.cnnvd.org.cn/web/xxk/ldxqById.tag?CNNVD=CNNVD-200106-195,,远程,IIS漏洞,1
IIS,CVE-2001-0333,"IIS 是微软出品的一个广泛应用的Internet Web服务器软件，随Windows NT和Windows 2000捆绑发售。默认情况下IIS的某些目录是允许通过提交HTTP请求执行可执行文件的。
NSFOCUS安全小组发现微软IIS 4.0/5.0在处理CGI程序文件名时存在一个安全漏洞，由于错误地对文件名进行了两次解码，远程攻击者可能利用此漏洞以Web进程的权限在主机上执行任意系统命令。
IIS在加载可执行CGI程序时，会进行两次解码。第一次解码是对CGI文件名进行http解码，然后判断此文件名是否为可执行文件，例如检查后缀名是否为"".exe""或"".com""等等。在文件名检查通过之后，IIS会再进行第二次解码。正常情况下，应该只对该CGI的参数进行解码，然而，IIS错误地将已经解码过的CGI文件名和CGI参数一起进行解码。这样，CGI文件名就被错误地解码了两次。
通过精心构造CGI文件名，攻击者可以绕过IIS对文件名所作的安全检查，例如对""../""或""./""的检查，在某些条件下，攻击者可以执行任意系统命令。
例如，对于'＼'这个字符，正常编码后是%5c。这三个字符对应的编码为：
'%' = %25
'5' = %35
'c' = %63
如果要对这三个字符再做一次编码，就可以有多种形式，例如：
%255c
%%35c
%%35%63
%25%35%63
...
因此，""..＼""就可以表示成""..%255c""或""..%%35c""等等形式。
在经过第一次解码之后，变成""..%5c""。IIS会认为这是一个正常的字符串，不会违反安全规则检查。而在第二次被解码之后，就会变成""..＼""。因此攻击者就可以使用""..＼""来进行目录遍历，执行Web目录之外的任意程序。",高危,设计错误,CNNVD-200106-190,http://www.cnnvd.org.cn/web/xxk/ldxqById.tag?CNNVD=CNNVD-200106-190,"临时解决方法：
如果您不能立刻安装补丁或者升级，CNNVD建议您采取以下措施以降低威胁：* 如果不需要可执行的CGI，可以删除可执行虚拟目录,例如 /scripts 等等。",远程,Microsoft IIS CGI文件名错误解码漏洞(MS01-026),1
IIS,CVE-2001-0241,"Microsoft Windows 2000 IIS 5.0的打印ISAPI扩展接口建立了.printer扩展名到msw3prt.dll的映射关系，默认情况下该映射存在。该接口可以通过WEB远程调用打印机。
处理.printer映射的msw3prt.dll存在一个缓冲区溢出漏洞，远程攻击者可以利用此漏洞通过溢出攻击在主机上以Local System的权限执行任意指令。
当远程用户提交对.printer的URL请求时，IIS 5.0调用msw3prt.dll解释该请求。由于msw3prt.dll缺乏缓冲区边界检查，远程用户可以提交一个精心构造的针对.printer的URL请求，其""Host：""域包含大约420字节的数据，此时在msw3prt.dll中发生典型的缓冲区溢出，潜在允许执行任意指令。溢出发生后，WEB服务停止响应，Windows 2000可以检查到WEB服务停止响应，从而自动重启它，因此系统管理员很难意识到发生过攻击。",超危,未知,CNNVD-200106-123,http://www.cnnvd.org.cn/web/xxk/ldxqById.tag?CNNVD=CNNVD-200106-123,"临时解决方法：
如果您不能立刻安装补丁或者升级，CNNVD建议您采取以下措施以降低威胁：* 除非确实需要printer脚本，否则我们建议您删除printer的脚本映射。",远程,Microsoft Windows 2000 IIS 5.0 .printer ISAPI扩展远程缓冲溢出漏洞(MS01-023),1
IIS,CVE-2001-0151,IIS 5.0版本存在漏洞。远程攻击者借助一系列畸形的WebDAV请求导致服务拒绝。,中危,未知,CNNVD-200106-026,http://www.cnnvd.org.cn/web/xxk/ldxqById.tag?CNNVD=CNNVD-200106-026,,远程,IIS服务拒绝漏洞,1
IIS,CVE-2001-0146,Microsoft Exchange Server和Microsoft Internet Information Services（IIS）都是美国微软（Microsoft）公司的产品。Microsoft Exchange Server是一套电子邮件服务程序。它提供邮件存取、储存、转发，语音邮件，邮件过滤筛选等功能。Microsoft Internet Information Services是一款适用于Windows Server平台的Web服务器。Microsoft Exchange Server 2000版本和IIS 5.0版本中存在安全漏洞。远程攻击者可通过重复的发送一系列特殊格式的URL利用该漏洞导致服务拒绝。,中危,其他,CNNVD-200106-035,http://www.cnnvd.org.cn/web/xxk/ldxqById.tag?CNNVD=CNNVD-200106-035,目前厂商已发布升级补丁以修复漏洞，补丁获取链接：https://docs.microsoft.com/en-us/security-updates/securitybulletins/2001/ms01-014,远程,Microsoft Exchange Server和Microsoft Internet Information Services 安全漏洞,1
IIS,CVE-2001-0096,"IIS 4.0和5.0版本的FrontPage Server Extensions (FPSE)存在漏洞。远程攻击者可以借助畸形格式导致服务拒绝，也称为""Malformed Web Form Submission"" 漏洞。",中危,未知,CNNVD-200102-035,http://www.cnnvd.org.cn/web/xxk/ldxqById.tag?CNNVD=CNNVD-200102-035,,远程,IIS FrontPage Server Extensions (FPSE)服务拒绝漏洞,1
IIS,CVE-2001-0004,"IIS 5.0和4.0版本存在漏洞。远程攻击者可以通过在URL请求后添加""%3F+.htr""读取可执行web服务器程序源代码，导致文件通过.HTR ISAPI扩展名被解析，也称为""File Fragment Reading via .HTR""漏洞变种。",中危,访问验证错误,CNNVD-200102-033,http://www.cnnvd.org.cn/web/xxk/ldxqById.tag?CNNVD=CNNVD-200102-033,"Microsoft has released a patch which rectifies this issue:
Microsoft IIS 4.0",远程,Microsoft IIS文件片段泄漏漏洞,1
IIS,CVE-2000-1147,"IIS ISAPI .ASP解析机制存在缓冲区溢出漏洞。攻击者借助一个脚本标记中""LANGUAGE""参数的超长字符串执行任意命令。",中危,缓冲区溢出,CNNVD-200101-075,http://www.cnnvd.org.cn/web/xxk/ldxqById.tag?CNNVD=CNNVD-200101-075,"This issue has been resolved by a number of Microsoft IIS patches. The patch below will eliminate this vulnerability:
Microsoft IIS 4.0",本地,Microsoft IIS 4.0 ISAPI缓冲区溢出漏洞,1
IIS,CVE-2000-1104,"MS：MS00-060 (CVE-2000-0746)中存在变种""IIS跨站脚本""漏洞。恶意web网站操作者在一个可信任网站的链接中嵌入脚本，该网站不引用错误信息就可以返回客户端。该客户端然后在可信任网站的同一个文本中执行那些脚本。",高危,跨站脚本,CNNVD-200101-053,http://www.cnnvd.org.cn/web/xxk/ldxqById.tag?CNNVD=CNNVD-200101-053,,远程,"MS:MS00-060 (CVE-2000-0746)变种""IIS跨站脚本""漏洞",1
IIS,CVE-2000-1090,"IIS是一款Windows NT/2000系统自带的的Web服务器软件，由Microsoft公司开发维护。IIS支持对一些特定文件名后缀(如.ASP、.IDC、.HTR)的文件请求执行进一步的处理，当服务器接到此类文件的请求时，每种后缀的文件由一个特定的DLL文件处理。ISM.DLL用于处理.HTR、.STM、.IDC为后缀的文件请求。
NSFOCUS安全小组发现微软IIS 4.0/5.0(远东版本)在处理包含不完整的双字节编码字符的HTTP请求时存在一个安全漏洞，导致WEB目录下的文件内容被泄漏给远程攻击者。
Microsoft IIS远东版包括中文(简体/繁体)、日文、韩文版，它们都是使用的双字节编码格式。当IIS接收到用户提交的一个HTTP请求时，如果文件名中包含非ASCII字符，IIS会检查这个字符是否为双字节编码中的前导字符(例如，日文的前导字符包含两段字符：0x81-0x9F， 0xE0-0xFC)。如果是前导字符，它会继续检查下一个字符是否为结尾字符。如果没有下一个字符，IIS会简单地丢弃这个前导字符，因为它并没有构成一个完整的双字节编码。然而，这种处理将导致IIS打开不同的文件而不是用户在请求中指定的文件。攻击者通过提交一个特殊格式的URL， 可以使IIS使用某个ISAPI动态链接库打开某种它所不能解释的类型的文件，并获得该文件的内容。依赖于系统安装的ISAPI应用程序的类型，攻击者可能获得WEB根目录或者虚拟目录下的文件内容，这些文件可以是普通文本文件(.asp、.ini、.asa等等)，也可以是二进制文件(.exe等等)。这个问题已经在IIS 4.0 + SP6中得到解决，然而IIS 5.0中再度出现了这个漏洞。此漏洞不影响包括英语版在内的其他语言版本的IIS 4.0/5.0。",中危,输入验证,CNNVD-200102-009,http://www.cnnvd.org.cn/web/xxk/ldxqById.tag?CNNVD=CNNVD-200102-009,"临时解决方法：
如果您不能立刻安装补丁或者升级，CNNVD建议您采取以下措施以降低威胁：* 删除不用的映射，以.htr映射为例：",远程,Microsoft IIS远东版畸形编码字符远程泄漏文件内容漏洞,1
IIS,CVE-2000-0970,IIS 4.0和 5.0版本.ASP页面向安全和不安全的web会话发送相同Session ID cookie。如果用户移动到不安全会话，远程攻击者可以劫持该用户的安全web会话，也称为“会话ID cookie标记”漏洞。,高危,未知,CNNVD-200012-141,http://www.cnnvd.org.cn/web/xxk/ldxqById.tag?CNNVD=CNNVD-200012-141,,远程,IIS劫持该用户安全web会话漏洞,1
IIS,CVE-2000-0951,带索引服务器启用和指数特性设置的IIS 5.0版本存在错配置漏洞。远程攻击者借助Web分布式创作和版本控制（WebDAV）搜索在web根列举目录表单。,中危,未知,CNNVD-200012-110,http://www.cnnvd.org.cn/web/xxk/ldxqById.tag?CNNVD=CNNVD-200012-110,,远程,IIS漏洞,1
IIS,CVE-2000-0942,Windows 2000平台Microsoft索引服务中CiWebHitsFile组件存在漏洞。远程攻击者借助.htw 请求中CiRestriction参数执行跨站脚本攻击(CSS)漏洞，又称为“索引服务跨站脚本”漏洞。,中危,未知,CNNVD-200012-152,http://www.cnnvd.org.cn/web/xxk/ldxqById.tag?CNNVD=CNNVD-200012-152,,远程,Windows 2000平台Microsoft索引服务CiWebHitsFile组件跨站脚本攻击(CSS)漏洞,1
IIS,CVE-2000-0886,IIS 5.0版本存在漏洞。远程攻击者借助到名字附加有操作系统命令可执行文件的畸形请求执行任意命令，也称为“Web服务器文件请求解析”漏洞。,高危,输入验证,CNNVD-200012-113,http://www.cnnvd.org.cn/web/xxk/ldxqById.tag?CNNVD=CNNVD-200012-113,"Microsoft has released patches which eliminate the vulnerability (they also rectify the vulnerability described in MS00-086,
http://www.microsoft.com/technet/security/bulletin/MS00-078.asp). This patch does not address the new variants discovered by Georgi Guninski on November 27, 2000.
Those who applied the IIS 5.0 released before November 30, 2000 are recommended to install the patch below. It rectifies regression errors that existed in prior versions of the patch.
Microsoft IIS 4.0",远程,IIS漏洞,1
IIS,CVE-2000-0884,"IIS是Microsoft出品的一个广泛应用的Internet Web服务器软件，随Windows NT和Windows 2000捆绑发售。默认情况下IIS的某些目录是允许通过提交HTTP请求执行可执行文件的。
NSFOCUS安全小组发现IIS 4.0和IIS 5.0在Unicode字符解码的实现中存在一个安全漏洞，导致用户可以远程通过IIS执行任意命令。当IIS打开文件时，如果该文件名包含unicode字符，它会对其进行解码，如果用户提供一些特殊的编码，将导致IIS错误的打开或者执行某些Web根目录以外的文件和程序。
对于IIS 5.0/4.0中文版，当IIS收到的URL请求的文件名中包含一个特殊的编码例如""%c1%hh""或者""%c0%hh""，它会首先将其解码变成：0xc10xhh， 然后尝试打开这个文件，Windows系统认为0xc10xhh可能是Unicode编码，因此它会首先将其解码，如果 0x00＜= %hh ＜ 0x40的话，采用的解码的格式与下面的格式类似：
%c1%hh -＞ (0xc1 - 0xc0) * 0x40 + 0xhh
%c0%hh -＞ (0xc0 - 0xc0) * 0x40 + 0xhh
因此，利用这种编码，我们可以构造很多字符，例如：
%c1%1c -＞ (0xc1 - 0xc0) * 0x40 + 0x1c = 0x5c = '/'
%c0%2f -＞ (0xc0 - 0xc0) * 0x40 + 0x2f = 0x2f = '＼'
攻击者可以利用这个漏洞来绕过IIS的路径检查，去执行或者打开任意的文件。
Rain Forest Puppy ＜rfp@WIRETRIP.NET＞测试发现对于英文版的IIS 4.0/5.0，此问题同样存在，只是编码格式略有不同，变成""%c0%af""或者""%c1%9c""。",高危,输入验证,CNNVD-200012-156,http://www.cnnvd.org.cn/web/xxk/ldxqById.tag?CNNVD=CNNVD-200012-156,"临时解决方法：
如果您不能立刻安装补丁或者升级，CNNVD建议您采取以下措施以降低威胁：* 如果不需要可执行的CGI，可以删除可执行虚拟目录,例如 /scripts等等。",远程,Microsoft IIS 4.0/5.0 Unicode解码错误可远程执行命令漏洞(MS00-078),1
IIS,CVE-2000-0858,"Microsoft Windows NT 4.0版本存在漏洞。远程攻击者通过发送一系列导致INETINFO.EXE失败的畸形请求从而导致IIS服务拒绝。又称为""Invalid URL""漏洞。",中危,未知,CNNVD-200011-009,http://www.cnnvd.org.cn/web/xxk/ldxqById.tag?CNNVD=CNNVD-200011-009,,远程,"Microsoft Windows""Invalid URL""漏洞",1
IIS,CVE-2000-0778,"IIS是Microsoft公司开发的流行的HTTP服务器程序，随同Windows操作系统捆绑发布。
IIS 5.0在处理某些带有特殊标记的HTTP请求时存在漏洞，远程攻击者可能利用此漏洞得到服务器上脚本的源码。
如果IIS 5.0接收到一个包含特殊头格式(Translate： f)的HTTP请求，同时URL末尾包含一个特殊字符(""/"")的话，IIS 会错误得调用脚本处理引擎，可能导致文件源码泄漏给远程用户。",中危,未知,CNNVD-200010-019,http://www.cnnvd.org.cn/web/xxk/ldxqById.tag?CNNVD=CNNVD-200010-019,"厂商补丁：
Microsoft
---------
Microsoft已经为此发布了一个安全公告(MS00-058)以及相应补丁:MS00-058：Patch Available for ""Specialized Header"" Vulnerability",远程,"Microsoft IIS 5.0 ""Translate: f""头标记导致源码泄露漏洞(MS00-058)",1
IIS,CVE-2000-0770,"IIS 4.0和5.0版本不能在它们的父文件夹有较少限制许可时正确限制到某些文件类型的访问，远程攻击者可能绕过一些文件的访问限制，该漏洞也称为""File Permission Canonicalization"" 漏洞。",中危,未知,CNNVD-200010-114,http://www.cnnvd.org.cn/web/xxk/ldxqById.tag?CNNVD=CNNVD-200010-114,,远程,IIS访问限制绕过漏洞,1
IIS,CVE-2000-0746,IIS 4.0和5.0版本存在一些漏洞，没有正确防止跨站脚本攻击（CSS）。恶意web网站操作员可以利用该漏洞在信任网站连接中嵌入脚本，这些脚本是由客户端错误信息未经引用而返回的，然后客户端就可以像信任网站一样在相同环境中执行这些脚本。该漏洞也称为“IIS Cross-Site Scripting”漏洞。,高危,跨站脚本,CNNVD-200010-017,http://www.cnnvd.org.cn/web/xxk/ldxqById.tag?CNNVD=CNNVD-200010-017,"The original patches released by Microsoft have been reported to cause the server to consume excessive system resources, resulting in a denial of service. Microsoft has addressed both issues with the following patches:",远程,微软IIS跨站脚本攻击.shtml漏洞,1
IIS,CVE-2000-0649,IIS 4.0版本存在漏洞。远程攻击者可以借助被基本认证保护并且无区域定义的网页的HTTP 1.0请求来获得服务器的内部IP地址。,低危,信息泄露,CNNVD-200007-036,http://www.cnnvd.org.cn/web/xxk/ldxqById.tag?CNNVD=CNNVD-200007-036,"This behaviour can be altered by changing the w3svc/UseHostName value in the metabase from False to True. Detailed instructions can be found in the Microsoft knowlege base at:
http://support.microsoft.com/support/kb/articles/Q218/1/80.ASP",远程,Microsoft IIS内部IP地址泄露漏洞,1
IIS,CVE-2000-0631,"来自IIS 3.0版本，包括之后的IIS 4.0版本和5.0版本的管理脚本存在漏洞。远程攻击者可以通过访问无特殊参数的脚本来导致服务拒绝，也称为 ""Absent Directory Browser Argument"" 漏洞。",中危,未知,CNNVD-200007-038,http://www.cnnvd.org.cn/web/xxk/ldxqById.tag?CNNVD=CNNVD-200007-038,,远程,IIS管理脚本服务拒绝漏洞,1
IIS,CVE-2000-0630,"IIS是Microsoft的一个产品，是用来在网站上提供HTTP、FTP等的服务器程序。运行在Windows NT和Windows 2000操作系统上。
NSFocus 安全小组发现了微软 IIS 4.0/5.0的一个安全漏洞。攻击者可以利用这个漏洞来获取某些特定类型文件(例如：.ASP，.ASA，.INI等等文本类型文件以及二进制文件)的全部或者部分内容。而正常情况下，攻击者是不应该有权限访问这些文件或者浏览文件内容的。
攻击者会构造一个特殊格式的URL请求，它由一个目标文件名再加上""+""号以及"".htr""后缀组成。例如：global.asa+.htr。当将这个URL提交给Microsoft IIS 4.0/5.0后，IIS会认为用户正在请求处理一个HTR文件，因此会将这个请求转交给ISM.DLL ASAPI应用程序去处理。ISM.DLL在打开并执行这个文件之前，会首先检查文件名。当在文件名中检查到一个""+""号以后，ISM.DLL会从这里将文件名截断，只保留""+""号以前的文件名(实际上就是真正要浏览的目标文件，例如：global.asa)，然后试图打开并执行它。如果该文件并不是HTR文件，ISM.DLL将会泄漏该文件的全部或者部分内容。通常，对于.ASP文件，ISM.DLL会删除其中的大部分内容，但是仍然可能泄漏一些敏感信息，例如包含文件(通常是.inc文件)的名字和路径等等。而对于global.asa文件，通常会将其全部内容显示出来，如果这个文件中包含一些重要敏感信息，例如SQL server数据库的用户名和密码，可能使攻击者更加容易地入侵或者攻击系统。",中危,输入验证,CNNVD-200007-043,http://www.cnnvd.org.cn/web/xxk/ldxqById.tag?CNNVD=CNNVD-200007-043,"临时解决方法：
如果您不能立刻安装补丁或者升级，CNNVD建议您采取以下措施以降低威胁：* 除非确实需要HTR脚本，否则我们建议您删除HTR的脚本映射。",远程,Microsoft IIS ISM.DLL文件名截断泄漏文件内容漏洞,1
IIS,CVE-2000-0457,"IIS是一款Windows NT/2000系统自带的的Web服务器软件，由Microsoft公司开发维护。IIS支持对一些特定文件名后缀(如.ASP、.IDC、.HTR)的文件请求执行进一步的处理，当服务器接到此类文件的请求时，每种后缀的文件由一个特定的DLL文件处理。ISM.DLL用于处理.HTR、.STM、.IDC为后缀的文件请求。
Cerberus 安全小组发现微软的IIS 4/5存在一个缺陷，允许攻击者访问那些本来无权访问的文件。比如/scripts目录下的文本文件(.txt、.log、.ini)通常是不可访问的，因为这个虚拟目录只有执行权限。利用这个缺陷，就有可能访问得到这些文本文件的内容。
通过给IIS提供一个特殊格式的请求，有可能获得这些文件的内容。提供一个请求，文件名后跟随大约230个空格(+或者%20)，以.htr做后缀，于是IIS认为客户端正在请求一个.htr文件。.htr扩展文件被映射成 ISM.DLL ISAPI 应用程序，IIS会重定向所有针对.htr资源的请求到 ISM.DLL ，ISM.DLL 打开这个文件并执行之。 但是在这样做之前，ISM.DLL 会截断送给自己的缓冲区内容，去掉.htr后缀以及结尾的空格，于是我们想访问的文件内容被返回。这种攻击只能进行一次，直到WWW服务重启，将无法进行第二次攻击。此外，如果已经提交过一个.htr请求给目标主机，攻击也会失败。这个缺陷仅仅在ISM.DLL被调入内存后的第一时刻有效。",高危,访问验证错误,CNNVD-200005-043,http://www.cnnvd.org.cn/web/xxk/ldxqById.tag?CNNVD=CNNVD-200005-043,"临时解决方法：
如果您不能立刻安装补丁或者升级，CNNVD建议您采取以下措施以降低威胁：* 删除.HTR文件扩展到ISM.DLL文件的映射：",远程,Microsoft IIS 4.0/5.0 .HTR文件名截断泄漏文件内容漏洞(MS00-031),1
IIS,CVE-2000-0413,"FrontPage 98 Extensions是Microsoft的一个产品，包括PWS和IIS版本，可以让网页设计人员方便的直接用FrontPage直接连接到PWS或者IIS上进行网页创作。shtml.exe和shtml.dll 是FrontPage服务器扩展的组件之一。
shtml.exe和shtml.dll存在一个设计失误可导致服务器绝对路径泄露。
1.1版本以下的FrontPage，当shtml.exe或shtml.dll收到请求处理一个不存在的文件时，会报告一个错误，在这个错误信息中会泄露服务器当前的绝对路径。 攻击者由此可以得知Web服务器主目录安装的绝对路径。",中危,设计错误,CNNVD-200005-031,http://www.cnnvd.org.cn/web/xxk/ldxqById.tag?CNNVD=CNNVD-200005-031,"临时解决方法：
如果您不能立刻安装补丁或者升级，CNNVD建议您采取以下措施以降低威胁：* 如果不需要使用shtml.exe和shtml.dll，请将其删除或移出WEB目录。
厂商补丁：
Microsoft
---------
微软已经发布了FrontPage Server Extensions 1.2版，它解决了这个问题：",远程,Microsoft Frontpage服务器扩展shtml.exe/shtml.dll绝对路径泄露漏洞,1
IIS,CVE-2000-0408,"IIS 4.05 and 5.0存在漏洞，远程攻击者通过通常包含超大文件扩展名数量的超长和复杂的URL触发拒绝服务，也称""URL中的异常扩展数据""漏洞。",中危,其他,CNNVD-200005-046,http://www.cnnvd.org.cn/web/xxk/ldxqById.tag?CNNVD=CNNVD-200005-046,"Microsoft has released the following patches which rectifies this issue:
Microsoft IIS 4.0 alpha",远程,Microsoft IIS 4.0/5.0异常文件扩展名拒绝服务漏洞,1
IIS,CVE-2000-0304,"IIS是一款Windows NT/2000系统自带的的Web服务器软件，由Microsoft公司开发维护。IIS支持对一些特定文件名后缀(如.ASP、.IDC、.HTR)的文件请求执行进一步的处理，当服务器接到此类文件的请求时，每种后缀的文件由一个特定的DLL文件处理。ISM.DLL用于处理.HTR、.STM、.IDC为后缀的文件请求。
IIS在处理畸形的.htr请求时会导致服务器CPU占用率100%，必须重新启动才能恢复功能。
包含在虚拟目录中的.htr程序允许用户远程更改口令。如果用户提交一个畸形的更改口令请求就会使服务器的CPU占用率达到100%，必须重新启动才能恢复。目前具体的漏洞细节尚未披露。",中危,边界条件错误,CNNVD-200005-036,http://www.cnnvd.org.cn/web/xxk/ldxqById.tag?CNNVD=CNNVD-200005-036,"临时解决方法：
如果您不能立刻安装补丁或者升级，CNNVD建议您采取以下措施以降低威胁：* 删除.HTR文件扩展到ISM.DLL文件的映射：",远程,Microsoft IIS 4.0/5.0畸形.HTR请求拒绝服务攻击漏洞(MS00-031),1
IIS,CVE-2000-0258,IIS 4.0 and 5.0存在漏洞，攻击者可以通过发送很多包含大量转义字符的URLs触发拒绝访问，也称“无数转义字符”漏洞。,中危,输入验证,CNNVD-200004-027,http://www.cnnvd.org.cn/web/xxk/ldxqById.tag?CNNVD=CNNVD-200004-027,"Microsoft has released patches which rectify this issue:
Microsoft IIS 4.0 alpha",远程,Microsoft IIS 4.0/5.0 转义字符漏洞,1
IIS,CVE-2000-0246,IIS 4.0 and 5.0存在漏洞，如果虚拟路径映射到UNC共享便不能正确处理ISAPI extension，远程攻击者可以利用这个漏洞读取ASP和其他文件的源码，也称“虚拟UNC共享”漏洞。,中危,输入验证,CNNVD-200003-052,http://www.cnnvd.org.cn/web/xxk/ldxqById.tag?CNNVD=CNNVD-200003-052,"Microsoft has released patches which rectify this issue. It should be noted that Proxy Server, Site Server, Site Server Commerce Edition and Microsoft Commercial Internet System run atop IIS. Customers using these products should apply the patch appropriate for the version of IIS they are running.
Microsoft IIS 4.0 alpha",远程,Microsoft IIS UNC映射虚拟主机漏洞,1
IIS,CVE-2000-0226,IIS 4.0存在漏洞，攻击者可以通过在POST或PUT命令中请求超大缓存消耗内存触发拒绝服务，也称为“块传输编码缓冲区溢出漏洞。”,中危,缓冲区溢出,CNNVD-200003-037,http://www.cnnvd.org.cn/web/xxk/ldxqById.tag?CNNVD=CNNVD-200003-037,"Microsoft has released patches which rectify this issue:
Microsoft IIS 4.0 alpha",远程,Microsoft IIS 4.0分块传输编码的缓冲区溢出漏洞,1
IIS,CVE-2000-0167,IIS Inetinfo.exe存在漏洞。本地用户通过在pickup目录下创建含有超长名称和.txt.eml扩展的邮件文件可以导致拒绝服务。,低危,其他,CNNVD-200002-046,http://www.cnnvd.org.cn/web/xxk/ldxqById.tag?CNNVD=CNNVD-200002-046,"Currently the SecurityFocus staff are not aware of any vendor supplied patches for this issue. If you feel we are in error or are aware of more recent information, please mail us at: vuldb@securityfocus.com.",本地,Microsoft IIS 4.0 Pickup目录DoS漏洞,1
IIS,CVE-2000-0126,IIS 3 和IIS 4中样板Internet Data Query (IDQ)脚本存在漏洞。远程攻击者可以借助..（点 点）攻击读取文件。,中危,未知,CNNVD-200001-058,http://www.cnnvd.org.cn/web/xxk/ldxqById.tag?CNNVD=CNNVD-200001-058,,远程,IIS Sample Internet Data Query (IDQ)信息泄漏漏洞,1
IIS,CVE-2000-0115,IIS存在漏洞。本地用户可以借助ASP页面中Visual Basic脚本的无效的正则表达式引发拒绝服务。,中危,未知,CNNVD-200001-051,http://www.cnnvd.org.cn/web/xxk/ldxqById.tag?CNNVD=CNNVD-200001-051,,远程,IIS拒绝服务漏洞,1
IIS,CVE-2000-0097,"Microsoft Index Server是Windows NT 4.0可选安装包中包括的一个基于Web的搜索引擎，在Windows 2000系统中作为一个服务安装。
Internet Information Server 4.0中一个ISAPI应用程序webhits.dll存在安全漏洞，允许攻击者突破WEB的虚拟文件系统，获得对在同一个逻辑驱动器中其它文件(如用户数据库、日志文件等任何能猜测路径名和文件名的文件)的非法访问。
Webhits.dll动态链接库与.htw文件关联。但即使在系统中没有任何.htw文件，仍然可能有问题。检查系统是否存在这个安全问题的是输入：http：//your_web_server_address/nosuchfile.htw，如果返回信息类似""format of the QUERY_STRING is invalid""，那么就说明存在安全问题。",中危,输入验证,CNNVD-200001-056,http://www.cnnvd.org.cn/web/xxk/ldxqById.tag?CNNVD=CNNVD-200001-056,"临时解决方法：
如果您不能立刻安装补丁或者升级，CNNVD建议您采取以下措施以降低威胁：* 用Internet Server Manager取消webhits.dll与.htw文件的关联。
厂商补丁：
Microsoft
---------
Microsoft已经为此发布了一个安全公告(MS00-006)以及相应补丁:",远程,Microsoft Windows Index Server远程目录遍历漏洞(MS00-006),1
IIS,CVE-2000-0079,W3C CERN httpd HTTP服务器存在漏洞。远程攻击者借助不存在的URL请求确定真正路径名。,高危,访问验证错误,CNNVD-200001-047,http://www.cnnvd.org.cn/web/xxk/ldxqById.tag?CNNVD=CNNVD-200001-047,"According to the W3C httpd homepage, the httpd is no longer being maintained by the W3C and has not been since July 1996.
A built-in error message in W3C httpd can be customised quite easily by a line in the httpd configuration file. For example, for the error 500 message, just add to httpd.conf:
ErrorUrl 500 /somepath/myownerrormessage.html
More information at:
http://www.w3.org/Daemon/User/Error.html
Currently the SecurityFocus staff are not aware of any vendor supplied patches for this issue. If you feel we are in error or are aware of more recent information, please mail us at: vuldb@securityfocus.com.",远程,W3C httpd (Formerly CERN httpd)路径泄露漏洞,1
IIS,CVE-2000-0071,IIS 4.0版本存在漏洞。远程攻击者可以通过.ida和.idq扩展要求不存在的文件获得文件根目录的真实路径名。,中危,未知,CNNVD-200001-032,http://www.cnnvd.org.cn/web/xxk/ldxqById.tag?CNNVD=CNNVD-200001-032,,远程,IIS 4.0权限许可和访问控制漏洞,1
IIS,CVE-2000-0025,"IIS 4.0 版本和 Site 服务器 3.0 版本中存在漏洞，如果ASP文件是在一个扩展名包括如.com，.exe,.sh,.cgi或.dll的虚拟目录中，那么远程攻击者利用该漏洞阅读ASP文件的源代码，又名“虚拟目录命名”漏洞。",中危,未知,CNNVD-199912-066,http://www.cnnvd.org.cn/web/xxk/ldxqById.tag?CNNVD=CNNVD-199912-066,,远程,IIS 和 Site 服务器 “虚拟目录命名”漏洞,1
IIS,CVE-2000-0024,IIS中存在不规范的网址漏洞，远程攻击者借助转义字符绕过第三方软件的访问限制，又名“转义符解析”漏洞,中危,未知,CNNVD-199912-069,http://www.cnnvd.org.cn/web/xxk/ldxqById.tag?CNNVD=CNNVD-199912-069,,远程,IIS“转义符解析”漏洞,1
IIS,CVE-1999-1591,Microsoft Internet信息服务（IIS）服务器4.0 SP4中存在缺少修复程序的漏洞，该漏洞允许远程攻击者无条件的绕过认证要求的认证证书，如通过微软的Visual InterDev 6.0连接从而造成危害。,高危,访问验证错误,CNNVD-199912-112,http://www.cnnvd.org.cn/web/xxk/ldxqById.tag?CNNVD=CNNVD-199912-112,"Currently we are not aware of any vendor-supplied patches for this issue. If you feel we are in error or if you are aware of more recent information, please mail us at: mailto:vuldb@securityfocus.com.",远程,Microsoft VisualInterDev 6.0 - IIS4无认证管理漏洞,1
IIS,CVE-1999-1544,Microsoft IIS 3.0 和4.0版本的FTP服务器中存在缓冲区溢出漏洞。本地用户和有时候远程攻击者借助一个超长NLST (ls)命令导致服务拒绝。,中危,缓冲区溢出,CNNVD-199901-045,http://www.cnnvd.org.cn/web/xxk/ldxqById.tag?CNNVD=CNNVD-199901-045,,远程,Microsoft IIS缓冲区溢出漏洞,1
IIS,CVE-1999-1538,"IIS 4.0是一款Windows NT系统自带的的Web服务器软件，由Microsoft公司开发维护。
由低版本IIS升级的IIS 4.0有一个文件ism.dll未被删除，此程序可用于远程管理IIS服务，远程攻击者可能利用此程序穷举口令。
默认安装的IIS 4.0中包含远程WEB管理组件，可以通过浏览器管理IIS服务。但是仅限于通过环回地址(127.0.0.1)访问。如果IIS 4.0是从IIS 2.0或者IIS 3.0基础上升级的，那么在/scripts/iisadmin目录下会留下一个ism.dll，通过直接向该文件提交请求同样可以实现远程WEB管理。而这里通常是任何IP地址都可以访问的。在访问的时候系统会要求输入用户名和密码，这也提供了一个穷举破解的途径。",低危,访问验证错误,CNNVD-199901-040,http://www.cnnvd.org.cn/web/xxk/ldxqById.tag?CNNVD=CNNVD-199901-040,"临时解决方法：
如果您不能立刻安装补丁或者升级，CNNVD建议您采取以下措施以降低威胁：* 删除scripts/iisadmin/ism.dll
厂商补丁：
Microsoft
---------
该问题无须补丁，删除scripts/iisadmin/ism.dll即可。",本地,Microsoft IIS 4.0远程Web管理ism.dll文件可被利用暴力猜解漏洞,1
IIS,CVE-1999-1537,IIS 3.x及4.x版本存在漏洞。IIS 3.x及4.x版本不能区分需要加密术的页面和不需要的页面，远程攻击者借助一般不加密文件HPPTS端口的SSL请求导致服务拒绝（资源耗尽），该漏洞导致IIS执行额外工作来发送SSL之上的文件。,中危,设计错误,CNNVD-199907-011,http://www.cnnvd.org.cn/web/xxk/ldxqById.tag?CNNVD=CNNVD-199907-011,Microsoft has been notified and has passed the information to the IIS Security and IIS Development teams.,远程,NT IIS SSL DoS漏洞,1
IIS,CVE-1999-1451,IIS 4.0 和 Site Server 3.0的Winmsdp.exe示例文件存在漏洞，远程攻击者可以借助此漏洞阅读任意文件。,中危,未知,CNNVD-199912-177,http://www.cnnvd.org.cn/web/xxk/ldxqById.tag?CNNVD=CNNVD-199912-177,,远程,IIS和Site Server Winmsdp.exe示例文件信息泄露漏洞,1
IIS,CVE-1999-1397,IIS 4.0下的Index Server 2.0将物理路径信息存储于AllowedPaths注册表项下的ContentIndex＼Catalogs子键中，其权限可能导致本地和远程用户获取被索引目录的物理路径。,高危,配置错误,CNNVD-199903-049,http://www.cnnvd.org.cn/web/xxk/ldxqById.tag?CNNVD=CNNVD-199903-049,Remove the new entry in HKLM\SYSTEM\CurrentControlSet\Control\SecurePipeServers\Winreg\AllowedPaths.,远程,NT Index Server远程管理注册表漏洞,1
IIS,CVE-1999-1376,"具有FrontPage服务器扩展
的IIS 4.0的fpcount.exe中存在缓冲区溢出漏洞。远程攻击者利用该漏洞执行任意命令。",超危,缓冲区溢出,CNNVD-199901-039,http://www.cnnvd.org.cn/web/xxk/ldxqById.tag?CNNVD=CNNVD-199901-039,,远程,IIS 4.0 fpcount.exe执行任意命令漏洞,1
IIS,CVE-1999-1233,"IIS 4.0存在漏洞，如果地址不能决定一个DNS域，如 ""Domain Resolution"" 漏洞，它将不能正确限制初始请求访问用户的IP地址。",高危,未知,CNNVD-199912-180,http://www.cnnvd.org.cn/web/xxk/ldxqById.tag?CNNVD=CNNVD-199912-180,,远程,IIS限制访问漏洞,1
IIS,CVE-1999-1223,IIS 3.0存在漏洞，远程攻击者可以通过一个包含许多/(斜杠)字段URL的ASP页面请求引起拒绝服务。,中危,未知,CNNVD-199912-179,http://www.cnnvd.org.cn/web/xxk/ldxqById.tag?CNNVD=CNNVD-199912-179,,远程,IIS拒绝服务漏洞,1
IIS,CVE-1999-1148,IIS 4.0及更早的版本存在FTP服务漏洞。远程攻击者可以同时通过许多被动的（PASV）连接导致服务拒绝（资源耗尽）。,中危,未知,CNNVD-199912-155,http://www.cnnvd.org.cn/web/xxk/ldxqById.tag?CNNVD=CNNVD-199912-155,,远程,IIS FTP服务拒绝漏洞,1
IIS,CVE-1999-1035,"Microsoft IIS是微软开发和维护的HTTP服务程序。
Microsoft IIS不正确处理畸形HTTP请求，远程攻击者可以利用这个漏洞消耗大量系统资源而使服务程序停止响应。
此漏洞牵涉到HTTP GET方法请求，畸形的GET请求可以导致消耗系统大量资源而使服务程序挂起。部分情况下需要重新启动IIS服务程序，不过此漏洞不会导致服务器上数据破坏。",中危,未知,CNNVD-199912-144,http://www.cnnvd.org.cn/web/xxk/ldxqById.tag?CNNVD=CNNVD-199912-144,"厂商补丁：
Microsoft
---------
Microsoft已经为此发布了一个安全公告(MS98-019)以及相应补丁:MS98-019：Patch Available for IIS ""GET"" Vulnerability",远程,Microsoft IIS畸形HTTP GET请求远程拒绝服务攻击漏洞(MS98-019),1
IIS,CVE-1999-1011,"MDAC(Microsoft Data Access Components)是一个把Web和数据库结合起来的软件包。它包含了一个叫RDS(Remote Data Services)的组件。RDS可以使用户通过IIS访问数据库，RDS与IIS都是默认安装的。
RDS中的一个组件DataFactory存在漏洞可以使Web服务用户获取IIS服务器上非公开的文件，远程攻击者也可以使用MDAC转发ODBC请求使之能访问到非公开的服务器。
如果服务器上安装了Microsoft JET OLE DB Provider或Microsoft DataShape Provider攻击者可以使用shell() VBA调用在系统上以System权限执行任意命令，具体细节可以参看Microsoft JET Database Engine VBA相关的漏洞，与当前这个漏洞结合使用可以使攻击者以System的权限在系统上执行任意命令。",超危,权限许可和访问控制,CNNVD-199907-021,http://www.cnnvd.org.cn/web/xxk/ldxqById.tag?CNNVD=CNNVD-199907-021,"厂商补丁：
Microsoft
---------
Microsoft已经为此发布了一个安全公告(MS99-025)以及相应补丁:MS99-025：Re-Release: Unauthorized Access to IIS Servers through ODBC Data Access with RDS",远程,Microsoft Windows NT IIS MDAC RDS远程命令执行漏洞(MS99-025),1
IIS,CVE-1999-0874,"IIS 4.0是一款Windows NT系统自带的的Web服务器软件，由Microsoft公司开发维护。
IIS 4.0在处理以.HTR为后缀的文件请求时存在缓冲区溢出漏洞，远程攻击者可能利用此漏洞通过溢出攻击以Web进程的权限在目标系统上执行任意指令。
IIS支持对一些特定文件名后缀(如.ASP、.IDC、.HTR)的文件请求执行进一步的处理，当服务器接到此类文件的请求时，每种后缀的文件由一个特定的DLL文件处理。ISM.DLL用于处理.HTR、.STM、.IDC为后缀的文件请求，IIS的HTR ISAPI扩展在处理超长的htr文件名存在缓冲溢出漏洞，远程攻击者可以利用此漏洞通过溢出攻击进行拒绝服务攻击或者以Local System的权限在目标系统上执行任意指令，从而完全控制主机。此ISAPI文件扩展映射默认情况下是打开的。",超危,缓冲区溢出,CNNVD-199906-019,http://www.cnnvd.org.cn/web/xxk/ldxqById.tag?CNNVD=CNNVD-199906-019,"临时解决方法：
如果您不能立刻安装补丁或者升级，CNNVD建议您采取以下措施以降低威胁：* 删除.HTR文件扩展到ISM.DLL文件的映射：",远程,Microsoft IIS 4.0 .HTR ISAPI扩展远程缓冲区溢出漏洞(MS99-019),1
IIS,CVE-1999-0867,IIS 4.0存在漏洞，通过错误头HTTP请求可以造成服务拒绝。,中危,输入验证,CNNVD-199908-018,http://www.cnnvd.org.cn/web/xxk/ldxqById.tag?CNNVD=CNNVD-199908-018,"Microsoft released a patch for this vulnerability on August 11, 1999. However, on August 12, 1999 they retracted it due to an error that made IIS hang whenever the logfile was an exact multiple of 64KB. Microsoft re-released the bulletin on August 16, 1999. The new patches are available at:
ftp://ftp.microsoft.com/bussys/iis/iis-public/fixes/usa/security/HDBRK-fix/",远程,NT IIS错误HTTP请求头DoS漏洞,1
IIS,CVE-1999-0861,IIS和其他服务器的SSL ISAPI过滤器存在漏洞，可能泄漏纯文本信息。,低危,竞争条件,CNNVD-199908-022,http://www.cnnvd.org.cn/web/xxk/ldxqById.tag?CNNVD=CNNVD-199908-022,,远程,IIS SSL ISAPI过滤器信息泄露漏洞,1
IIS,CVE-1999-0777,IIS FTP服务器中存在漏洞，远程攻击者利用该漏洞读取或者删除服务器中的文件，即使他们有“拒绝访问”权限。,高危,权限许可和访问控制,CNNVD-199909-041,http://www.cnnvd.org.cn/web/xxk/ldxqById.tag?CNNVD=CNNVD-199909-041,"Microsoft has released a hotfix for this vulnerability. This hotfix was too late to be included in NT 4.0 SP6 (as yet unreleased), so it has been released as an IIS Post -SP6 hotfix for IIS and a fix for CIS. The patches can be found at
IIS 4.0:
ftp://ftp.microsoft.com/bussys/iis/iis-public/fixes/usa/IIS40/hotfixes-postSP6/security/IPRFTP-fix/
MCIS 2.5:
ftp://ftp.microsoft.com/bussys/mcis/mcis-public/fixes/usa/mcis25/security/ftpsvc-fix/
Microsoft states there are no negative ramifications to applying this hotfix to SP4 or SP5 hosts who have not installed the previously referenced FTP hotfix.
The hotfix designed to correct this problem was not released in time for the upcoming NT 4.0 Service Pack 6. Service Pack 6 contains the ""buggy"" hotfix and will be vulnerable to this error when it is released. It will be necessary to install this hotfix after installing Service Pack 6, regardless of whether or not the Service Pack 5 installation was vulnerable.",远程,Microsoft IIS FTP NO ACCESS 读取/删除 文件漏洞,1
IIS,CVE-1999-0739,IIS和Site Server的codebrws.asp示例文件中存在漏洞。远程攻击者利用该漏洞读取任意文件。,中危,未知,CNNVD-199905-019,http://www.cnnvd.org.cn/web/xxk/ldxqById.tag?CNNVD=CNNVD-199905-019,,远程,IIS和网站服务器codebrws.asp示例文件读取任意文件漏洞,1
IIS,CVE-1999-0738,IIS和Site Server的code.asp示例文件中存在漏洞。远程攻击者利用该漏洞读取任意文件。,中危,未知,CNNVD-199905-020,http://www.cnnvd.org.cn/web/xxk/ldxqById.tag?CNNVD=CNNVD-199905-020,,远程,IIS和网站服务器code.asp示例文件读取任意文件漏洞,1
IIS,CVE-1999-0737,IIS 4.0是Microsoft公司的一个广泛应用的Internet服务器产品，运行在Windows平台上。IIS自带了一些ASP例子脚本，这些文件是默认安装的且存在于web目录下。IIS 4.0自带的某些例子脚本如showcode.asp实现上存在输入验证漏洞，远程攻击者可能利用此漏洞读取Web目录所在驱动器的中任意文件的内容，包括一些ASP脚本的源码。,中危,输入验证,CNNVD-199905-015,http://www.cnnvd.org.cn/web/xxk/ldxqById.tag?CNNVD=CNNVD-199905-015,临时解决方法：如果您不能立刻安装补丁或者升级，CNNVD建议您采取以下措施以降低威胁：,远程,Microsoft IIS 4.0 showcode.asp例子脚本可察看任意文件漏洞(MS99-013),1
IIS,CVE-1999-0736,IIS 4.0是Microsoft公司的一个广泛应用的Internet服务器产品，运行在Windows平台上。IIS自带了一些ASP例子脚本，这些文件是默认安装的且存在于web目录下。IIS 4.0自带的某些例子脚本如showcode.asp实现上存在输入验证漏洞，远程攻击者可能利用此漏洞读取Web目录所在驱动器的中任意文件的内容，包括一些ASP脚本的源码。,中危,输入验证,CNNVD-199905-018,http://www.cnnvd.org.cn/web/xxk/ldxqById.tag?CNNVD=CNNVD-199905-018,临时解决方法：如果您不能立刻安装补丁或者升级，CNNVD建议您采取以下措施以降低威胁：,远程,Microsoft IIS 4.0 showcode.asp例子脚本可察看任意文件漏洞(MS99-013),1
IIS,CVE-1999-0725,"IIS 是一个非常流行的Internet Web服务器产品，随Windows NT捆绑销售。
中文版、日文版、韩文版等双字节语言版本的IIS 3.0和4.0存在一个问题，在HTTP请求中CGI文件名后面加上""%81""就可以显示出文件的源代码，而不是执行。
该问题是一个输入验证错误。IIS是通过文件扩展名来决定将一个文件内容直接显示出来还是作为脚本执行的。对于asp文件，如果请求中的扩展名是"".asp""那么IIS可以正确处理。如果将扩展名后面加一个""%81""，IIS将不认为这是一个ASP文件，也就不会执行。但是文件系统会忽略文件名后的""%81""，可以正确找到文件。",高危,配置错误,CNNVD-199908-032,http://www.cnnvd.org.cn/web/xxk/ldxqById.tag?CNNVD=CNNVD-199908-032,"临时解决方法：
如果您不能立刻安装补丁或者升级，CNNVD建议您采取以下措施以降低威胁：* 将所有CGI移到一个目录下，将此目录权限设为允许执行，不允许读取。
厂商补丁：
Microsoft
---------
Microsoft已经为此发布了一个安全公告(MS99-022)以及相应补丁:",远程,"Microsoft IIS 3.0/4.0""%81""ASP源码泄露漏洞(MS99-022)",1
IIS,CVE-1999-0561,,,,,,,,,1
IIS,CVE-1999-0450,IIS中存在漏洞，攻击者利用该漏洞通过使用将借助Perl (perl.exe)解释的不存在的URL请求确定一个真正的路径。,高危,配置错误,CNNVD-199901-051,http://www.cnnvd.org.cn/web/xxk/ldxqById.tag?CNNVD=CNNVD-199901-051,"In IIS4 and above, you can configure it to check for the existence of a file before it returns an error message.
In IIS4:
Preferences -> Home directory -> Application
select ""Check if file exists"" for all IISAPI mappings registered
Also, remove all unused mappings.",远程,NT IIS IISAPI扩展枚举根网络服务目录漏洞,1
IIS,CVE-1999-0449,"IIS 4.0是一款Windows NT系统自带的的Web服务器软件，由Microsoft公司开发维护。默认情况下，IIS会安装一些例子脚本程序。
某些例子程序实现上存在问题，远程攻击者可利用此漏洞导致服务器拒绝服务攻击。
在/IISSAMPLES/ExAir/Search/的目录下存在几个文件：
advsearch.asp
query.asp
search.asp
如果直接访问这些文件而样例站点的动态链接库没有运行的话，将导致CPU使用率达到100%，机器速度将明显变慢。",高危,未知,CNNVD-199901-052,http://www.cnnvd.org.cn/web/xxk/ldxqById.tag?CNNVD=CNNVD-199901-052,"临时解决方法：
如果您不能立刻安装补丁或者升级，CNNVD建议您采取以下措施以降低威胁：* 将""exair""以及其它的示例脚本全部删除。
厂商补丁：
Microsoft
---------
目前厂商还没有提供补丁或者升级程序，我们建议使用此软件的用户随时关注厂商的主页以获取最新版本：",远程,"Microsoft IIS 4.0 ""ExAir""示例脚本远程拒绝服务攻击漏洞",1
IIS,CVE-1999-0412,IIS以及其他网络服务器存在漏洞。如果服务器正作为SYSTEM运行并且正在加载一个ISAPI分机，那么攻击者可以攻击如SYSTEM命令。,高危,竞争条件,CNNVD-199902-043,http://www.cnnvd.org.cn/web/xxk/ldxqById.tag?CNNVD=CNNVD-199902-043,Do not allow users to use ISAPI extensions and their own CGI on the same server.,远程,NT IIS ISAPI GetExtensionVersion()漏洞,1
IIS,CVE-1999-0407,"Microsoft IIS是一个流行的基于Windows平台的WEB服务器。支持包括.htr在内的很多ISAPI映射。
IIS 4.0的/IISADMPWD目录下的一些.htr文件存在缺陷，可被攻击者用来暴力猜解系统口令或绕过安全策略更改口令。
在IIS 4.0中，WEB目录/IISADMPWD映射在%SystemRoot%＼system32＼iisadmpwd，其中包含几个存在安全问题的.htr文件。这些文件被设计用来允许系统管理员通过HTTP管理用户帐号口令，包括：achg.htr、aexp*.htr和anot*.htr。当通过WEB访问这些文件时，会返回一个表单，要求输入帐号口令和要更改的口令。该界面可被用来暴力猜解系统口令，即使主机阻止了远程NETBIOS会话。如果系统的安全策略禁止了用户更改自己的口令，通过该界面仍然可以更改口令。",超危,未知,CNNVD-199902-018,http://www.cnnvd.org.cn/web/xxk/ldxqById.tag?CNNVD=CNNVD-199902-018,"临时解决方法：
如果您不能立刻安装补丁或者升级，CNNVD建议您采取以下措施以降低威胁：* 如果不需要使用IISADMPWD下这些文件，请删除或者移出Web目录。",远程,Microsoft IIS 4.0 IISADMPWD可暴力猜解口令及可绕过安全策略漏洞,1
IIS,CVE-1999-0360,带有IIS 4.0版本的Microsoft Site Server 2.0版本存在漏洞。允许用户向目标网站上传包括ASP的内容，从而允许他们远程地执行命令。,高危,设计错误,CNNVD-199901-061,http://www.cnnvd.org.cn/web/xxk/ldxqById.tag?CNNVD=CNNVD-199901-061,"Currently the SecurityFocus staff are not ware of any vendor supplied patches for this issue. If you feel we are in error or are aware of more recent information, please mail us at: vuldb@securityfocus.com.",本地,带有IIS 4.0的Microsoft Site Server 2.0 恶意文件上传漏洞,1
IIS,CVE-1999-0349,IIS 的FTP list (ls)命令中存在一个缓冲区溢出漏洞。远程攻击者利用该漏洞拒绝服务并且在一些情况下执行任意命令。,高危,缓冲区溢出,CNNVD-199901-056,http://www.cnnvd.org.cn/web/xxk/ldxqById.tag?CNNVD=CNNVD-199901-056,,远程,IIS 的FTP list (ls)命令缓冲区溢出漏洞,1
IIS,CVE-1999-0348,IIS ASP中存在漏洞。该漏洞导致当两个虚拟服务器共享相同的物理目录时IIS ASP缓存问题发布敏感信息的危害。,中危,信息泄露,CNNVD-199901-055,http://www.cnnvd.org.cn/web/xxk/ldxqById.tag?CNNVD=CNNVD-199901-055,,远程,IIS ASP缓存问题发布敏感信息漏洞,1
IIS,CVE-1999-0281,IIS通过长URLs导致服务拒绝。,中危,未知,CNNVD-199706-003,http://www.cnnvd.org.cn/web/xxk/ldxqById.tag?CNNVD=CNNVD-199706-003,,远程,IIS服务拒绝漏洞,1
IIS,CVE-1999-0278,"IIS是一款Windows NT系统自带的的Web服务器软件，由Microsoft公司开发维护。
IIS实现上存在一个问题，对于一个访问ASP文件的NTFS流的HTTP请求会直接返回ASP源代码，远程攻击者可以借此漏洞获取ASP页面的源代码而不是经过服务器解释执行后的页面。
IIS在处理文件请求时会先判断文件扩展名是否在可执行文件扩展名列表中，如果在，则执行并返回结果，如果不在，则直接返回文件内容。NTFS文件系统支持在文件中包含额外的数据流。$DATA是在NTFS文件系统中存储数据流的属性。当我们对一个在NTFS分区中的ASP文件发出包含$DATA请求，IIS会检查最后一个"".""后面的扩展名，因为多了""：：$DATA""，结果IIS不认为这是一个ASP文件，而文件系统可以识别该请求，于是ASP的源代码被返回。",中危,未知,CNNVD-199806-004,http://www.cnnvd.org.cn/web/xxk/ldxqById.tag?CNNVD=CNNVD-199806-004,"厂商补丁：
Microsoft
---------
Microsoft已经为此发布了一个安全公告(MS98-003)以及相应补丁:MS98-003：File Access issue with Internet Information Server",远程,Microsoft IIS 3.0/4.0 ::$DATA请求泄露ASP源代码漏洞(MS98-003),1
IIS,CVE-1999-0253,"IIS 3.0是一款与Windows NT 4.0系统捆绑销售的Web服务器软件，由Microsoft公司开发维护。
IIS 3.0在对于某些不正常的HTTP请求的处理上存在问题，可导致CGI源代码泄漏给远程攻击者。
该问题是一个输入验证错误。IIS是通过文件扩展名来决定将一个文件内容直接显示出来还是作为脚本执行的。对于asp文件，如果请求中的扩展名是"".asp""那么IIS可以正确处理。如果将扩展名后面加一个"".""或者编码为""%2e""，IIS讲不认为这是一个ASP文件而会直接显示出文件内容。但是文件系统会忽略文件名后的"".""，可以正确找到文件。",高危,输入验证,CNNVD-199701-007,http://www.cnnvd.org.cn/web/xxk/ldxqById.tag?CNNVD=CNNVD-199701-007,"临时解决方法：
如果您不能立刻安装补丁或者升级，CNNVD建议您采取以下措施以降低威胁：* 将所有CGI移到一个目录下，将此目录权限设为允许执行，不允许读取。
厂商补丁：
Microsoft
---------
目前厂商已经发布了升级补丁以修复这个安全问题，请到厂商的主页下载：",远程,"Microsoft IIS 3.0 ""%2e"" ASP源码泄露漏洞",1
IIS,CVE-1999-0233,IIS 1.0版本存在漏洞。用户使用.bat或.cmd文件执行任意命令。,超危,未知,CNNVD-199602-004,http://www.cnnvd.org.cn/web/xxk/ldxqById.tag?CNNVD=CNNVD-199602-004,,远程,IIS执行任意命令漏洞,1
IIS,CVE-1999-0229,Windows NT IIS服务器中存在漏洞。该漏洞在服务器使用..＼..时拒绝服务。,中危,其他,CNNVD-199905-030,http://www.cnnvd.org.cn/web/xxk/ldxqById.tag?CNNVD=CNNVD-199905-030,"Currently the SecurityFocus staff are not aware of any vendor supplied patches for this issue. If you feel we are in error or are aware of more recent information, please mail us at: vuldb@securityfocus.com.",远程,Microsoft IIS ..\.. 拒绝服务漏洞,1
IIS,CVE-1999-0191,"IIS 3.0是一款Windows NT/2000系统自带的的Web服务器软件，由Microsoft公司开发维护。默认安装的IIS 3.0带了一个缺省示例CGI程序/scripts/tools/newdsn.exe。
newdsn.exe实现上存在一个漏洞，允许攻击者通过提交一个特意构造的URL请求来覆盖任意文件。
如果系统的NTFS权限设置不够严格，攻击者可能在系统中任何位置创建文件，或覆盖现存数据库的DSN。这可能导致拒绝服务攻击或其他后果。",中危,未知,CNNVD-199709-008,http://www.cnnvd.org.cn/web/xxk/ldxqById.tag?CNNVD=CNNVD-199709-008,"临时解决方法：
如果您不能立刻安装补丁或者升级，CNNVD建议您采取以下措施以降低威胁：* 在/scripts/tools目录中删除newdsn.exe；",远程,Microsoft IIS 3.0 newdsn.exe文件创建漏洞,1
IIS,CVE-1999-0154,IIS 2.0及3.0中存在漏洞。远程攻击者通过在URL末尾附加.（点）读取ASP页的源代码。,中危,未知,CNNVD-199912-153,http://www.cnnvd.org.cn/web/xxk/ldxqById.tag?CNNVD=CNNVD-199912-153,,远程,IIS代码注入漏洞,1
IIS,CVE-2019-11989,HPE IceWall SSO和HPE IceWall MFA都是美国惠普企业公司（Hewlett Packard Enterprise，HPE）的产品。HPE IceWall SSO是一款为用户提供身份验证功能的单点登录程序。HPE IceWall SSO Agent Option是一个基于代理的HPE IceWall SSO选项。HPE IceWall MFA是一套多因素身份验证解决方案。Agent module是其中的一个代理模块。HPE IceWall SSO Agent Option和IceWall MFA (Agent模块 )中存在安全漏洞。攻击者可利用该漏洞造成拒绝服务。以下产品及版本受到影响：IceWall SSO Agent Option 10.0 (RHEL、HP-UX和Windows)版本，11.0 (RHEL)版本；HPE IceWall MFA 4.0EE MFA. Server LTU (Agent模块仅包含在MFA Proxy)，HPE IceWall.MFA4.0SE MFA. Server LTU (Agent模块仅包含在MFA Proxy)。,中危,输入验证错误,CNNVD-201907-1135,http://www.cnnvd.org.cn/web/xxk/ldxqById.tag?CNNVD=CNNVD-201907-1135,目前厂商已发布升级补丁以修复漏洞，补丁获取链接：https://support.hpe.com/hpsc/doc/public/display?docLocale=en_US&docId=emr_na-hpesbmu03941en_us,远程,HPE IceWall SSO Agent Option和IceWall MFA 输入验证错误漏洞,1
IIS,CVE-2018-1234,Dell EMC RSA Authentication Agent for Web for IIS是美国戴尔（Dell）公司的一套用于IIS服务器的远程访问请求验证软件。该软件用于拦截远程访问和本地用户或用户组的请求，将其引导至RSA认证管理服务器进行身份验证。Dell EMC RSA Authentication Agent for Web for IIS 8.0.1及之前版本中存在信息泄露漏洞，该漏洞源于程序没有限制未授权用户的访问。本地攻击者可利用该漏洞读取配置属性。,低危,信息泄露,CNNVD-201804-023,http://www.cnnvd.org.cn/web/xxk/ldxqById.tag?CNNVD=CNNVD-201804-023,目前厂商已发布升级补丁以修复漏洞，详情请关注厂商主页：https://www.dellemc.com/,本地,Dell EMC RSA Authentication Agent for Web for IIS 信息泄露漏洞,1
IIS,CVE-2018-1233,ECOS Secure Boot Stick（又名SBS）是德国ECOS TECHNOLOGY的一款用于远程访问Citrix、Microsoft Terminal Server、VMware和其它Web应用程序的安全设备。,高危,加密问题,CNNVD-201806-938,http://www.cnnvd.org.cn/web/xxk/ldxqById.tag?CNNVD=CNNVD-201806-938,目前厂商暂未发布修复措施解决此安全问题，建议使用此软件的用户随时关注厂商主页或参考网址以获取解决办法：https://www.ecos.de/en/products/appliances/system-management-app/,远程,ECOS Secure Boot Stick 安全漏洞,1
IIS,CVE-2018-1232,"Network Time Protocol（NTP,网络时间协议）是一种以数据包交换把两台电脑的时钟同步化的网络协议。ntpd是其中的一个操作系统守护进程，它使用网络时间协议（NTP）与时间服务器的系统时间保持同步。NTP 4.2.8p11版本中的ntpq和ntpdc存在基于栈的缓冲区溢出漏洞。攻击者可借助较长的字符串利用该漏洞执行代码或提升至更高的权限。",超危,缓冲区错误,CNNVD-201806-1071,http://www.cnnvd.org.cn/web/xxk/ldxqById.tag?CNNVD=CNNVD-201806-1071,目前厂商暂未发布修复措施解决此安全问题，建议使用此软件的用户随时关注厂商主页或参考网址以获取解决办法：http://www.ntp.org/,远程,NTP 缓冲区错误漏洞,1
IIS,CVE-2013-0941,RSA SecurID是美国易安信（EMC）公司的一款在允许用户登陆到微软Windows环境之前就能证明其身份的认证解决方案。EMC RSA Authentication API 8.1 SP1之前的版本，Apache Web Server的RSA Web Agent 5.3.5之前的版本，IIS的RSA Web Agent 5.3.5之前的版本，RSA PAM Agent 7.0之前的版本，Microsoft Windows的RSA Agent 6.1.4之前的版本中存在漏洞，该漏洞源于程序对SecurID Authentication API的节点密钥中的存储数据进行维护的过程中使用了错误的加密算法和弱密钥。本地攻击者可通过对此数据的加密攻击利用该漏洞获得敏感信息。,低危,加密问题,CNNVD-201305-370,http://www.cnnvd.org.cn/web/xxk/ldxqById.tag?CNNVD=CNNVD-201305-370,目前厂商已经发布了升级补丁以修复此安全问题，补丁获取链接：http://archives.neohapsis.com/archives/bugtraq/2013-05/att-0064/ESA-2013-029.txt,本地,多款RSA产品SecurID本地信息泄露漏洞,1
IIS,CVE-2010-2375,,,,,,,,,1
IIS,CVE-2008-5457,"Oracle Database是一款商业性质大型数据库系统。BEA Product Suite(10.3, 10.0 MP1, 9.2 MP3, 9.1, 9.0, 8.1 SP6, 7.0 SP7) 服务Apache,SunIIS插件Oracle BEA WebLogic Server 存在未明访问控制安全漏洞。远程认证用户可以通过未明向量影响系统的机密性、完整性和可用性。",超危,资料不足,CNNVD-200901-162,http://www.cnnvd.org.cn/web/xxk/ldxqById.tag?CNNVD=CNNVD-200901-162,目前厂商已经发布了升级补丁以修复这个安全问题，补丁下载链接：http://www.oracle.com/technology/deploy/security/critical-patch-updates/cpujan2009.html?_template=/o,远程,"Oracle BEA Product Suite 服务Apache,SunIIS插件Oracle BEA WebLogic Server 未明安全漏洞",1
IIS,CVE-2008-2579,"Oracle Database是一款商业性质大型数据库系统Oracle BEA Product Suite 10.0 MP1, 9.2 MP3, 9.1, 9.0, 8.1 SP6, 7.0 SP7, and 6.1 SP7 中的针对Apache ，Sun 的Weblogic Server组件和IIS web server组件存在未知的远程攻击漏洞。",中危,资料不足,CNNVD-200807-282,http://www.cnnvd.org.cn/web/xxk/ldxqById.tag?CNNVD=CNNVD-200807-282,"目前厂商已经发布了升级补丁以修复这个安全问题，补丁下载链接：
http://www.oracle.com/technology/deploy/security/critical-patch-updates/cpujul2008.html?_template=/o",远程,Oracle BEA Product Suite WebLogic Server插件和IIS web Server组件远程攻击漏洞,1
IIS,CVE-2007-0087,当被一个带有大的窗口尺寸的TCP连接访问时，Microsoft Internet Information Services (IIS)存在拒绝服务漏洞，远程攻击者可以借助一个Range头，来引起拒绝服务攻击(网络带宽耗尽)。该Range头会详细说明同一个片段的多个拷贝。,高危,未知,CNNVD-200701-041,http://www.cnnvd.org.cn/web/xxk/ldxqById.tag?CNNVD=CNNVD-200701-041,"目前厂商还没有提供此漏洞的相关补丁或者升级程序，建议使用此软件的用户随时关注厂商的主页以获取最新版本：
http://www.microsoft.com/technet/security/",远程,Microsoft Internet Information Services Range拒绝服务漏洞,1
IIS,CVE-2001-1510,"运行于IIS 4.0和5.0版本，iPlanet，Apache， JRun web服务器(JWS)，和可能其他web服务器上的Allaire JRun 2.3.3，3.0和3.1版本存在漏洞。远程攻击者通过附加(1)""%3f.jsp""， (2)""?.jsp""或者(3)""?"" 到受请求的URL读取任意文件和目录。",中危,未知,CNNVD-200112-162,http://www.cnnvd.org.cn/web/xxk/ldxqById.tag?CNNVD=CNNVD-200112-162,Updates are available. Please see the references for details.,远程,Allaire JRun Web根目录泄露漏洞,1
IIS,CVE-2020-1476,Microsoft ASP.NET和.NET中存在提权漏洞。攻击者可借助特制请求利用该漏洞获取文件访问权限。以下产品及版本受到影响：Microsoft .NET Framework 2.0 SP2版本，3.5版本，3.5.1版本，4.5.2版本，4.6版本，4.6.1版本，4.6.2版本，4.7版本，4.7.1版本，4.7.2版本，4.8版本。,中危,其他,CNNVD-202008-432,http://www.cnnvd.org.cn/web/xxk/ldxqById.tag?CNNVD=CNNVD-202008-432,目前厂商已发布升级补丁以修复漏洞，补丁获取链接：https://portal.msrc.microsoft.com/zh-CN/security-guidance/advisory/CVE-2020-1476,本地,Microsoft ASP.NET和.NET 安全漏洞,1
