CVE-2020-7922,MongoDB Enterprise Kubernetes Operator是美国MongoDB公司的一款支持Kubernetes集群中部署MongoDB的工具。该产品同时支持管理、监视和备份MongoDB的功能。MongoDB Enterprise Kubernetes Operator中存在信任管理问题漏洞。该漏洞源于网络系统或产品中缺乏有效的信任管理机制。攻击者可利用默认密码或者硬编码密码、硬编码证书等攻击受影响组件。,中危,信任管理问题,CNNVD-202004-558,http://www.cnnvd.org.cn/web/xxk/ldxqById.tag?CNNVD=CNNVD-202004-558,目前厂商已发布升级补丁以修复漏洞，补丁获取链接：https://github.com/mongodb/mongodb-enterprise-kubernetes/releases/tag/1.2.5,远程,MongoDB Enterprise Kubernetes Operator 信任管理问题漏洞,mongoDB,1
CVE-2020-7921,MongoDB Server是美国MongoDB公司的一套开源的NoSQL数据库。该数据库提供面向集合的存储、动态查询、数据复制及自动故障转移等功能。MongoDB Server中的授权子系统存在安全漏洞，该漏洞源于程序没有正确序列化内部的授权状态。攻击者可利用该漏洞绕过IP白名单保护机制。以下产品及版本受到影响：MongoDB Server 4.2.3之前的4.2版本，4.0.15之前的4.0版本，4.3.3之前的4.3版本，3.6.18之前的3.6版本。,中危,其他,CNNVD-202005-197,http://www.cnnvd.org.cn/web/xxk/ldxqById.tag?CNNVD=CNNVD-202005-197,目前厂商已发布升级补丁以修复漏洞，补丁获取链接：https://jira.mongodb.org/browse/SERVER-45472,远程,MongoDB Server 安全漏洞,mongoDB,1
CVE-2020-1929,Apache Beam MongoDB connector 2.10.0版本到2.16.0版本中存在信任管理问题漏洞。攻击者可利用该漏洞使其无法对在同一JVM中运行的代码进行信任检查。,中危,信任管理问题,CNNVD-202001-800,http://www.cnnvd.org.cn/web/xxk/ldxqById.tag?CNNVD=CNNVD-202001-800,目前厂商已发布升级补丁以修复漏洞，详情请关注厂商主页：https://www.apache.org/,,Apache Beam MongoDB connector 信任管理问题漏洞,mongoDB,1
CVE-2019-2390,MongoDB Server是美国MongoDB公司的一套开源的NoSQL数据库。该数据库提供面向集合的存储、动态查询、数据复制及自动故障转移等功能。MongoDB Server 4.0.11之前版本、3.6.14之前版本和3.4.22之前版本中存在安全漏洞。攻击者可利用该漏洞执行其定义的代码。,中危,权限许可和访问控制问题,CNNVD-201908-2260,http://www.cnnvd.org.cn/web/xxk/ldxqById.tag?CNNVD=CNNVD-201908-2260,目前厂商已发布升级补丁以修复漏洞，补丁获取链接：https://jira.mongodb.org/browse/SERVER-42233,本地,MongoDB Server 权限许可和访问控制问题漏洞,mongoDB,1
CVE-2019-2389,MongoDB Server是美国MongoDB公司的一套开源的NoSQL数据库。该数据库提供面向集合的存储、动态查询、数据复制及自动故障转移等功能。MongoDB Server  4.0.11之前的4.0版本、3.6.14之前的版本和3.4.22之前的3.4版本中存在安全漏洞。攻击者可利用该漏洞造成拒绝服务。,中危,输入验证错误,CNNVD-201908-2259,http://www.cnnvd.org.cn/web/xxk/ldxqById.tag?CNNVD=CNNVD-201908-2259,目前厂商已发布升级补丁以修复漏洞，补丁获取链接：https://jira.mongodb.org/browse/SERVER-40563,本地,MongoDB Server 输入验证错误漏洞,mongoDB,1
CVE-2019-2388,MongoDB Ops Manager是美国MongoDB公司的一套支持管理、监视和备份MongoDB部署的解决方案。MongoDB Ops Manager 4.0.9版本、4.0.10版本和4.1.5版本中存在安全漏洞。攻击者可利用该漏洞查看公开的Ops Manager实例的特定访问日志。,中危,其他,CNNVD-202005-729,http://www.cnnvd.org.cn/web/xxk/ldxqById.tag?CNNVD=CNNVD-202005-729,目前厂商已发布升级补丁以修复漏洞，补丁获取链接：https://docs.opsmanager.mongodb.com/current/release-notes/application/#onprem-server-4-0,远程,MongoDB Ops Manager 安全漏洞,mongoDB,1
CVE-2019-2386,MongoDB Server是美国MongoDB公司的一套开源的NoSQL数据库。该数据库提供面向集合的存储、动态查询、数据复制及自动故障转移等功能。MongoDB Server 4.0.9之前的版本、3.6.13之前的3.6版本和3.4.22之前的3.4版本存在授权问题漏洞，该漏洞源于程序没有正确地使授权会话失效。攻击者可利用该漏洞访问MongoDB数据库服务器。,高危,授权问题,CNNVD-201908-429,http://www.cnnvd.org.cn/web/xxk/ldxqById.tag?CNNVD=CNNVD-201908-429,目前厂商已发布升级补丁以修复漏洞，补丁获取链接：https://jira.mongodb.org/browse/SERVER-38984,远程,MongoDB Server 授权问题漏洞,mongoDB,1
CVE-2018-16790,MongoDB mongo-c-driver是美国MongoDB公司的一款使用在MongoDB数据库中，基于C语言的客户端库。libbson是其中的一个提供构建和解析BSON文档等功能的实用程序库。,高危,缓冲区错误,CNNVD-201809-458,http://www.cnnvd.org.cn/web/xxk/ldxqById.tag?CNNVD=CNNVD-201809-458,目前厂商暂未发布修复措施解决此安全问题，建议使用此软件的用户随时关注厂商主页或参考网址以获取解决办法：https://github.com/mongodb/libbson,远程,MongoDB mongo-c-driver libbson 缓冲区错误漏洞,mongoDB,1
CVE-2018-13863,MongoDB bson JavaScript module（又名js-bson）是一个使用在MongoDB中的BSON（Binary JSON）解析器。,高危,资源管理错误,CNNVD-201807-911,http://www.cnnvd.org.cn/web/xxk/ldxqById.tag?CNNVD=CNNVD-201807-911,目前厂商已发布升级补丁以修复漏洞，补丁获取链接：https://github.com/mongodb/js-bson/commit/bd61c45157c53a1698ff23770160cf4783e9ea4a,远程,MongoDB bson JavaScript模块安全漏洞,mongoDB,1
CVE-2017-15535,MongoDB是美国MongoDB公司的一套开源的NoSQL数据库。该数据库提供面向集合的存储、动态查询、数据复制及自动故障转移等功能。MongoDB 3.4.10之前的3.4.x版本和3.5.x-development版本中存在安全漏洞。攻击者可利用该漏洞造成拒绝服务或更改内存。,中危,资料不足,CNNVD-201711-045,http://www.cnnvd.org.cn/web/xxk/ldxqById.tag?CNNVD=CNNVD-201711-045,目前厂商已发布升级补丁以修复漏洞，补丁获取链接：https://jira.mongodb.org/browse/SERVER-31273,远程,MongoDB 安全漏洞,mongoDB,1
CVE-2017-14227,MongoDB libbson是美国MongoDB公司的一个提供构建和解析BSON文档等功能的实用程序库。,高危,缓冲区错误,CNNVD-201709-287,http://www.cnnvd.org.cn/web/xxk/ldxqById.tag?CNNVD=CNNVD-201709-287,目前厂商暂未发布修复措施解决此安全问题，建议使用此软件的用户随时关注厂商主页或参考网址以获取解决办法：https://github.com/mongodb/libbson,远程,MongoDB libbson 安全漏洞,mongoDB,1
CVE-2016-6494,MongoDB是美国MongoDB公司的一套开源的NoSQL数据库。该数据库提供面向集合的存储、动态查询、数据复制及自动故障转移等功能。MongoDB中的客户端存在安全漏洞，该漏洞源于程序对.dbshell历史文件分配了全局可读权限。本地攻击者可通过读取这些文件利用该漏洞获取敏感信息。,低危,信息泄露,CNNVD-201607-1063,http://www.cnnvd.org.cn/web/xxk/ldxqById.tag?CNNVD=CNNVD-201607-1063,目前厂商已经发布了升级补丁以修复此安全问题，补丁获取链接：https://jira.mongodb.org/browse/SERVER-25335,本地,MongoDB 安全漏洞,mongoDB,1
CVE-2016-3104,MongoDB是美国MongoDB公司的一套开源的NoSQL数据库。该数据库提供面向集合的存储、动态查询、数据复制及自动故障转移等功能。MongoDB 2.6版本和2.4版本中的mongod存在安全安全漏洞。远程攻击者可利用该漏洞造成拒绝服务（内存消耗和进程终止）。,中危,资料不足,CNNVD-201612-541,http://www.cnnvd.org.cn/web/xxk/ldxqById.tag?CNNVD=CNNVD-201612-541,目前厂商已经发布了升级补丁以修复此安全问题，补丁获取链接：https://jira.mongodb.org/browse/SERVER-24378,远程,MongoDB 安全漏洞,mongoDB,1
CVE-2016-10572,mongodb-instance是一个用于安装部署MongoDB数据库的软件包。,高危,加密问题,CNNVD-201805-1172,http://www.cnnvd.org.cn/web/xxk/ldxqById.tag?CNNVD=CNNVD-201805-1172,目前厂商已发布升级补丁以修复漏洞，详情请关注厂商主页：https://www.npmjs.com/package/mongodb-instance,远程,mongodb-instance 安全漏洞,mongoDB,1
CVE-2015-7882,MongoDB Server是美国MongoDB公司的一套开源的NoSQL数据库。该数据库提供面向集合的存储、动态查询、数据复制及自动故障转移等功能。MongoDB Server 3.0.0版本至3.0.6版本中存在安全漏洞。攻击者可利用该漏洞获取未授权的访问权限。,高危,授权问题,CNNVD-201907-1120,http://www.cnnvd.org.cn/web/xxk/ldxqById.tag?CNNVD=CNNVD-201907-1120,目前厂商已发布升级补丁以修复漏洞，补丁获取链接：https://jira.mongodb.org/browse/SERVER-20691,远程,MongoDB Server 授权问题漏洞,mongoDB,1
CVE-2015-5723,多款Doctrine产品中存在安全漏洞，该漏洞源于程序为缓存目录分配全局可写权限。本地攻击者可借助特制的应用程序（umask设为0并将缓存条目以代码形式执行）利用该漏洞以附加权限执行任意PHP代码。以下产品及版本受到影响：Doctrine Annotations 1.2.7之前版本，Cache 1.3.2之前版本和1.4.2之前1.4.x版本，Common 2.4.3之前版本和2.5.1之前2.5.x版本，ORM 2.4.8之前版本和2.5.1之前2.5.x版本，MongoDB ODM 1.0.2之前版本，MongoDB ODM Bundle 3.0.1之前版本。,高危,权限许可和访问控制,CNNVD-201510-621,http://www.cnnvd.org.cn/web/xxk/ldxqById.tag?CNNVD=CNNVD-201510-621,目前厂商已经发布了升级补丁以修复此安全问题，补丁获取链接：http://www.doctrine-project.org/2015/08/31/security_misconfiguration_vulnerability_in_various_doctrine_projects.html,本地,多款Zend产品本地提权漏洞,mongoDB,1
CVE-2015-4411,BSON是RubyGems组织的一个类json（把一个对象转化为二进制数字）的编程语言实现的数据格式。mongodb/bson-ruby是一个用在MongoDB中的BSON规范（2.0.0+）的Ruby实现。mongodb/bson-ruby 3.0.4之前版本（使用在rubygem-moped中）中的Moped：：BSON：：ObjecId.legal?方法中存在安全漏洞。远程攻击者可利用该漏洞通过特制的字符串造成拒绝服务（工作资源消耗）。注意：该漏洞是由于对CNNVD-201601-098（CVE-2015-4410）的不完整修复所导致。,高危,资源管理错误,CNNVD-201601-100,http://www.cnnvd.org.cn/web/xxk/ldxqById.tag?CNNVD=CNNVD-201601-100,目前厂商已经发布了升级补丁以修复此安全问题，详情请关注厂商主页：https://rubygems.org/,远程,mongodb/bson-ruby 资源管理错误漏洞,mongoDB,1
CVE-2015-1609,MongoDB是美国MongoDB公司的一套开源的NoSQL数据库。该数据库提供面向集合的存储、动态查询、数据复制及自动故障转移等功能。10gen MongoDB 2.4.13之前版本和2.6.8之前2.6.x版本中存在安全漏洞。远程攻击者可借助BSON请求中的特制的UTF-8字符串利用该漏洞造成拒绝服务。,中危,输入验证,CNNVD-201503-629,http://www.cnnvd.org.cn/web/xxk/ldxqById.tag?CNNVD=CNNVD-201503-629,目前厂商已经发布了升级补丁以修复此安全问题，补丁获取链接：https://jira.mongodb.org/browse/SERVER-17264,远程,10gen MongoDB 输入验证漏洞,mongoDB,1
CVE-2014-8180,Red Hat Satellite是美国红帽（Red Hat）公司的一套系统管理平台，可用于扩展Linux基础架构，并提供系统管理功能，如管理、配置和监控。MongoDB是其中的美国MongoDB公司开发的一套数据库软件。Red Hat Satellite 6中的MongoDB存在安全漏洞。本地攻击者可通过使用空密码登陆利用该漏洞绕过身份验证，删除信息，造成拒绝服务。,低危,授权问题,CNNVD-201706-186,http://www.cnnvd.org.cn/web/xxk/ldxqById.tag?CNNVD=CNNVD-201706-186,目前厂商已发布升级补丁以修复漏洞，补丁获取链接：https://access.redhat.com/documentation/en-us/red_hat_satellite/6.2/html/installation_guide/preparing_your_environment_for_installation#restricting_access_to_mongod,本地,Red Hat Satellite MongoDB 授权问题漏洞,mongoDB,1
CVE-2014-3971,MongoDB是美国MongoDB公司的一套开源的NoSQL数据库。该数据库提供面向集合的存储、动态查询、数据复制及自动故障转移等功能。10gen MongoDB 2.6.0版本和2.6.1版本的mongod中的db/commands/authentication_commands.cpp文件中的‘CmdAuthenticate：：_authenticateX509’函数存在安全漏洞。远程攻击者可借助无效的X.509客户端证书进行验证利用该漏洞造成拒绝服务（守护进程崩溃）。,中危,输入验证,CNNVD-201412-548,http://www.cnnvd.org.cn/web/xxk/ldxqById.tag?CNNVD=CNNVD-201412-548,目前厂商已经发布了升级补丁以修复此安全问题，补丁获取链接：https://jira.mongodb.org/browse/SERVER-13753,远程,10gen MongoDB mongod 输入验证漏洞,mongoDB,1
CVE-2013-4650,MongoDB是美国MongoDB公司的一套开源的NoSQL数据库。该数据库提供面向集合的存储、动态查询、数据复制及自动故障转移等功能。10gen MongoDB 2.4.5之前的2.4.x版本和2.5.1之前的2.5.x版本中存在漏洞。经过授权的远程攻击者可通过任意数据库中的‘__system’用户名利用该漏洞获得内部系统的权限。,中危,权限许可和访问控制,CNNVD-201307-067,http://www.cnnvd.org.cn/web/xxk/ldxqById.tag?CNNVD=CNNVD-201307-067,目前厂商已经发布了升级补丁以修复此安全问题，补丁获取链接：http://www.mongodb.org/about/alerts/,远程,10gen MongoDB 权限获取漏洞,mongoDB,1
CVE-2013-3969,MongoDB是美国MongoDB公司的一套开源的NoSQL数据库。该数据库提供面向集合的存储、动态查询、数据复制及自动故障转移等功能。MongoDB 2.4.0至2.4.4版本中的scripting/engine_v8.h文件中的find属性中存在拒绝服务漏洞。远程经过授权的攻击者可借助无效的RefDB对象利用该漏洞造成拒绝服务（未初始化指针引用和服务器崩溃）或可能执行任意代码。,中危,资源管理错误,CNNVD-201307-497,http://www.cnnvd.org.cn/web/xxk/ldxqById.tag?CNNVD=CNNVD-201307-497,目前厂商已经发布了升级补丁以修复此安全问题，补丁获取链接：http://www.mongodb.org/about/alerts/,远程,MongoDB ‘conn’Mongo 对象远程代码执行漏洞,mongoDB,1
CVE-2013-2132,MongoDB是美国MongoDB公司的一套开源的NoSQL数据库。该数据库提供面向集合的存储、动态查询、数据复制及自动故障转移等功能。MongoDB中使用的mongo-python-driver(又名pymongo) 2.5.2之前的版本中的bson/_cbsonmodule.c文件中存在拒绝服务漏洞，该漏洞源于PyMongo程序未正确处理‘DBRefs’方法。上下文相关的攻击者可利用该漏洞造成拒绝服务（空指针逆向引用造成程序崩溃）。,中危,,CNNVD-201305-653,http://www.cnnvd.org.cn/web/xxk/ldxqById.tag?CNNVD=CNNVD-201305-653,目前厂商已经发布了升级补丁以修复此安全问题，补丁获取链接：http://www.osvdb.org/93804,远程,MongoDB 空指针引用拒绝服务漏洞,mongoDB,1
CVE-2013-1892,MongoDB是美国MongoDB公司的一套开源的NoSQL数据库。该数据库提供面向集合的存储、动态查询、数据复制及自动故障转移等功能。MongoDB 2.0.8及之前的版本和2.2.x before 2.2.4之前的版本中存在拒绝服务漏洞，该漏洞源于SpiderMonkey组件中的nativeHelper函数中没有正确验证请求。远程经过授权的攻击者可借助特制的内存地址利用该漏洞造成拒绝服务（无效的内存访问和服务器崩溃）或执行任意代码。,中危,输入验证,CNNVD-201303-542,http://www.cnnvd.org.cn/web/xxk/ldxqById.tag?CNNVD=CNNVD-201303-542,目前厂商已经发布了升级补丁以修复此安全问题，补丁获取链接：http://www.mongodb.org/about/alerts/,远程,MongoDB 远程代码注入漏洞,mongoDB,1
CVE-2012-6619,MongoDB是美国MongoDB公司的一套开源的NoSQL数据库。该数据库提供面向集合的存储、动态查询、数据复制及自动故障转移等功能。MongoDB 2.3.21及之前版本的默认配置存在安全漏洞，该漏洞源于程序没有验证对象。远程攻击者可借助插入命令的列名中特制的‘BSON’对象，利用该漏洞造成拒绝服务（崩溃）或读取系统内存。,中危,输入验证,CNNVD-201401-185,http://www.cnnvd.org.cn/web/xxk/ldxqById.tag?CNNVD=CNNVD-201401-185,目前厂商已经发布了升级补丁以修复此安全问题，补丁获取链接：https://jira.mongodb.org/browse/SERVER-7769,远程,10gen MongoDB BSON Object Length Parsing 信息泄露漏洞,mongoDB,1
CVE-2020-2217,CloudBees Jenkins（Hudson Labs）是美国CloudBees公司的一套基于Java开发的持续集成工具。该产品主要用于监控持续的软件版本发布/测试项目和一些定时执行的任务。Compatibility Action Storage Plugin是使用在其中的一个兼容性操作存储插件。CloudBees Jenkins Compatibility Action Storage Plugin 1.0及之前版本中存在跨站脚本漏洞。该漏洞源于WEB应用缺少对客户端数据的正确验证。攻击者可利用该漏洞执行客户端代码。,中危,跨站脚本,CNNVD-202007-128,http://www.cnnvd.org.cn/web/xxk/ldxqById.tag?CNNVD=CNNVD-202007-128,目前厂商暂未发布修复措施解决此安全问题，建议使用此软件的用户随时关注厂商主页或参考网址以获取解决办法：https://www.jenkins.io/,远程,CloudBees Jenkins Compatibility Action Storage Plugin 跨站脚本漏洞,mongoDB,1
