nginx,CVE-2020-5863,NGINX是美国NGINX公司的一款轻量级Web服务器/反向代理服务器及电子邮件（IMAP/POP3）代理服务器。NGINX Controller 3.2.0之前版本中存在安全漏洞，该漏洞源于Controller API没有进行正确的访问控制。攻击者可借助特制请求利用该漏洞创建非权限用户帐户并将新许可证上载到系统（不能查看或修改系统的任何其他组件）。,中危,其他,CNNVD-202003-1280,http://www.cnnvd.org.cn/web/xxk/ldxqById.tag?CNNVD=CNNVD-202003-1280,目前厂商已发布升级补丁以修复漏洞，详情请关注厂商主页：https://www.nginx.com/,远程,NGINX Controller 安全漏洞,1
nginx,CVE-2019-7401,NGINX Unit是美国NGINX公司的一款动态应用服务器。该产品持RESTful JSON API、支持运行使用多种语言和框架构建的应用程序。NGINX Unit 1.7.1之前版本中的路由器进程存在缓冲区错误漏洞。攻击者可通过发送特制的请求利用该漏洞造成拒绝服务（路由器进程崩溃）。,超危,缓冲区错误,CNNVD-201902-171,http://www.cnnvd.org.cn/web/xxk/ldxqById.tag?CNNVD=CNNVD-201902-171,目前厂商已发布升级补丁以修复漏洞，补丁获取链接：http://hg.nginx.org/unit/file/tip/CHANGES,远程,NGINX Unit 缓冲区错误漏洞,1
nginx,CVE-2019-20372,NGINX是美国NGINX公司的一款轻量级Web服务器/反向代理服务器及电子邮件（IMAP/POP3）代理服务器。NGINX 1.17.7之前版本中存在安全漏洞。攻击者可利用该漏洞读取未授权的Web页面。,中危,环境问题,CNNVD-202001-337,http://www.cnnvd.org.cn/web/xxk/ldxqById.tag?CNNVD=CNNVD-202001-337,目前厂商已发布升级补丁以修复漏洞，补丁获取链接：http://nginx.org/en/CHANGES,远程,NGINX 环境问题漏洞,1
nginx,CVE-2019-13617,NGINX是美国NGINX公司的一款轻量级Web服务器/反向代理服务器及电子邮件（IMAP/POP3）代理服务器。njs是其中的一个支持扩展NGINX功能的脚本语言组件。NGINX中使用的njs 0.3.3及之前版本的nxt/nxt_sprintf.c文件的nxt_vsprintf存在缓冲区错误漏洞。该漏洞源于网络系统或产品在内存上执行操作时，未正确验证数据边界，导致向关联的其他内存位置上执行了错误的读写操作。攻击者可利用该漏洞导致缓冲区溢出或堆溢出等。,中危,缓冲区错误,CNNVD-201907-811,http://www.cnnvd.org.cn/web/xxk/ldxqById.tag?CNNVD=CNNVD-201907-811,目前厂商暂未发布修复措施解决此安全问题，建议使用此软件的用户随时关注厂商主页或参考网址以获取解决办法：https://www.nginx.com/,远程,NGINX njs 缓冲区错误漏洞,1
nginx,CVE-2019-13067,NGINX是美国NGINX公司的一款轻量级Web服务器/反向代理服务器及电子邮件（IMAP/POP3）代理服务器。njs是其中的一个支持扩展NGINX功能的脚本语言组件。NGINX中的njs 0.3.3及之前版本的nxt/nxt_utf8.c文件的‘nxt_utf8_decode’函数存在缓冲区错误漏洞。该漏洞源于网络系统或产品在内存上执行操作时，未正确验证数据边界，导致向关联的其他内存位置上执行了错误的读写操作。攻击者可利用该漏洞导致缓冲区溢出或堆溢出等。,超危,缓冲区错误,CNNVD-201906-1144,http://www.cnnvd.org.cn/web/xxk/ldxqById.tag?CNNVD=CNNVD-201906-1144,目前厂商暂未发布修复措施解决此安全问题，建议使用此软件的用户随时关注厂商主页或参考网址以获取解决办法：https://www.nginx.com/,远程,NGINX njs 缓冲区错误漏洞,1
nginx,CVE-2019-12208,NGINX是美国NGINX公司的一款轻量级Web服务器/反向代理服务器及电子邮件（IMAP/POP3）代理服务器。njs是其中的一个支持扩展NGINX功能的脚本语言组件。NGINX中使用的njs 0.3.1及之前版本的njs/njs_function.c文件的‘njs_function_native_call’函数存在基于堆的缓冲区溢出漏洞。该漏洞源于网络系统或产品在内存上执行操作时，未正确验证数据边界，导致向关联的其他内存位置上执行了错误的读写操作。攻击者可利用该漏洞导致缓冲区溢出或堆溢出等。,超危,缓冲区错误,CNNVD-201905-806,http://www.cnnvd.org.cn/web/xxk/ldxqById.tag?CNNVD=CNNVD-201905-806,目前厂商暂未发布修复措施解决此安全问题，建议使用此软件的用户随时关注厂商主页或参考网址以获取解决办法：https://nginx.org/,远程,NGINX njs 缓冲区错误漏洞,1
nginx,CVE-2019-12207,NGINX是美国NGINX公司的一款轻量级Web服务器/反向代理服务器及电子邮件（IMAP/POP3）代理服务器。njs是其中的一个支持扩展NGINX功能的脚本语言组件。NGINX中使用的njs 0.3.1及之前版本的nxt/nxt_utf8.c文件的‘nxt_utf8_decode’函数存在缓冲区错误漏洞。该漏洞源于网络系统或产品在内存上执行操作时，未正确验证数据边界，导致向关联的其他内存位置上执行了错误的读写操作。攻击者可利用该漏洞导致缓冲区溢出或堆溢出等。,超危,缓冲区错误,CNNVD-201905-805,http://www.cnnvd.org.cn/web/xxk/ldxqById.tag?CNNVD=CNNVD-201905-805,目前厂商暂未发布修复措施解决此安全问题，建议使用此软件的用户随时关注厂商主页或参考网址以获取解决办法：https://nginx.org/,远程,NGINX njs 缓冲区错误漏洞,1
nginx,CVE-2019-12206,NGINX是美国NGINX公司的一款轻量级Web服务器/反向代理服务器及电子邮件（IMAP/POP3）代理服务器。njs是其中的一个支持扩展NGINX功能的脚本语言组件。NGINX中使用的njs 0.3.1及之前版本的nxt_utf8.c文件的‘nxt_utf8_encode’函数存在基于堆的缓冲区溢出漏洞。该漏洞源于网络系统或产品在内存上执行操作时，未正确验证数据边界，导致向关联的其他内存位置上执行了错误的读写操作。攻击者可利用该漏洞导致缓冲区溢出或堆溢出等。,超危,缓冲区错误,CNNVD-201905-804,http://www.cnnvd.org.cn/web/xxk/ldxqById.tag?CNNVD=CNNVD-201905-804,目前厂商暂未发布修复措施解决此安全问题，建议使用此软件的用户随时关注厂商主页或参考网址以获取解决办法：https://nginx.org/,远程,NGINX njs 缓冲区错误漏洞,1
nginx,CVE-2019-11839,NGINX是美国NGINX公司的一款轻量级Web服务器/反向代理服务器及电子邮件（IMAP/POP3）代理服务器。njs是其中的一个支持扩展NGINX功能的脚本语言组件。NGINX中的njs 0.3.1及之前版本的Array.prototype.push存在基于堆的缓冲区溢出漏洞。该漏洞源于网络系统或产品在内存上执行操作时，未正确验证数据边界，导致向关联的其他内存位置上执行了错误的读写操作。攻击者可利用该漏洞导致缓冲区溢出或堆溢出等。,超危,缓冲区错误,CNNVD-201905-226,http://www.cnnvd.org.cn/web/xxk/ldxqById.tag?CNNVD=CNNVD-201905-226,目前厂商已发布升级补丁以修复漏洞，补丁获取链接：https://github.com/nginx/njs/commit/b0f23dbc4d4713f65470272768ef79b7cb47db78,远程,NGINX njs 缓冲区错误漏洞,1
nginx,CVE-2019-11838,NGINX是美国NGINX公司的一款轻量级Web服务器/反向代理服务器及电子邮件（IMAP/POP3）代理服务器。njs是其中的一个支持扩展NGINX功能的脚本语言组件。NGINX中的njs 0.3.1及之前版本的Array.prototype.splice存在基于堆的缓冲区溢出漏洞。。该漏洞源于网络系统或产品在内存上执行操作时，未正确验证数据边界，导致向关联的其他内存位置上执行了错误的读写操作。攻击者可利用该漏洞导致缓冲区溢出或堆溢出等。,超危,缓冲区错误,CNNVD-201905-225,http://www.cnnvd.org.cn/web/xxk/ldxqById.tag?CNNVD=CNNVD-201905-225,目前厂商已发布升级补丁以修复漏洞，补丁获取链接：https://github.com/nginx/njs/commit/b0f23dbc4d4713f65470272768ef79b7cb47db78,远程,NGINX njs 缓冲区错误漏洞,1
nginx,CVE-2019-11837,NGINX是美国NGINX公司的一款轻量级Web服务器/反向代理服务器及电子邮件（IMAP/POP3）代理服务器。njs是其中的一个支持扩展NGINX功能的脚本语言组件。NGINX中的njs 0.3.1及之前版本的String.prototype.toBytes存在数字错误漏洞。该漏洞源于网络系统或产品未正确计算或转换所产生的数字。攻击者可利用该漏洞导致整数溢出或符号错误等。,高危,数字错误,CNNVD-201905-224,http://www.cnnvd.org.cn/web/xxk/ldxqById.tag?CNNVD=CNNVD-201905-224,目前厂商暂未发布修复措施解决此安全问题，建议使用此软件的用户随时关注厂商主页或参考网址以获取解决办法：https://www.nginx.com/,远程,NGINX njs 数字错误漏洞,1
nginx,CVE-2018-16845,nginx是由俄罗斯的程序设计师Igor Sysoev所开发的一款轻量级Web服务器/反向代理服务器及电子邮件（IMAP/POP3）代理服务器。,中危,信息泄露,CNNVD-201811-119,http://www.cnnvd.org.cn/web/xxk/ldxqById.tag?CNNVD=CNNVD-201811-119,目前厂商已发布升级补丁以修复漏洞，补丁获取链接:http://mailman.nginx.org/pipermail/nginx-announce/2018/000221.html,本地,Nginx 安全漏洞,1
nginx,CVE-2018-16844,nginx是由俄罗斯的程序设计师Igor Sysoev所开发的一款轻量级Web服务器/反向代理服务器及电子邮件（IMAP/POP3）代理服务器。,高危,资源管理错误,CNNVD-201811-120,http://www.cnnvd.org.cn/web/xxk/ldxqById.tag?CNNVD=CNNVD-201811-120,目前厂商已发布升级补丁以修复漏洞，补丁获取链接:http://mailman.nginx.org/pipermail/nginx-announce/2018/000220.html?_ga=2.143807029.1839563140.1541529087-1530719350.1541529087,远程,Nginx 安全漏洞,1
nginx,CVE-2018-16843,nginx是由俄罗斯的程序设计师Igor Sysoev所开发的一款轻量级Web服务器/反向代理服务器及电子邮件（IMAP/POP3）代理服务器。,高危,资源管理错误,CNNVD-201811-131,http://www.cnnvd.org.cn/web/xxk/ldxqById.tag?CNNVD=CNNVD-201811-131,目前厂商已发布升级补丁以修复漏洞，补丁获取链接：http://mailman.nginx.org/pipermail/nginx-announce/2018/000220.html,远程,nginx 安全漏洞,1
nginx,CVE-2017-7529,Nginx是由俄罗斯的程序设计师Igor Sysoev所开发的一款轻量级Web服务器/反向代理服务器及电子邮件（IMAP/POP3）代理服务器。range filter module是其中的一个范围过滤器模块。,中危,数字错误,CNNVD-201707-563,http://www.cnnvd.org.cn/web/xxk/ldxqById.tag?CNNVD=CNNVD-201707-563,目前厂商已发布升级补丁以修复漏洞，补丁获取链接：http://mailman.nginx.org/pipermail/nginx-announce/2017/000200.html,远程,Nginx range filter模块数字错误漏洞,1
nginx,CVE-2016-4450,nginx是由俄罗斯的程序设计师Igor Sysoev所开发的一款轻量级Web服务器/反向代理服务器及电子邮件（IMAP/POP3）代理服务器。,中危,资料不足,CNNVD-201606-010,http://www.cnnvd.org.cn/web/xxk/ldxqById.tag?CNNVD=CNNVD-201606-010,目前厂商已经发布了升级补丁以修复此安全问题，补丁获取链接：http://mailman.nginx.org/pipermail/nginx-announce/2016/000179.html,远程,nginx 拒绝服务漏洞,1
nginx,CVE-2016-1247,nginx是由俄罗斯的程序设计师Igor Sysoev所开发的一款轻量级Web服务器/反向代理服务器及电子邮件（IMAP/POP3）代理服务器。基于多款操作系统上的nginx存在本地提权漏洞，该漏洞源于程序对日志文件分配弱权限。本地及远程攻击者可利用该漏洞获取root权限。以下操作系统及版本受到影响：基于Debian操作系统上的nginx 1.6.2-5+deb8u3之前版本；基于Ubuntu 16.04 LTS操作系统的1.10.0-0ubuntu0.16.04.3之前版本，基于Ubuntu 14.04 LTS操作系统的1.4.6-1ubuntu3.6之前版本，基于Ubuntu 16.10操作系统的1.10.1-0ubuntu1.1之前版本。,高危,后置链接,CNNVD-201610-756,http://www.cnnvd.org.cn/web/xxk/ldxqById.tag?CNNVD=CNNVD-201610-756,目前厂商已经发布了升级补丁以修复此安全问题，详情请关注厂商主页：http://nginx.org/,本地,nginx 提权漏洞,1
nginx,CVE-2016-0747,nginx是由俄罗斯的程序设计师Igor Sysoev所开发的一款轻量级Web服务器/反向代理服务器及电子邮件（IMAP/POP3）代理服务器。nginx 1.8.1之前版本和1.9.10之前1.9.x版本的resolver中存在安全漏洞，该漏洞源于程序没有限制CNAME分辨率。远程攻击者可利用该漏洞造成拒绝服务（工作进程资源消耗）。,中危,资源管理错误,CNNVD-201602-059,http://www.cnnvd.org.cn/web/xxk/ldxqById.tag?CNNVD=CNNVD-201602-059,目前厂商已经发布了升级补丁以修复此安全问题，补丁获取链接：http://mailman.nginx.org/pipermail/nginx/2016-January/049700.html,远程,nginx resolver 拒绝服务漏洞,1
nginx,CVE-2016-0746,nginx是由俄罗斯的程序设计师Igor Sysoev所开发的一款轻量级Web服务器/反向代理服务器及电子邮件（IMAP/POP3）代理服务器。nginx 1.8.1之前版本和1.9.10之前1.9.x版本的resolver中存在释放后重用漏洞。远程攻击者可借助特制的DNS响应利用该漏洞造成拒绝服务（工作进程崩溃）。,高危,其他,CNNVD-201602-058,http://www.cnnvd.org.cn/web/xxk/ldxqById.tag?CNNVD=CNNVD-201602-058,目前厂商已经发布了升级补丁以修复此安全问题，补丁获取链接：http://mailman.nginx.org/pipermail/nginx/2016-January/049700.html,远程,nginx resolver 释放后重用漏洞,1
nginx,CVE-2016-0742,nginx是由俄罗斯的程序设计师Igor Sysoev所开发的一款轻量级Web服务器/反向代理服务器及电子邮件（IMAP/POP3）代理服务器。nginx 1.8.1之前版本和1.9.10之前1.9.x版本的resolver中存在安全漏洞。远程攻击者可通过发送特制的UDP DNS响应利用该漏洞造成拒绝服务（无效的指针引用和工作进程崩溃）。,中危,资料不足,CNNVD-201602-057,http://www.cnnvd.org.cn/web/xxk/ldxqById.tag?CNNVD=CNNVD-201602-057,目前厂商已经发布了升级补丁以修复此安全问题，补丁获取链接：http://mailman.nginx.org/pipermail/nginx/2016-January/049700.html,远程,nginx resolver 拒绝服务漏洞,1
nginx,CVE-2014-3616,nginx是由俄罗斯的程序设计师Igor Sysoev所开发的一款轻量级Web服务器/反向代理服务器及电子邮件（IMAP/POP3）代理服务器。nginx 0.5.6版本至1.7.4版本中存在安全漏洞，该漏洞源于多个服务器使用相同的共享ssl_session_cache或ssl_session_ticket_key时，程序可在不相关上下文中重用缓存的SSL会话。远程攻击者可利用该漏洞以特定的权限发起‘virtual host confusion’攻击。,中危,,CNNVD-201410-1268,http://www.cnnvd.org.cn/web/xxk/ldxqById.tag?CNNVD=CNNVD-201410-1268,目前厂商已经发布了升级补丁以修复此安全问题，补丁获取链接：http://mailman.nginx.org/pipermail/nginx-announce/2014/000147.html,远程,nginx 会话固定漏洞,1
nginx,CVE-2014-3556,nginx是由俄罗斯的程序设计师Igor Sysoev所开发的一款轻量级Web服务器/反向代理服务器及电子邮件（IMAP/POP3）代理服务器。nginx的SMTP代理服务器的mail/ngx_mail_smtp_handler.c文件中的STARTTLS实现存在安全漏洞，该漏洞源于程序没有正确限制I/O缓冲。攻击者可通过发送明文命令利用该漏洞实施中间人攻击，在加密的SMTP会话中插入命令。以下版本受到影响：nginx 1.5.x版本，1.6.0版本，1.6.1版本，1.7.0版本至1.7.3版本。,中危,操作系统命令注入,CNNVD-201408-095,http://www.cnnvd.org.cn/web/xxk/ldxqById.tag?CNNVD=CNNVD-201408-095,目前厂商已经发布了升级补丁以修复此安全问题，补丁获取链接：http://mailman.nginx.org/pipermail/nginx-announce/2014/000144.html,远程,nginx SMTP代理服务器操作系统命令注入漏洞,1
nginx,CVE-2014-0133,nginx是由俄罗斯的程序设计师Igor Sysoev所开发的一款轻量级Web服务器/反向代理服务器及电子邮件（IMAP/POP3）代理服务器。nginx 1.4.7之前的1.3.15版本和1.5.12之前的1.5.x版本中的SPDY实现过程中存在基于堆的缓冲区溢出漏洞。远程攻击者可借助特制的请求利用该漏洞执行任意代码。,中危,缓冲区溢出,CNNVD-201403-536,http://www.cnnvd.org.cn/web/xxk/ldxqById.tag?CNNVD=CNNVD-201403-536,目前厂商已经发布了升级补丁以修复此安全问题，补丁获取链接：http://mailman.nginx.org/pipermail/nginx-announce/2014/000135.html,远程,nginx 基于堆的缓冲区溢出漏洞,1
nginx,CVE-2014-0088,nginx是由俄罗斯的程序设计师Igor Sysoev所开发的一款轻量级Web服务器/反向代理服务器及电子邮件（IMAP/POP3）代理服务器。nginx 1.5.10版本中的ngx_http_spdy_module模块的SPDY实现过程中存在缓冲区溢出漏洞。当运行在32位平台上时，远程攻击者可通过发送特制的请求利用该漏洞执行任意代码。,高危,缓冲区溢出,CNNVD-201404-576,http://www.cnnvd.org.cn/web/xxk/ldxqById.tag?CNNVD=CNNVD-201404-576,目前厂商已经发布了升级补丁以修复此安全问题，补丁获取链接：http://mailman.nginx.org/pipermail/nginx-announce/2014/000132.html,远程,nginx ngx_http_spdy_module模块缓冲区溢出漏洞,1
nginx,CVE-2013-4547,nginx是由俄罗斯的程序设计师Igor Sysoev所开发的一款轻量级Web服务器/反向代理服务器及电子邮件（IMAP/POP3）代理服务器。,高危,权限许可和访问控制,CNNVD-201311-336,http://www.cnnvd.org.cn/web/xxk/ldxqById.tag?CNNVD=CNNVD-201311-336,目前厂商已经发布了升级补丁以修复此安全问题，补丁获取链接：http://mailman.nginx.org/pipermail/nginx-announce/2013/000125.html,远程,nginx URI Processing 安全绕过漏洞,1
nginx,CVE-2013-2070,nginx是由俄罗斯的程序设计师Igor Sysoev所开发的一款轻量级Web服务器/反向代理服务器及电子邮件（IMAP/POP3）代理服务器。nginx 1.1.4至1.2.8版本和1.3.0至1.4.0版本中的http/modules/ngx_http_proxy_module.c中存在拒绝服务漏洞。如果使用proxy_pass传送到不信任的HTTP服务器，远程攻击者可通过特制的代理响应利用该漏洞造成拒绝服务，获得工作进程内存的敏感信息。,中危,权限许可和访问控制,CNNVD-201305-235,http://www.cnnvd.org.cn/web/xxk/ldxqById.tag?CNNVD=CNNVD-201305-235,目前厂商已经发布了升级补丁以修复此安全问题，补丁获取链接：http://seclists.org/oss-sec/2013/q2/315,远程,Nginx 远程安全漏洞,1
nginx,CVE-2013-2028,nginx是由俄罗斯的程序设计师Igor Sysoev所开发的一款轻量级Web服务器/反向代理服务器及电子邮件（IMAP/POP3）代理服务器。nginx 1.3.9至1.4.0版本中的http/ngx_http_parse.c中的‘ngx_http_parse_chunked’函数中存在拒绝服务漏洞。远程攻击者可通过发送带有大chunk值的Transfer-Encoding请求（触发整数符号错误和基于栈的缓冲区溢出），利用该漏洞造成拒绝服务（崩溃）并执行任意代码。,高危,数字错误,CNNVD-201305-143,http://www.cnnvd.org.cn/web/xxk/ldxqById.tag?CNNVD=CNNVD-201305-143,目前厂商已经发布了升级补丁以修复此安全问题，补丁获取链接：http://www.nginx.org/en/security_advisories.html,远程,nginx ngx_http_parse.c 栈缓冲区溢出漏洞,1
nginx,CVE-2013-0337,nginx是由俄罗斯的程序设计师Igor Sysoev所开发的一款轻量级Web服务器/反向代理服务器及电子邮件（IMAP/POP3）代理服务器。,高危,权限许可和访问控制问题,CNNVD-201302-530,http://www.cnnvd.org.cn/web/xxk/ldxqById.tag?CNNVD=CNNVD-201302-530,目前厂商已经发布了升级补丁以修复此安全问题，补丁获取链接：http://www.gentoo.org/security/en/glsa/glsa-201310-04.xml,远程,Nginx ‘access.log’ 不安全文件权限漏洞,1
nginx,CVE-2012-3380,nginx是由俄罗斯的程序设计师Igor Sysoev所开发的一款轻量级Web服务器/反向代理服务器及电子邮件（IMAP/POP3）代理服务器。Nginx中的Naxsi模块中存在目录遍历漏洞，该漏洞源于naxsi-ui/ nx_extract.py未正确验证某些输入即用于读取文件。攻击者可利用该漏洞在web服务器进程上下文中查看本地文件，且有助于进一步攻击。Naxsi早期版本至0.46-1版本中存在漏洞。,低危,路径遍历,CNNVD-201207-065,http://www.cnnvd.org.cn/web/xxk/ldxqById.tag?CNNVD=CNNVD-201207-065,目前厂商已经发布了升级补丁以修复此安全问题，补丁获取链接：http://code.google.com/p/naxsi/source/detail?r=307,本地,Nginx Naxsi模块‘nx_extract.py’脚本目录遍历漏洞,1
nginx,CVE-2012-2089,nginx是由俄罗斯的程序设计师Igor Sysoev所开发的一款轻量级Web服务器/反向代理服务器及电子邮件（IMAP/POP3）代理服务器。nginx中存在缓冲区溢出漏洞，该漏洞源于对用户提供的数据未经充分的边界检查。攻击者可利用该漏洞在应用程序上下文中执行任意代码，攻击失败将导致拒绝服务。nginx 1.1.3至1.1.18版本与1.0.7至1.0.14版本中存在该漏洞，其他版本也可能受到影响。,中危,缓冲区溢出,CNNVD-201204-276,http://www.cnnvd.org.cn/web/xxk/ldxqById.tag?CNNVD=CNNVD-201204-276,目前厂商已经发布了升级补丁以修复此安全问题，补丁获取链接：http://nginx.org/en/security_advisories.html,远程,nginx ‘ngx_http_mp4_module.c’ 缓冲区溢出漏洞,1
nginx,CVE-2012-1180,Nginx是多平台的HTTP服务器和邮件代理服务器。,中危,资源管理错误,CNNVD-201203-375,http://www.cnnvd.org.cn/web/xxk/ldxqById.tag?CNNVD=CNNVD-201203-375,目前厂商已经发布了升级补丁以修复此安全问题，补丁获取链接：http://nginx.org/en/security_advisories.html,远程,Nginx敏感信息泄露漏洞,1
nginx,CVE-2011-4968,NGINX是美国NGINX公司的一款轻量级Web服务器/反向代理服务器及电子邮件（IMAP/POP3）代理服务器。NGINX http代理模块中存在安全漏洞。攻击者可利用该漏洞实施中间人攻击。,中危,输入验证错误,CNNVD-201301-039,http://www.cnnvd.org.cn/web/xxk/ldxqById.tag?CNNVD=CNNVD-201301-039,目前厂商暂未发布修复措施解决此安全问题，建议使用此软件的用户随时关注厂商主页或参考网址以获取解决办法：http://nginx.org,远程,NGINX 输入验证错误漏洞,1
nginx,CVE-2011-4963,nginx是由俄罗斯的程序设计师Igor Sysoev所开发的一款轻量级Web服务器/反向代理服务器及电子邮件（IMAP/POP3）代理服务器。nginx/Windows 1.3.1之前的1.3.x版本和1.2.1之前的1.2.x版本中存在漏洞。远程攻击者可利用该漏洞通过在请求中的（1）结尾.（点）或（2）某些‘$index_allocation’序列绕过目地访问限制并访问受限制的文件。,中危,权限许可和访问控制,CNNVD-201207-551,http://www.cnnvd.org.cn/web/xxk/ldxqById.tag?CNNVD=CNNVD-201207-551,目前厂商已经发布了升级补丁以修复此安全问题，补丁获取链接：http://nginx.org/en/security_advisories.html,远程,nginx 安全绕过漏洞,1
nginx,CVE-2011-4315,nginx是由俄罗斯的程序设计师Igor Sysoev所开发的一款轻量级Web服务器/反向代理服务器及电子邮件（IMAP/POP3）代理服务器。nginx1 1.0.10之前版本中存在漏洞，恶意人员可利用该漏洞潜在的操控易受攻击的系统。,中危,缓冲区溢出,CNNVD-201111-315,http://www.cnnvd.org.cn/web/xxk/ldxqById.tag?CNNVD=CNNVD-201111-315,目前厂商已经发布了升级补丁以修复此安全问题，补丁获取链接：http://nginx.org/en/download.html,远程,nginx DNS解析器远程缓冲区溢出漏洞,1
nginx,CVE-2010-2266,nginx是由俄罗斯的程序设计师Igor Sysoev所开发的一款轻量级Web服务器/反向代理服务器及电子邮件（IMAP/POP3）代理服务器。nginx存在安全漏洞。远程攻击者可以借助某些编码的目录遍历序列触发内存占用，导致拒绝服务。,中危,输入验证,CNNVD-201006-226,http://www.cnnvd.org.cn/web/xxk/ldxqById.tag?CNNVD=CNNVD-201006-226,,远程,nginx目录遍历序列输入验证漏洞,1
nginx,CVE-2010-2263,nginx是由俄罗斯的程序设计师Igor Sysoev所开发的一款轻量级Web服务器/反向代理服务器及电子邮件（IMAP/POP3）代理服务器。nginx服务器无法处理交换数据流(ADS)，将其处理为普通文件的数据量。攻击者可以使用filename：：$data的形式读取并下载Web应用文件的源码；此外如果在HTTP请求中添加了目录遍历序列的话，就可以覆盖内存寄存器，导致拒绝服务。,中危,信息泄露,CNNVD-201006-224,http://www.cnnvd.org.cn/web/xxk/ldxqById.tag?CNNVD=CNNVD-201006-224,目前厂商已经发布了升级补丁以修复这个安全问题，补丁下载链接：Igor Sysoev nginx 0.8.36,远程,nginx HTTP请求源码泄露和拒绝服务漏洞,1
nginx,CVE-2009-4488,,,,,,,,,1
nginx,CVE-2009-4487,nginx 0.7.64 版本向具有一个没有审查过的非打印字符的登录文件写入数据，这可能会允许远程攻击者借助一个包含终极模拟器的一个溢出序列的HTTP请求，修改一个窗口的标题或可能执行任意执行并重写文件。,中危,输入验证,CNNVD-201001-094,http://www.cnnvd.org.cn/web/xxk/ldxqById.tag?CNNVD=CNNVD-201001-094,"目前厂商还没有提供补丁或者升级程序，建议使用此软件的用户随时关注厂商的主页以获取最新版本：
http://nginx.org/",远程,Igor_Sysoev nginx非打印字符溢出序列注入漏洞,1
nginx,CVE-2009-3898,"nginx (又称Engine X) 0.7.63版本之前的版本, 以及0.8.17版本之前的0.8.x版本中的src/http/modules/ngx_http_dav_module.c存在目录遍历漏洞。远程验证用户可以借助一个对WebDAV(1)COPY或(2)MOVE方法的目的HTTP页眉中的..，创建或重写任意文件。",中危,路径遍历,CNNVD-200911-245,http://www.cnnvd.org.cn/web/xxk/ldxqById.tag?CNNVD=CNNVD-200911-245,,远程,"nginx ""ngx_http_dav_module.c"" 目录遍历漏洞",1
nginx,CVE-2009-3896,"nginx (又称Engine X) 0.1.0至0.4.14版本, 0.5.38版本之前的版本0.5.x , 0.6.39版本之前的版本0.6.x, 0.7.62版本之前的版本0.7.x,以及0.8.14版本之前的版本0.8.x中的src/http/ngx_http_parse.c，允许远程攻击者可以借助一个超长的URI，造成拒绝服务(空指针废弃和工作程序崩溃)。",中危,缓冲区溢出,CNNVD-200911-243,http://www.cnnvd.org.cn/web/xxk/ldxqById.tag?CNNVD=CNNVD-200911-243,目前厂商已经发布了升级补丁以修复这个安全问题，补丁下载链接：Debian Linux 4.0 arm,远程,nginx src/http/ngx_http_parse.c 远程缓冲区溢出漏洞,1
nginx,CVE-2009-2629,"nginx是由俄罗斯的程序设计师Igor Sysoev所开发的一款轻量级Web服务器/反向代理服务器及电子邮件（IMAP/POP3）代理服务器。 
nginx的ngx_http_parse_complex_uri()函数在处理特制的URI时存在整数下溢漏洞，远程攻击者可以通过向服务器提交恶意请求导致所分配缓冲区之前的内存位置写入URI中所包含的数据。
nginx设计为以单个特权主进程运行，多个非特权的worker进程处理特定的请求，因此成功利用这个漏洞可能导致以worker进程的权限执行任意指令或worker进程崩溃。",高危,缓冲区溢出,CNNVD-200909-302,http://www.cnnvd.org.cn/web/xxk/ldxqById.tag?CNNVD=CNNVD-200909-302,"目前厂商已经发布了升级补丁以修复这个安全问题，补丁下载链接：
http://nginx.net/CHANGES",远程,nginx HTTP请求缓冲区溢出漏洞,1
nginx,CVE-2020-8553,Kubernetes是美国Linux基金会发布的一套开源的Docker容器集群管理系统。该系统为容器化的应用提供资源调度、部署运行、服务发现和扩容缩容等功能。ingress-nginx是其中的一个Nginx入口控制器组件。Kubernetes ingress-nginx 0.28.0之前版本中存在安全漏洞。攻击者可利用该漏洞覆盖密码文件。,中危,其他,CNNVD-202007-1698,http://www.cnnvd.org.cn/web/xxk/ldxqById.tag?CNNVD=CNNVD-202007-1698,目前厂商已发布升级补丁以修复漏洞，补丁获取链接：https://kubernetes.github.io/ingress-nginx/deploy/upgrade/,远程,Kubernetes ingress-nginx 安全漏洞,1
nginx,CVE-2020-24349,NGINX是美国NGINX公司的一款轻量级Web服务器/反向代理服务器及电子邮件（IMAP/POP3）代理服务器。njs是其中的一个支持扩展NGINX功能的脚本语言组件。njs 0.4.3及之前版本（使用在NGINX）中的njs_value.c文件的njs_value_property存在安全漏洞。攻击者可利用该漏洞劫持控制流。,中危,输入验证错误,CNNVD-202008-762,http://www.cnnvd.org.cn/web/xxk/ldxqById.tag?CNNVD=CNNVD-202008-762,目前厂商暂未发布修复措施解决此安全问题，建议使用此软件的用户随时关注厂商主页或参考网址以获取解决办法：https://www.nginx.com/,本地,NGINX njs 输入验证错误漏洞,1
nginx,CVE-2020-24348,NGINX是美国NGINX公司的一款轻量级Web服务器/反向代理服务器及电子邮件（IMAP/POP3）代理服务器。njs是其中的一个支持扩展NGINX功能的脚本语言组件。njs 0.4.3及之前版本（使用在NGINX）中的njs_json.c文件的njs_json_stringify_iterator存在缓冲区错误漏洞。该漏洞源于网络系统或产品在内存上执行操作时，未正确验证数据边界，导致向关联的其他内存位置上执行了错误的读写操作。攻击者可利用该漏洞导致缓冲区溢出或堆溢出等。,中危,缓冲区错误,CNNVD-202008-761,http://www.cnnvd.org.cn/web/xxk/ldxqById.tag?CNNVD=CNNVD-202008-761,目前厂商暂未发布修复措施解决此安全问题，建议使用此软件的用户随时关注厂商主页或参考网址以获取解决办法：https://www.nginx.com/,本地,NGINX njs 缓冲区错误漏洞,1
nginx,CVE-2020-24347,NGINX是美国NGINX公司的一款轻量级Web服务器/反向代理服务器及电子邮件（IMAP/POP3）代理服务器。njs是其中的一个支持扩展NGINX功能的脚本语言组件。njs 0.4.3及之前版本（使用在NGINX）中的njs_lvlhsh.c文件的njs_lvlhsh_level_find存在缓冲区错误漏洞。该漏洞源于网络系统或产品在内存上执行操作时，未正确验证数据边界，导致向关联的其他内存位置上执行了错误的读写操作。攻击者可利用该漏洞导致缓冲区溢出或堆溢出等。,中危,缓冲区错误,CNNVD-202008-760,http://www.cnnvd.org.cn/web/xxk/ldxqById.tag?CNNVD=CNNVD-202008-760,目前厂商暂未发布修复措施解决此安全问题，建议使用此软件的用户随时关注厂商主页或参考网址以获取解决办法：https://www.nginx.com/,本地,NGINX njs 缓冲区错误漏洞,1
nginx,CVE-2020-24346,NGINX是美国NGINX公司的一款轻量级Web服务器/反向代理服务器及电子邮件（IMAP/POP3）代理服务器。njs是其中的一个支持扩展NGINX功能的脚本语言组件。njs 0.4.3及之前版本（使用在NGINX）中的njs_json.c文件的njs_json_parse_iterator_call存在资源管理错误漏洞。该漏洞源于网络系统或产品对系统资源（如内存、磁盘空间、文件等）的管理不当。,高危,资源管理错误,CNNVD-202008-759,http://www.cnnvd.org.cn/web/xxk/ldxqById.tag?CNNVD=CNNVD-202008-759,目前厂商暂未发布修复措施解决此安全问题，建议使用此软件的用户随时关注厂商主页或参考网址以获取解决办法：https://www.nginx.com/,本地,NGINX njs 资源管理错误漏洞,1
nginx,CVE-2020-12440,NGINX是美国NGINX公司的一款轻量级Web服务器/反向代理服务器及电子邮件（IMAP/POP3）代理服务器。NGINX 1.18.0及之前版本中存在环境问题漏洞。攻击者可利用该漏洞进行缓存投毒，劫持凭证或绕过安全保护。,中危,环境问题,CNNVD-202005-813,http://www.cnnvd.org.cn/web/xxk/ldxqById.tag?CNNVD=CNNVD-202005-813,目前厂商暂未发布修复措施解决此安全问题，建议使用此软件的用户随时关注厂商主页或参考网址以获取解决办法：https://www.nginx.com/,远程,NGINX 环境问题漏洞,
