OpenSSH,CVE-2020-15778,OpenSSH（OpenBSD Secure Shell）是OpenBSD计划组的一套用于安全访问远程计算机的连接工具。该工具是SSH协议的开源实现，支持对所有的传输进行加密，可有效阻止窃听、连接劫持以及其他网络级的攻击。OpenSSH 8.3p1及之前版本中的scp的scp.c文件存在操作系统命令注入漏洞。该漏洞源于外部输入数据构造操作系统可执行命令过程中，网络系统或产品未正确过滤其中的特殊字符、命令等。攻击者可利用该漏洞执行非法操作系统命令。,高危,操作系统命令注入,CNNVD-202007-1519,http://www.cnnvd.org.cn/web/xxk/ldxqById.tag?CNNVD=CNNVD-202007-1519,目前厂商暂未发布修复措施解决此安全问题，建议使用此软件的用户随时关注厂商主页或参考网址以获取解决办法：https://www.openssh.com/,本地,OpenSSH 操作系统命令注入漏洞,1
OpenSSH,CVE-2020-14145,OpenSSH（OpenBSD Secure Shell）是OpenBSD计划组的一套用于安全访问远程计算机的连接工具。该工具是SSH协议的开源实现，支持对所有的传输进行加密，可有效阻止窃听、连接劫持以及其他网络级的攻击。OpenSSH 5.7版本至8.3版本的客户端中存在安全漏洞。攻击者可利用该漏洞获取信息。,中危,信息泄露,CNNVD-202006-1822,http://www.cnnvd.org.cn/web/xxk/ldxqById.tag?CNNVD=CNNVD-202006-1822,目前厂商暂未发布修复措施解决此安全问题，建议使用此软件的用户随时关注厂商主页或参考网址以获取解决办法：https://www.openssh.com/,远程,OpenSSH 信息泄露漏洞,1
OpenSSH,CVE-2020-1292,Microsoft OpenSSH for Windows中存在提权漏洞，该漏洞源于程序没有正确限制对配置设置的访问。攻击者可通过修改OpenSSH for Windows配置利用该漏洞使用恶意的二进制文件替换掉shell。以下产品及版本受到影响：Microsoft Windows Server 2019，Windows 10 1803版本，Windows 10 1809版本，Windows 10 1903版本，Windows 10 1909版本，Windows 10 2004版本，Windows Server 1803版本，Windows Server 1903版本，Windows Server 1909版本，Windows Server 2004版本。,高危,其他,CNNVD-202006-688,http://www.cnnvd.org.cn/web/xxk/ldxqById.tag?CNNVD=CNNVD-202006-688,目前厂商已发布升级补丁以修复漏洞，补丁获取链接：https://portal.msrc.microsoft.com/zh-CN/security-guidance/advisory/CVE-2020-1292,本地,Microsoft OpenSSH for Windows 安全漏洞,1
OpenSSH,CVE-2020-12062,OpenSSH（OpenBSD Secure Shell）是OpenBSD计划组的一套用于安全访问远程计算机的连接工具。该工具是SSH协议的开源实现，支持对所有的传输进行加密，可有效阻止窃听、连接劫持以及其他网络级的攻击。OpenSSH 8.2版本中存在安全漏洞，该漏洞源于在utimes系统调用失败时，scp客户端错误地向服务器发送了重复的响应。攻击者可通过在远程服务器上创建子目录利用该漏洞覆盖客户端下载目录中的任意文件。,高危,输入验证错误,CNNVD-202006-078,http://www.cnnvd.org.cn/web/xxk/ldxqById.tag?CNNVD=CNNVD-202006-078,目前厂商已发布升级补丁以修复漏洞，补丁获取链接：https://www.openssh.com/txt/release-8.3,远程,OpenSSH 输入验证错误漏洞,1
OpenSSH,CVE-2019-7639,Fedora是Fedora社区的一套Linux操作系统。Fedora 29版本上的gsi-openssh-server 7.9p1版本中存在安全漏洞。攻击者可借助有效的用户名利用该漏洞无需正确的密码便可进行登录。,高危,信任管理,CNNVD-201902-179,http://www.cnnvd.org.cn/web/xxk/ldxqById.tag?CNNVD=CNNVD-201902-179,目前厂商已发布升级补丁以修复漏洞，详情请关注厂商主页：https://fedoraproject.org/,远程,Fedora 信任管理漏洞,1
OpenSSH,CVE-2019-6111,OpenSSH（OpenBSD Secure Shell）是OpenBSD计划组所维护的一套用于安全访问远程计算机的连接工具。该工具是SSH协议的开源实现，支持对所有的传输进行加密，可有效阻止窃听、连接劫持以及其他网络级的攻击。,中危,输入验证错误,CNNVD-201901-767,http://www.cnnvd.org.cn/web/xxk/ldxqById.tag?CNNVD=CNNVD-201901-767,目前厂商已发布升级补丁以修复漏洞，详情请关注厂商主页：https://www.openssh.com/,远程,OpenSSH 输入验证错误漏洞,1
OpenSSH,CVE-2019-6110,OpenSSH（OpenBSD Secure Shell）是OpenBSD计划组所维护的一套用于安全访问远程计算机的连接工具。SCP（Secure Copy Protocol）是一个远程文件复制协议。,中危,访问控制错误,CNNVD-201901-468,http://www.cnnvd.org.cn/web/xxk/ldxqById.tag?CNNVD=CNNVD-201901-468,目前厂商已发布升级补丁以修复漏洞，详情请关注厂商主页：https://www.openssh.com/,远程,OpenSSH 访问控制错误漏洞,1
OpenSSH,CVE-2019-6109,OpenSSH（OpenBSD Secure Shell）是OpenBSD计划组所维护的一套用于安全访问远程计算机的连接工具。该工具是SSH协议的开源实现，支持对所有的传输进行加密，可有效阻止窃听、连接劫持以及其他网络级的攻击。,中危,访问控制错误,CNNVD-201901-467,http://www.cnnvd.org.cn/web/xxk/ldxqById.tag?CNNVD=CNNVD-201901-467,目前厂商已发布升级补丁以修复漏洞，详情请关注厂商主页：https://www.openssh.com/,远程,OpenSSH 访问控制错误漏洞,1
OpenSSH,CVE-2019-16905,OpenSSH（OpenBSD Secure Shell）是OpenBSD计划组的一套用于安全访问远程计算机的连接工具。该工具是SSH协议的开源实现，支持对所有的传输进行加密，可有效阻止窃听、连接劫持以及其他网络级的攻击。OpenSSH 7.7版本至7.9版本和8.1之前的8.x版本中存在输入验证错误漏洞。该漏洞源于网络系统或产品未对输入的数据进行正确的验证。,高危,输入验证错误,CNNVD-201910-599,http://www.cnnvd.org.cn/web/xxk/ldxqById.tag?CNNVD=CNNVD-201910-599,目前厂商已发布升级补丁以修复漏洞，补丁获取链接：https://www.openssh.com/releasenotes.html,本地,OpenSSH 输入验证错误漏洞,1
OpenSSH,CVE-2018-20685,OpenSSH（OpenBSD Secure Shell）是OpenBSD计划组所维护的一套用于安全访问远程计算机的连接工具。该工具是SSH协议的开源实现，支持对所有的传输进行加密，可有效阻止窃听、连接劫持以及其他网络级的攻击。scp Client是其中的一个SCP客户端。,中危,访问控制错误,CNNVD-201901-347,http://www.cnnvd.org.cn/web/xxk/ldxqById.tag?CNNVD=CNNVD-201901-347,目前厂商已发布升级补丁以修复漏洞，补丁获取链接：https://github.com/openssh/openssh-portable/commit/6010c0303a422a9c5fa8860c061bf7105eb7f8b2,远程,OpenSSH 访问控制错误漏洞,1
OpenSSH,CVE-2018-15919,OpenSSH（OpenBSD Secure Shell）是OpenBSD计划组的一套用于安全访问远程计算机的连接工具。该工具是SSH协议的开源实现，支持对所有的传输进行加密，可有效阻止窃听、连接劫持以及其他网络级的攻击。OpenSSH 7.8及之前版本中的auth-gss2.c文件存在信息泄露漏洞。该漏洞源于网络系统或产品在运行过程中存在配置等错误。未授权的攻击者可利用漏洞获取受影响组件敏感信息。,中危,信息泄露,CNNVD-201808-902,http://www.cnnvd.org.cn/web/xxk/ldxqById.tag?CNNVD=CNNVD-201808-902,目前厂商暂未发布修复措施解决此安全问题，建议使用此软件的用户随时关注厂商主页或参考网址以获取解决办法：https://www.openssh.com/,远程,OpenSSH 信息泄露漏洞,1
OpenSSH,CVE-2018-15473,OpenSSH（OpenBSD Secure Shell）是OpenBSD计划组的一套用于安全访问远程计算机的连接工具。该工具是SSH协议的开源实现，支持对所有的传输进行加密，可有效阻止窃听、连接劫持以及其他网络级的攻击。OpenSSH 7.7及之前版本中存在信息泄露漏洞。该漏洞源于网络系统或产品在运行过程中存在配置等错误。未授权的攻击者可利用漏洞获取受影响组件敏感信息。,中危,信息泄露,CNNVD-201808-536,http://www.cnnvd.org.cn/web/xxk/ldxqById.tag?CNNVD=CNNVD-201808-536,目前厂商已发布升级补丁以修复漏洞，补丁获取链接：https://github.com/openbsd/src/commit/779974d35b4859c07bc3cb8a12c74b43b0a7d1e0,远程,OpenSSH 信息泄露漏洞,1
OpenSSH,CVE-2017-5243,Rapid7 Nexpose是美国Rapid7公司的一套能够综合利用不同的扫描结果深度探测网络的漏洞管理软件。该软件可主动扫描配置环境的错误、漏洞、恶意软件并提供指导降低风险。,高危,加密问题,CNNVD-201701-424,http://www.cnnvd.org.cn/web/xxk/ldxqById.tag?CNNVD=CNNVD-201701-424,目前厂商已发布升级补丁以修复漏洞，补丁获取链接：https://community.rapid7.com/community/nexpose/blog/2017/05/31/r7-2017-13-nexpose-hardware-appliance-ssh-enabled-obsolete-algorithms-cve-2017-5243,远程,Rapid7 Nexpose 安全漏洞,1
OpenSSH,CVE-2017-15906,OpenSSH（OpenBSD Secure Shell）是OpenBSD计划组所维护的一套用于安全访问远程计算机的连接工具。该工具是SSH协议的开源实现，支持对所有的传输进行加密，可有效阻止窃听、连接劫持以及其他网络级的攻击。,中危,资料不足,CNNVD-201710-1230,http://www.cnnvd.org.cn/web/xxk/ldxqById.tag?CNNVD=CNNVD-201710-1230,目前厂商已发布升级补丁以修复漏洞，补丁获取链接：https://www.openssh.com/txt/release-7.6,远程,OpenSSH 安全漏洞,1
OpenSSH,CVE-2016-8858,OpenSSH（OpenBSD Secure Shell）是OpenBSD计划组所维护的一套用于安全访问远程计算机的连接工具。该工具是SSH协议的开源实现，支持对所有的传输进行加密，可有效阻止窃听、连接劫持以及其他网络级的攻击。,高危,资源管理错误,CNNVD-201610-679,http://www.cnnvd.org.cn/web/xxk/ldxqById.tag?CNNVD=CNNVD-201610-679,目前厂商已经发布了升级补丁以修复此安全问题，补丁获取链接：https://ftp.openbsd.org/pub/OpenBSD/patches/6.0/common/013_ssh_kexinit.patch.sig,远程,OpenSSHssh/kex.c拒绝服务漏洞,1
OpenSSH,CVE-2016-7407,Dropbear SSH是软件开发者Matt Johnston所研发的一款开源的小型SSH服务器和客户端，它可运行在基于POSIX（可移植操作系统接口）的各种平台上。Dropbear SSH 2016.73及之前的版本中的dropbearconvert命令存在安全漏洞。攻击者可借助特制的OpenSSH密钥文件利用该漏洞执行任意代码。,超危,输入验证,CNNVD-201609-363,http://www.cnnvd.org.cn/web/xxk/ldxqById.tag?CNNVD=CNNVD-201609-363,目前厂商已经发布了升级补丁以修复此安全问题，补丁获取链接：https://secure.ucc.asn.au/hg/dropbear/rev/34e6127ef02e,远程,Dropbear SSH 输入验证漏洞,1
OpenSSH,CVE-2016-6515,OpenSSH（OpenBSD Secure Shell）是OpenBSD计划组的一套用于安全访问远程计算机的连接工具。该工具是SSH协议的开源实现，支持对所有的传输进行加密，可有效阻止窃听、连接劫持以及其他网络级的攻击。OpenSSH 7.3之前的版本中的sshd中的auth-passwd.c文件中的‘auth_password’函数存在输入验证错误漏洞，该漏洞源于程序没有在密码验证中限制密码长度。远程攻击者可借助长的字符串利用该漏洞造成拒绝服务(CPU消耗)。,高危,输入验证错误,CNNVD-201608-172,http://www.cnnvd.org.cn/web/xxk/ldxqById.tag?CNNVD=CNNVD-201608-172,目前厂商已经发布了升级补丁以修复此安全问题，补丁获取链接：https://github.com/openssh/openssh-portable/commit/fcd135c9df440bcd2d5870405ad3311743d78d97,远程,OpenSSH 输入验证错误漏洞,1
OpenSSH,CVE-2016-6210,OpenSSH（OpenBSD Secure Shell）是OpenBSD计划组的一套用于安全访问远程计算机的连接工具。该工具是SSH协议的开源实现，支持对所有的传输进行加密，可有效阻止窃听、连接劫持以及其他网络级的攻击。OpenSSH 7.3之前版本中的sshd存在信息泄露漏洞。该漏洞源于网络系统或产品在运行过程中存在配置等错误。未授权的攻击者可利用漏洞获取受影响组件敏感信息。,中危,信息泄露,CNNVD-201607-1067,http://www.cnnvd.org.cn/web/xxk/ldxqById.tag?CNNVD=CNNVD-201607-1067,目前厂商已经发布了升级补丁以修复此安全问题，补丁获取链接：https://www.openssh.com/txt/release-7.3,远程,OpenSSH 信息泄露漏洞,1
OpenSSH,CVE-2016-3115,OpenSSH（OpenBSD Secure Shell）是OpenBSD计划组所维护的一套用于安全访问远程计算机的连接工具。该工具是SSH协议的开源实现，支持对所有的传输进行加密，可有效阻止窃听、连接劫持以及其他网络级的攻击。OpenSSH 7.2p1及之前版本的sshd中的session.c文件中存在CRLF注入漏洞。远程攻击者可借助特制的X11转发数据利用该漏洞绕过既定的shell-command限制。,中危,其他,CNNVD-201603-244,http://www.cnnvd.org.cn/web/xxk/ldxqById.tag?CNNVD=CNNVD-201603-244,目前厂商已经发布了升级补丁以修复此安全问题，补丁获取链接：http://www.openssh.com/txt/x11fwd.adv,远程,OpenSSH sshd CRLF注入漏洞,1
OpenSSH,CVE-2016-2178,OpenSSL是OpenSSL团队开发的一个开源的能够实现安全套接层（SSL v2/v3）和安全传输层（TLS v1）协议的通用加密库，它支持多种加密算法，包括对称密码、哈希算法、安全散列算法等。OpenSSL DSA是其中的一个加密算法。,中危,信息泄露,CNNVD-201606-265,http://www.cnnvd.org.cn/web/xxk/ldxqById.tag?CNNVD=CNNVD-201606-265,目前厂商已经发布了升级补丁以修复此安全问题，补丁获取链接：https://git.openssl.org/?p=openssl.git;a=commit;h=399944622df7bd81af62e67ea967c470534090e2,本地,OpenSSL 安全漏洞,1
OpenSSH,CVE-2016-1908,OpenSSH（OpenBSD Secure Shell）是OpenBSD计划组所维护的一套用于安全访问远程计算机的连接工具。client是其中的一个客户端。OpenSSH 7.2之前的版本中的client存在安全漏洞，该漏洞源于程序没有正确的处理生成身份验证cookie失败的情况。攻击者可利用该漏洞获取信任的X11转发权限。,高危,资料不足,CNNVD-201603-248,http://www.cnnvd.org.cn/web/xxk/ldxqById.tag?CNNVD=CNNVD-201603-248,目前厂商已经发布了升级补丁以修复此安全问题，补丁获取链接：http://www.openssh.com/txt/release-7.2,远程,OpenSSH client 安全漏洞,1
OpenSSH,CVE-2016-1907,OpenSSH（OpenBSD Secure Shell）是OpenBSD计划组所维护的一套用于安全访问远程计算机的连接工具。该工具是SSH协议的开源实现，支持对所有的传输进行加密，可有效阻止窃听、连接劫持以及其他网络级的攻击。OpenSSH 7.1p2之前版本的packet.c文件中的‘ssh_packet_read_poll2’函数中存在安全漏洞。远程攻击者可借助特制的网络流量利用该漏洞造成拒绝服务（越边界读取和应用程序崩溃）。,中危,缓冲区溢出,CNNVD-201601-366,http://www.cnnvd.org.cn/web/xxk/ldxqById.tag?CNNVD=CNNVD-201601-366,目前厂商已经发布了升级补丁以修复此安全问题，补丁获取链接：http://www.openssh.com/txt/release-7.1p2,远程,OpenSSH 拒绝服务漏洞,1
OpenSSH,CVE-2016-1235,OAR是一款用于HPC群集的多功能资源和任务管理器。OAR 2.5.7之前版本的oarsh脚本中存在安全漏洞。远程攻击者可利用该漏洞获取敏感信息和权限。,超危,权限许可和访问控制,CNNVD-201604-051,http://www.cnnvd.org.cn/web/xxk/ldxqById.tag?CNNVD=CNNVD-201604-051,目前厂商已经发布了升级补丁以修复此安全问题，补丁获取链接：http://oar.imag.fr/oar_2.5.7,远程,OAR 安全漏洞,1
OpenSSH,CVE-2016-10708,OpenSSH（OpenBSD Secure Shell）是OpenBSD计划组所维护的一套用于安全访问远程计算机的连接工具。该工具是SSH协议的开源实现，支持对所有的传输进行加密，可有效阻止窃听、连接劫持以及其他网络级的攻击。sshd是其中的一个独立守护进程。,高危,代码问题,CNNVD-201801-812,http://www.cnnvd.org.cn/web/xxk/ldxqById.tag?CNNVD=CNNVD-201801-812,目前厂商已发布升级补丁以修复漏洞，补丁获取链接：https://www.openssh.com/releasenotes.html,远程,OpenSSH sshd 安全漏洞,1
OpenSSH,CVE-2016-10012,OpenSSH（OpenBSD Secure Shell）是OpenBSD计划组所维护的一套用于安全访问远程计算机的连接工具。该工具是SSH协议的开源实现，支持对所有的传输进行加密，可有效阻止窃听、连接劫持以及其他网络级的攻击。sshd是其中的一个独立守护进程。,高危,缓冲区错误,CNNVD-201612-618,http://www.cnnvd.org.cn/web/xxk/ldxqById.tag?CNNVD=CNNVD-201612-618,目前厂商已经发布了升级补丁以修复此安全问题，补丁获取链接：https://github.com/openbsd/src/commit/3095060f479b86288e31c79ecbc5131a66bcd2f9,本地,OpenSSH sshd 缓冲区错误漏洞,1
OpenSSH,CVE-2016-10011,OpenSSH（OpenBSD Secure Shell）是OpenBSD计划组所维护的一套用于安全访问远程计算机的连接工具。该工具是SSH协议的开源实现，支持对所有的传输进行加密，可有效阻止窃听、连接劫持以及其他网络级的攻击。sshd是其中的一个独立守护进程。,低危,资料不足,CNNVD-201612-606,http://www.cnnvd.org.cn/web/xxk/ldxqById.tag?CNNVD=CNNVD-201612-606,目前厂商已经发布了升级补丁以修复此安全问题，补丁获取链接：https://www.openssh.com/txt/release-7.4,本地,OpenSSH sshd 安全漏洞,1
OpenSSH,CVE-2016-10010,OpenSSH（OpenBSD Secure Shell）是OpenBSD计划组所维护的一套用于安全访问远程计算机的连接工具。该工具是SSH协议的开源实现，支持对所有的传输进行加密，可有效阻止窃听、连接劫持以及其他网络级的攻击。sshd是其中的一个独立守护进程。,中危,权限许可和访问控制问题,CNNVD-201612-609,http://www.cnnvd.org.cn/web/xxk/ldxqById.tag?CNNVD=CNNVD-201612-609,目前厂商已经发布了升级补丁以修复此安全问题，补丁获取链接：http://www.openssh.com/txt/release-7.4,本地,OpenSSH sshd 安全漏洞,1
OpenSSH,CVE-2016-10009,OpenSSH（OpenBSD Secure Shell）是OpenBSD计划组的一套用于安全访问远程计算机的连接工具。该工具是SSH协议的开源实现，支持对所有的传输进行加密，可有效阻止窃听、连接劫持以及其他网络级的攻击。OpenSSH 7.4之前版本中的ssh-agent的ssh-agent.c文件存在代码问题漏洞。远程攻击者可通过控制转发的agent-socket利用该漏洞执行任意本地PKCS＃11模块。,高危,代码问题,CNNVD-201612-616,http://www.cnnvd.org.cn/web/xxk/ldxqById.tag?CNNVD=CNNVD-201612-616,目前厂商已经发布了升级补丁以修复此安全问题，补丁获取链接：http://www.openssh.com/txt/release-7.4,远程,OpenSSH 代码问题漏洞,1
OpenSSH,CVE-2016-0778,OpenSSH（OpenBSD Secure Shell）是OpenBSD计划组所维护的一套用于安全访问远程计算机的连接工具。该工具是SSH协议的开源实现，支持对所有的传输进行加密，可有效阻止窃听、连接劫持以及其他网络级的攻击。,高危,缓冲区错误,CNNVD-201601-250,http://www.cnnvd.org.cn/web/xxk/ldxqById.tag?CNNVD=CNNVD-201601-250,目前厂商已经发布了升级补丁以修复此安全问题，补丁获取链接：http://www.openssh.com/txt/release-7.1p2,远程,OpenSSH 拒绝服务漏洞,1
OpenSSH,CVE-2016-0777,OpenSSH（OpenBSD Secure Shell）是OpenBSD计划组所维护的一套用于安全访问远程计算机的连接工具。该工具是SSH协议的开源实现，支持对所有的传输进行加密，可有效阻止窃听、连接劫持以及其他网络级的攻击。,中危,信息泄露,CNNVD-201601-249,http://www.cnnvd.org.cn/web/xxk/ldxqById.tag?CNNVD=CNNVD-201601-249,目前厂商已经发布了升级补丁以修复此安全问题，补丁获取链接：http://www.openssh.com/txt/release-7.1p2,远程,OpenSSH 安全漏洞,1
OpenSSH,CVE-2015-8325,OpenSSH（OpenBSD Secure Shell）是OpenBSD计划组所维护的一套用于安全访问远程计算机的连接工具。该工具是SSH协议的开源实现，支持对所有的传输进行加密，可有效阻止窃听、连接劫持以及其他网络级的攻击。sshd是其中的一个独立守护进程。,高危,权限许可和访问控制问题,CNNVD-201604-341,http://www.cnnvd.org.cn/web/xxk/ldxqById.tag?CNNVD=CNNVD-201604-341,目前厂商已经发布了升级补丁以修复此安全问题，详情请关注厂商主页：http://www.openssh.com/,本地,OpenSSH sshd 安全漏洞,1
OpenSSH,CVE-2015-6565,OpenSSH（OpenBSD Secure Shell）是OpenBSD计划组所维护的一套用于安全访问远程计算机的连接工具。该工具是SSH协议的开源实现，支持对所有的传输进行加密，可有效阻止窃听、连接劫持以及其他网络级的攻击。OpenSSH 6.8版本和6.9版本的sshd中存在安全漏洞，该漏洞源于程序为TTY设备分配全局可写权限。本地攻击者可通过写入设备利用该漏洞造成拒绝服务（终端中断）。,高危,权限许可和访问控制,CNNVD-201508-506,http://www.cnnvd.org.cn/web/xxk/ldxqById.tag?CNNVD=CNNVD-201508-506,目前厂商已经发布了升级补丁以修复此安全问题，补丁获取链接：http://www.openssh.com/txt/release-7.0,本地,OpenSSH sshd 权限许可和访问控制漏洞,1
OpenSSH,CVE-2015-6564,OpenSSH（OpenBSD Secure Shell）on non-OpenBSD platforms是OpenBSD计划组所维护的一套运行于非OpenBSD（基于BSD的UNIX实现）平台且用于安全访问远程计算机的连接工具。,中危,权限许可和访问控制问题,CNNVD-201508-505,http://www.cnnvd.org.cn/web/xxk/ldxqById.tag?CNNVD=CNNVD-201508-505,目前厂商已经发布了升级补丁以修复此安全问题，补丁获取链接：http://www.openssh.com/txt/release-7.0,本地,OpenSSH sshd monitor.c文件权限许可和访问控制漏洞,1
OpenSSH,CVE-2015-6563,OpenSSH（OpenBSD Secure Shell）on non-OpenBSD platforms是OpenBSD计划组所维护的一套运行于非OpenBSD（基于BSD的UNIX实现）平台且用于安全访问远程计算机的连接工具。,低危,输入验证错误,CNNVD-201508-504,http://www.cnnvd.org.cn/web/xxk/ldxqById.tag?CNNVD=CNNVD-201508-504,目前厂商已经发布了升级补丁以修复此安全问题，补丁获取链接：http://www.openssh.com/txt/release-7.0,本地,OpenSSH sshd monitor组件输入验证漏洞,1
OpenSSH,CVE-2015-6289,Cisco IOS on Integrated Services Router（ISR）800、819和829是美国思科（Cisco）公司的一套运行于ISR 800、819和829系列路由器中的操作系统。多款Cisco产品的Cisco IOS 15.5(3)M版本中存在安全漏洞。远程攻击者可通过使用SSH连接设备并发送恶意的TCP数据包利用该漏洞造成拒绝服务（内存不足）。以下产品受到影响：Cisco ISR 800，819，829。,中危,资源管理错误,CNNVD-201606-475,http://www.cnnvd.org.cn/web/xxk/ldxqById.tag?CNNVD=CNNVD-201606-475,目前厂商暂未发布修复措施解决此安全问题，建议使用此软件的用户随时关注厂商主页或参考网址以获取解决办法：http://www.cisco.com/,远程,Cisco Integrated Services Routers IOS 拒绝服务漏洞,1
OpenSSH,CVE-2015-5600,OpenSSH（OpenBSD Secure Shell）是OpenBSD计划组所维护的一套用于安全访问远程计算机的连接工具。该工具是SSH协议的开源实现，支持对所有的传输进行加密，可有效阻止窃听、连接劫持以及其他网络级的攻击。OpenSSH 6.9及之前版本的sshd中的auth2-chall.c文件中的‘kbdint_next_device’函数存在安全漏洞，该漏洞源于程序没有正确限制处理单链接中的keyboard-interactive设备。远程攻击者可借助ssh -oKbdInteractiveDevices选项中较长且重复的列表利用该漏洞实施暴力破解攻击，或造成拒绝服务（CPU消耗）。,高危,权限许可和访问控制,CNNVD-201508-001,http://www.cnnvd.org.cn/web/xxk/ldxqById.tag?CNNVD=CNNVD-201508-001,目前厂商已经发布了升级补丁以修复此安全问题，补丁获取链接：http://cvsweb.openbsd.org/cgi-bin/cvsweb/src/usr.bin/ssh/auth2-chall.c,远程,OpenSSH sshd 权限许可和访问控制漏洞,1
OpenSSH,CVE-2015-5352,OpenSSH（OpenBSD Secure Shell）是OpenBSD计划组所维护的一套用于安全访问远程计算机的连接工具。该工具是SSH协议的开源实现，支持对所有的传输进行加密，可有效阻止窃听、连接劫持以及其他网络级的攻击。OpenSSH 6.9之前版本的ssh中的channels.c文件中的‘x11_open_helper’函数存在安全漏洞，该漏洞源于程序禁用ForwardX11Trusted模式时，没有检查X连接的refusal deadline。远程攻击者可借助特制的连接利用该漏洞绕过既定的访问限制。,中危,权限许可和访问控制,CNNVD-201507-218,http://www.cnnvd.org.cn/web/xxk/ldxqById.tag?CNNVD=CNNVD-201507-218,目前厂商已经发布了升级补丁以修复此安全问题，补丁获取链接：http://www.openssh.com/txt/release-6.9,远程,OpenSSH‘x11_open_helper()’函数权限许可和访问控制漏洞,1
OpenSSH,CVE-2014-9278,OpenSSH（OpenBSD Secure Shell）是OpenBSD计划组所维护的一套用于安全访问远程计算机的连接工具。该工具是SSH协议的开源实现，支持对所有的传输进行加密，可有效阻止窃听、连接劫持以及其他网络级的攻击。Fedora和Red Hat Enterprise Linux 7中使用的OpenSSH服务器中存在安全漏洞。当程序在Kerberos环境中运行时，远程攻击者可利用该漏洞通过‘.k5users’文件中列出的用户登录，绕过身份验证要求。,中危,授权问题,CNNVD-201412-134,http://www.cnnvd.org.cn/web/xxk/ldxqById.tag?CNNVD=CNNVD-201412-134,目前厂商已经发布了升级补丁以修复此安全问题，补丁获取链接：https://bugzilla.redhat.com/show_bug.cgi?id=1169843,远程,OpenSSH server 安全漏洞,1
OpenSSH,CVE-2014-8475,FreeBSD是由Core Team团队负责的FreeBSD项目中的一套类Unix自由操作系统，是经过BSD、386BSD和4.4BSD发展而来的类Unix的一个重要分支。FreeBSD的OpenSSH中存在安全漏洞，该漏洞源于程序连接sshd(8)时，不正确的库排序导致隐藏的符号不能处理。远程攻击者可通过在身份认证完成前结束多个连接利用该漏洞造成拒绝服务（sshd死锁和阻止新连接）。以下版本受到影响：FreeBSD 9.1版本，9.2版本，10.0版本。,中危,代码注入,CNNVD-201411-216,http://www.cnnvd.org.cn/web/xxk/ldxqById.tag?CNNVD=CNNVD-201411-216,目前厂商已经发布了升级补丁以修复此安全问题，补丁获取链接：https://www.freebsd.org/security/advisories/FreeBSD-SA-14%3A24.sshd.asc,远程,FreeBSD 代码注入漏洞,1
OpenSSH,CVE-2014-7169,GNU Bash是美国软件开发者布莱恩-福克斯（Brian J. Fox）为GNU计划而编写的一个Shell（命令语言解释器），它运行于类Unix操作系统中（Linux系统的默认Shell），并能够从标准输入设备或文件中读取、执行命令，同时也结合了一部分ksh和csh的特点。GNU Bash 4.3 bash43-025及之前版本中存在安全漏洞，该漏洞源于程序没有正确处理环境变量值内的畸形函数定义。远程攻击者可借助特制的环境变量利用该漏洞写入文件。以下产品和模块受到影响：OpenSSH sshd中的ForceCommand功能，Apache HTTP Server中的mod_cgi和mod_cgid模块，DHCP客户端等。（说明：CNNVD-201409-938漏洞的补丁并没有完全修复该问题，在CNNVD-201409-956中仍然出现）,超危,操作系统命令注入,CNNVD-201409-956,http://www.cnnvd.org.cn/web/xxk/ldxqById.tag?CNNVD=CNNVD-201409-956,目前厂商已经发布了升级补丁以修复此安全问题，详情请关注厂商主页：http://www.gnu.org/software/bash/,远程,GNU Bash 操作系统命令注入漏洞,1
OpenSSH,CVE-2014-6278,GNU Bash是美国软件开发者布莱恩-福克斯（Brian J. Fox）为GNU计划而编写的一个Shell（命令语言解释器），它运行于类Unix操作系统中（Linux系统的默认Shell），并能够从标准输入设备或文件中读取、执行命令，同时也结合了一部分ksh和csh的特点。GNU Bash 4.3及之前版本中存在安全漏洞，该漏洞源于程序没有正确解析环境变量中的函数定义。远程攻击者可借助特制的环境变量利用该漏洞执行任意命令。以下产品可能受到影响：OpenSSH sshd中的ForceCommand功能，Apache HTTP服务器中的mod_cgi和mod_cgid模块，DHCP客户端等。（GNU针对CNNVD-201409-938、CNNVD-201409-956和CNNVD-201409-1037所发布的补丁并没有完全修复该漏洞， CNNVD-201409-1110中漏洞依然存在）,超危,操作系统命令注入,CNNVD-201409-1110,http://www.cnnvd.org.cn/web/xxk/ldxqById.tag?CNNVD=CNNVD-201409-1110,目前厂商已经发布了升级补丁以修复此安全问题，详情请关注厂商主页：http://www.gnu.org/software/bash/,远程,GNU Bash 操作系统命令注入漏洞,1
OpenSSH,CVE-2014-6277,GNU Bash是美国软件开发者布莱恩-福克斯（Brian J. Fox）为GNU计划而编写的一个Shell（命令语言解释器），它运行于类Unix操作系统中（Linux系统的默认Shell），并能够从标准输入设备或文件中读取、执行命令，同时也结合了一部分ksh和csh的特点。GNU Bash 4.3 bash43-026及之前版本中存在安全漏洞，该漏洞源于程序没有正确解析环境变量中的函数定义。远程攻击者可通过特制的环境变量利用该漏洞执行任意代码或造成拒绝服务（未初始化的内存访问，不可信指针读取和写入操作）。以下产品和模块可能受到影响：OpenSSH sshd中的ForceCommand功能，Apache HTTP Server中的mod_cgi模块和mod_cgid模块和DHCP客户端等。（说明：CNNVD-201409-938和CNNVD-201409-956漏洞的补丁并没有完全修复该问题，在CNNVD-201409-1037中仍然出现）,超危,操作系统命令注入,CNNVD-201409-1037,http://www.cnnvd.org.cn/web/xxk/ldxqById.tag?CNNVD=CNNVD-201409-1037,目前厂商已经发布了升级补丁以修复此安全问题，详情请关注厂商主页：http://www.gnu.org/software/bash/,远程,GNU Bash 操作系统命令注入漏洞,1
OpenSSH,CVE-2014-6271,GNU Bash是美国软件开发者布莱恩-福克斯（Brian J. Fox）为GNU计划而编写的一个Shell（命令语言解释器），它运行于类Unix操作系统中（Linux系统的默认Shell），并能够从标准输入设备或文件中读取、执行命令，同时也结合了一部分ksh和csh的特点。,超危,操作系统命令注入,CNNVD-201409-938,http://www.cnnvd.org.cn/web/xxk/ldxqById.tag?CNNVD=CNNVD-201409-938,目前厂商已经发布了升级补丁以修复此安全问题，详情请关注厂商主页：http://www.gnu.org/software/bash/,远程,GNU Bash 远程代码执行漏洞,1
OpenSSH,CVE-2014-2653,OpenSSH（OpenBSD Secure Shell）是OpenBSD计划组所维护的一套用于安全访问远程计算机的连接工具。该工具是SSH协议的开源实现，支持对所有的传输进行加密，可有效阻止窃听、连接劫持以及其他网络级的攻击。OpenSSH 6.6及之前版本的客户端中的sshconnect.c文件的‘verify_host_key’函数存在安全漏洞。远程攻击者可通过提供证书利用该漏洞跳过SSHFP DNS RR检查。,中危,输入验证,CNNVD-201403-502,http://www.cnnvd.org.cn/web/xxk/ldxqById.tag?CNNVD=CNNVD-201403-502,"目前厂商已经发布了升级补丁以修复此安全问题，详情请关注厂商主页：
http://www.openssh.com/",远程,OpenSSH‘verify_host_key’函数输入验证漏洞,1
OpenSSH,CVE-2014-2532,OpenSSH（OpenBSD Secure Shell）是OpenBSD计划组所维护的一套用于安全访问远程计算机的连接工具。该工具是SSH协议的开源实现，支持对所有的传输进行加密，可有效阻止窃听、连接劫持以及其他网络级的攻击。OpenSSH 6.5及之前版本的sshd服务中存在安全漏洞，该漏洞源于程序没有支持sshd_config配置文件中的AcceptEnv行的通配符。远程攻击者可通过使用位于通配符字符之前的字串利用该漏洞绕过既定的环境限制。,中危,权限许可和访问控制,CNNVD-201403-336,http://www.cnnvd.org.cn/web/xxk/ldxqById.tag?CNNVD=CNNVD-201403-336,目前厂商已经发布了升级补丁以修复此安全问题，补丁获取链接：http://www.openssh.com/,远程,OpenSSH 权限许可和访问控制漏洞,1
OpenSSH,CVE-2014-1692,OpenSSH（OpenBSD Secure Shell）是OpenBSD计划组所维护的一套用于安全访问远程计算机的连接工具。该工具是SSH协议的开源实现，支持对所有的传输进行加密，可有效阻止窃听、连接劫持以及其他网络级的攻击。,高危,缓冲区错误,CNNVD-201401-581,http://www.cnnvd.org.cn/web/xxk/ldxqById.tag?CNNVD=CNNVD-201401-581,目前厂商已经发布了升级补丁以修复此安全问题，补丁获取链接：http://www.openssh.com/,远程,OpenSSH‘hash_buffer’函数缓冲区错误漏洞,1
OpenSSH,CVE-2014-0475,GNU C Library（又名glibc，libc6）是一种按照LGPL许可协议发布的开源免费的C语言编译程序。GNU C Library 2.20之前版本中存在目录遍历漏洞，该漏洞源于程序未充分过滤某些本地环境变量（如LC_*，LANG等）。上下文相关的攻击者可通过环境变量中的目录遍历字符‘..’绕过ForceCommand限制或造成其他影响。,中危,路径遍历,CNNVD-201407-580,http://www.cnnvd.org.cn/web/xxk/ldxqById.tag?CNNVD=CNNVD-201407-580,目前厂商已经发布了升级补丁以修复此安全问题，详情请关注厂商主页：http://www.gnu.org/software/libc/,远程,GNU glibc Locale Environment Handling 目录遍历漏洞,1
OpenSSH,CVE-2013-4548,OpenSSH（OpenBSD Secure Shell）是OpenBSD计划组所维护的一套用于安全访问远程计算机的连接工具。该工具是SSH协议的开源实现，支持对所有的传输进行加密，可有效阻止窃听、连接劫持以及其他网络级的攻击。,中危,权限许可和访问控制问题,CNNVD-201311-117,http://www.cnnvd.org.cn/web/xxk/ldxqById.tag?CNNVD=CNNVD-201311-117,目前厂商已经发布了升级补丁以修复此安全问题，补丁获取链接：http://www.openssh.com/txt/gcmrekey.adv,远程,OpenSSH ‘mm_newkeys_from_blob’函数权限许可和访问控制漏洞,1
OpenSSH,CVE-2012-6067,FreeFTPd是一款免费的FTP、FTPS、SFTP服务器产品。该产品支持远程传输文件等。freeFTPd 1.0.11之前版本中的freeFTPd.exe中存在漏洞。通过特制的SFTP会话（如OpenSSH客户端与修改版本的ssh.c和sshconnect2.c），远程攻击者利用该漏洞绕过身份验证。,超危,授权问题,CNNVD-201212-045,http://www.cnnvd.org.cn/web/xxk/ldxqById.tag?CNNVD=CNNVD-201212-045,目前厂商还没有提供此漏洞的相关补丁或者升级程序，建议使用此软件的用户随时关注厂商的主页以获取最新版本：http://www.freesshd.com/,远程,freeFTPd freeFTPd.exe 身份验证绕过漏洞,1
OpenSSH,CVE-2012-6066,freeSSHd是Windows平台下的一款免费SSH服务器。freeSSHd 1.2.6之前版本中的freeSSHd.exe中存在漏洞。通过特制的会话（如OpenSSH客户端与修改版本的ssh.c和sshconnect2.c），远程攻击者利用该漏洞绕过身份验证。,超危,授权问题,CNNVD-201212-044,http://www.cnnvd.org.cn/web/xxk/ldxqById.tag?CNNVD=CNNVD-201212-044,目前厂商还没有提供此漏洞的相关补丁或者升级程序，建议使用此软件的用户随时关注厂商的主页以获取最新版本：http://www.freesshd.com/,远程,freeSSHd freeSSHd.exe 身份验证绕过漏洞,1
OpenSSH,CVE-2012-5975,SSH Tectia Server是商业性质的SSH服务器平台，适用于多种银行、保险等企业。基于UNIX和Linux系统上的SSH Tectia Server 6.0.4至6.0.20、6.1.0至6.1.12、6.2.0至6.2.5以及6.3.0至6.3.2版本中的‘SSH USERAUTH CHANGE REQUEST’函数中存在漏洞。当old-style密码身份验证启用时，通过包含空密码条目的特制会话（如来自修改OpenSSH客户端带有添加sshconnect2.c中的‘input_userauth_passwd_changereq’调用的根权限登录会话），远程攻击者利用该漏洞绕过身份验证。,超危,授权问题,CNNVD-201212-043,http://www.cnnvd.org.cn/web/xxk/ldxqById.tag?CNNVD=CNNVD-201212-043,目前厂商还没有提供此漏洞的相关补丁或者升级程序，建议使用此软件的用户随时关注厂商的主页以获取最新版本：http://www.ssh.com/,远程,SSH Tectia Server 安全绕过漏洞,1
OpenSSH,CVE-2012-5536,Red Hat是美国红帽（Red Hat）公司的开源Linux操作系统。,中危,输入验证错误,CNNVD-201302-386,http://www.cnnvd.org.cn/web/xxk/ldxqById.tag?CNNVD=CNNVD-201302-386,目前厂商已经发布了升级补丁以修复此安全问题，补丁获取链接：http://pkgs.fedoraproject.org/cgit/openssh.git/commit/?id=4f4687ce8045418f678c323bb22c837f35d7b9fa,本地,openssh 任意代码执行漏洞,1
OpenSSH,CVE-2012-0814,OpenSSH（OpenBSD Secure Shell）是OpenBSD计划组所维护的一套用于安全访问远程计算机的连接工具。该工具是SSH协议的开源实现，支持对所有的传输进行加密，可有效阻止窃听、连接劫持以及其他网络级的攻击。OpenSSH 5.7之前版本的sshd的auth-options.c的auth_parse_options函数中存在漏洞，该漏洞源于其提供包含authorized_keys命令选项的调试信息。远程认证用户可利用该漏洞通过读取这些信息获取潜在的敏感信息。,低危,信任管理,CNNVD-201201-399,http://www.cnnvd.org.cn/web/xxk/ldxqById.tag?CNNVD=CNNVD-201201-399,目前厂商还没有提供此漏洞的相关补丁或者升级程序，建议使用此软件的用户随时关注厂商的主页以获取最新版本：http://www.openbsd.org/,远程,OpenSSH auth_parse_options函数信任管理漏洞,1
OpenSSH,CVE-2011-5000,OpenSSH（OpenBSD Secure Shell）是OpenBSD计划组所维护的一套用于安全访问远程计算机的连接工具。该工具是SSH协议的开源实现，支持对所有的传输进行加密，可有效阻止窃听、连接劫持以及其他网络级的攻击。OpenSSH 5.8及之前版本中的gss-serv.c中的ssh_gssapi_parse_ename函数中存在漏洞。当gssapi-with-mic验证被激活时，远程认证用户可利用该漏洞借助在某一长度域中的大值，导致拒绝服务（内存消耗）。,低危,数字错误,CNNVD-201204-069,http://www.cnnvd.org.cn/web/xxk/ldxqById.tag?CNNVD=CNNVD-201204-069,目前厂商还没有提供此漏洞的相关补丁或者升级程序，建议使用此软件的用户随时关注厂商的主页以获取最新版本：http://www.openssh.com/,远程,OpenSSH数字错误漏洞,1
OpenSSH,CVE-2011-4327,OpenSSH（OpenBSD Secure Shell）是OpenBSD计划组所维护的一套用于安全访问远程计算机的连接工具。该工具是SSH协议的开源实现，支持对所有的传输进行加密，可有效阻止窃听、连接劫持以及其他网络级的攻击。OpenSSH 5.8及之前的版本中的ssh-keysign的ssh-keysign.c文件中的存在信息泄露漏洞。当使用‘ssh-rand-helper’时，本地攻击者可通过ptrace系统调用利用该漏洞获取敏感密钥信息。,低危,信息泄露,CNNVD-201402-014,http://www.cnnvd.org.cn/web/xxk/ldxqById.tag?CNNVD=CNNVD-201402-014,目前厂商已经发布了升级补丁以修复此安全问题，补丁获取链接：http://www.openssh.com/txt/portable-keysign-rand-helper.adv,本地,OpenSSH 信息泄露漏洞,1
OpenSSH,CVE-2011-4190,kdump是一个使用在Linux内核中基于kexec的内核崩溃转储功能组件。,中危,加密问题,CNNVD-201806-637,http://www.cnnvd.org.cn/web/xxk/ldxqById.tag?CNNVD=CNNVD-201806-637,目前厂商已发布升级补丁以修复漏洞，补丁获取链接：https://bugzilla.suse.com/show_bug.cgi?id=722440,远程,kdump 安全漏洞,1
OpenSSH,CVE-2011-0539,OpenSSH（OpenBSD Secure Shell）是OpenBSD计划组所维护的一套用于安全访问远程计算机的连接工具。该工具是SSH协议的开源实现，支持对所有的传输进行加密，可有效阻止窃听、连接劫持以及其他网络级的攻击。OpenSSH 5.6和5.7版本中的usr.bin/ssh/key.c文件中的key_certify函数，当产生legacy证书(在ssh-keygen中使用-t命令行选项)时，远程攻击者可以利用该漏洞获得敏感栈内存内容或者更容易进行哈希碰撞攻击。,中危,权限许可和访问控制,CNNVD-201102-159,http://www.cnnvd.org.cn/web/xxk/ldxqById.tag?CNNVD=CNNVD-201102-159,目前厂商已经发布了升级补丁以修复此安全问题，补丁获取链接：http://www.openssh.com/txt/release-5.8,远程,OpenSSH key_certify 权限许可和访问控制漏洞,1
OpenSSH,CVE-2010-5107,OpenSSH（OpenBSD Secure Shell）是OpenBSD计划组所维护的一套用于安全访问远程计算机的连接工具。该工具是SSH协议的开源实现，支持对所有的传输进行加密，可有效阻止窃听、连接劫持以及其他网络级的攻击。,中危,设计错误,CNNVD-201303-105,http://www.cnnvd.org.cn/web/xxk/ldxqById.tag?CNNVD=CNNVD-201303-105,目前厂商已经发布了升级补丁以修复此安全问题，补丁获取链接：http://www.openssh.com/,远程,OpenSSH 远程拒绝服务漏洞,1
OpenSSH,CVE-2010-4755,OpenSSH（OpenBSD Secure Shell）是OpenBSD计划组所维护的一套用于安全访问远程计算机的连接工具。该工具是SSH协议的开源实现，支持对所有的传输进行加密，可有效阻止窃听、连接劫持以及其他网络级的攻击。在FreeBSD 7.3和8.1版本，NetBSD 5.0.2版本，和OpenBSD 4.7版本，及其他产品中使用的OpenSSH 5.8及之前版本的（1）sftp-glob.c中的remote_glob函数和（2）sftp.c中的process_put函数中存在漏洞。远程认证用户可以借助不匹配任何路径名称的特制glob表达式导致拒绝服务（CPU和内存消耗）。,中危,资源管理错误,CNNVD-201103-036,http://www.cnnvd.org.cn/web/xxk/ldxqById.tag?CNNVD=CNNVD-201103-036,目前厂商已经发布了升级补丁以修复此安全问题，补丁获取链接：http://cvsweb.netbsd.org/cgi-bin/cvsweb.cgi/src/crypto/dist/ssh/Attic/sftp.c#rev1.21.6.1,远程,OpenSSH glob表达式拒绝服务漏洞,1
OpenSSH,CVE-2010-4478,OpenSSH（OpenBSD Secure Shell）是OpenBSD计划组所维护的一套用于安全访问远程计算机的连接工具。该工具是SSH协议的开源实现，支持对所有的传输进行加密，可有效阻止窃听、连接劫持以及其他网络级的攻击。当J-PAKE启用时，OpenSSH 5.6及之前版本不能正确验证J-PAKE协议中的公共参数。远程攻击者可以通过发送每一轮协议中的特制值绕过共享秘密信息的需求，并成功获得认证。,高危,授权问题,CNNVD-201012-068,http://www.cnnvd.org.cn/web/xxk/ldxqById.tag?CNNVD=CNNVD-201012-068,目前厂商已经发布了升级补丁以修复此安全问题，补丁获取链接：https://github.com/seb-m/jpake,远程,OpenSSH J-PAKE授权问题漏洞,1
OpenSSH,CVE-2010-1938,FreeBSD就是一种运行在Intel平台上、可以自由使用的开放源码Unix类系统。FreeBSD所使用的OPIE认证系统中readrec.c文件的opiereadrec()函数存在单字节栈溢出漏洞，在启用了栈保护的情况下，攻击者可以远程导致使用OPIE的服务进程崩溃。,超危,数字错误,CNNVD-201005-409,http://www.cnnvd.org.cn/web/xxk/ldxqById.tag?CNNVD=CNNVD-201005-409,目前厂商已经发布了升级补丁以修复这个安全问题，补丁下载链接：ftp://ftp.freebsd.org/pub/FreeBSD/CERT/advisories/FreeBSD-SA-10:05.opie.asc,远程,FreeBSD OPIE实现__opiereadrec()函数单字节栈溢出漏洞,1
OpenSSH,CVE-2009-2904,当在Red Hat Enterprise Linux (RHEL) 5.4和Fedora 11的OpenSSH 4.3中的sshd使用时，对OpenSSH 4.8中的ChrootDirectory特性的特定Red Hat修改允许本地用户借助对setuid程序的hard链接，获得特权。setuid程序在chroot目录范围内使用配置文件。该漏洞与对目录所有权的要求有关。,中危,配置错误,CNNVD-200910-096,http://www.cnnvd.org.cn/web/xxk/ldxqById.tag?CNNVD=CNNVD-200910-096,"目前厂商已经发布了升级补丁以修复这个安全问题，补丁下载链接：
https://bugzilla.redhat.com/show_bug.cgi?id=522141
http://support.avaya.com/css/P8/documents/100066815",本地,OpenSSH ChrootDirectory选项本地特权提升漏洞,1
OpenSSH,CVE-2008-5161,OpenSSH是一种开放源码的SSH协议的实现，初始版本用于OpenBSD平台，现在已经被移植到多种Unix/Linux类操作系统下。如果配置为CBC模式的话，OpenSSH没有正确地处理分组密码算法加密的SSH会话中所出现的错误，导致可能泄露密文中任意块最多32位纯文本。在以标准配置使用OpenSSH时，攻击者恢复32位纯文本的成功概率为2^{-18}，此外另一种攻击变种恢复14位纯文本的成功概率为2^{-14}。,低危,信息泄露,CNNVD-200811-321,http://www.cnnvd.org.cn/web/xxk/ldxqById.tag?CNNVD=CNNVD-200811-321,目前厂商已经发布了升级补丁以修复这个安全问题，补丁下载链接：OpenSSH,远程,OpenSSH CBC模式信息泄露漏洞,1
OpenSSH,CVE-2008-4109,"etch上的OpenSSH 4.3p2-9etch3之前版本中的某个Debian补丁 ; sid 和 lenny上的4.6p1-1之前版本; 及其其他分布，例如SUSE，它们所使用的函数对登陆超时设置而言并不async-signal-safe, 远程攻击者可以通过多个登陆尝试来造成拒绝服务 (连接插槽损耗connection slot exhaustion)。",中危,权限许可和访问控制,CNNVD-200809-252,http://www.cnnvd.org.cn/web/xxk/ldxqById.tag?CNNVD=CNNVD-200809-252,,远程,openbsd openssh 权限许可和访问控制漏洞,1
OpenSSH,CVE-2008-3844,Red Hat Linux是全世界应用最为广泛的Linux系统之一。发现部分使用RedHat GPG key签名OpenSSH软件包存在木马。,超危,输入验证,CNNVD-200808-343,http://www.cnnvd.org.cn/web/xxk/ldxqById.tag?CNNVD=CNNVD-200808-343,目前厂商已经发布了升级补丁以修复此安全问题，补丁获取链接：http://rhn.redhat.com/errata/RHSA-2008-0855.html,远程,RedHat linux openssh 软件包含木马漏洞,1
OpenSSH,CVE-2008-3259,"OpenSSH是一种开放源码的SSH协议的实现，初始版本用于OpenBSD平台，现在已经被移植到多种Unix/Linux类操作系统下。
OpenSSH的sshd服务器为X11转发服务器所使用的监听套接字设置了SO_REUSEADDR选项，如果远程攻击者将套接字绑定到X11转发端口的话，就可以劫持X11转发会话。成功攻击要求禁用了X11UseLocalhost(非默认)且基础操作系统未经检查有效的用户ID或地址重叠便允许重新绑定端口。",低危,信息泄露,CNNVD-200807-363,http://www.cnnvd.org.cn/web/xxk/ldxqById.tag?CNNVD=CNNVD-200807-363,"目前厂商已经发布了升级补丁以修复这个安全问题，补丁下载链接：
http://www.openssh.com/",本地,OpenSSH X11UseLocalhost X11转发会话劫持漏洞,1
OpenSSH,CVE-2008-3234,"OpenSSH 是一组用于安全地访问远程计算机的连接工具。
OpenSSH 4 on Debian GNU/Linux, 和 20070303 OpenSSH snapshot中的sshd，允许远程认证用户通过对用户名的一个：/ (冒号斜线)序列和任务名来获得访问任意SELinux任务的权限。",中危,权限许可和访问控制,CNNVD-200807-338,http://www.cnnvd.org.cn/web/xxk/ldxqById.tag?CNNVD=CNNVD-200807-338,,远程,Debian OpenSSH SELinux 特权升级漏洞,1
OpenSSH,CVE-2008-1657,OpenSSH是一种开放源码的SSH协议的实现，初始版本用于OpenBSD平台，现在已经被移植到多种Unix/Linux类操作系统下。OpenSSH没有正确地实现ForceCommand指令，如果本地攻击者修改了~/.ssh/rc会话文件的话，则即使ForceCommand指令仍有效，攻击者仍可以执行任意代码。,中危,权限许可和访问控制,CNNVD-200804-051,http://www.cnnvd.org.cn/web/xxk/ldxqById.tag?CNNVD=CNNVD-200804-051,目前厂商已经发布了升级补丁以修复这个安全问题，补丁下载链接：Ubuntu Ubuntu Linux 7.10 powerpc,远程,OpenSSH绕过ForceCommand指令漏洞,1
OpenSSH,CVE-2008-1483,OpenSSH（OpenBSD Secure Shell）是OpenBSD计划组的一套用于安全访问远程计算机的连接工具。该工具是SSH协议的开源实现，支持对所有的传输进行加密，可有效阻止窃听、连接劫持以及其他网络级的攻击。OpenSSH 4.3p2版本中存在权限许可和访问控制问题漏洞。该漏洞源于网络系统或产品缺乏有效的权限许可和访问控制措施。,中危,权限许可和访问控制问题,CNNVD-200803-394,http://www.cnnvd.org.cn/web/xxk/ldxqById.tag?CNNVD=CNNVD-200803-394,目前厂商已经发布了升级补丁以修复这个安全问题，补丁下载链接：http://www.openbsd.org/errata41.html,本地,OpenSSH 权限许可和访问控制问题漏洞,1
OpenSSH,CVE-2007-6415,scponly 4.6 及其早期版本会允许授权用户通过激活scp(例如利用 -F and -o 操作由OpenSSH安装)来绕过预期限制和执行任意代码。,高危,代码注入,CNNVD-200801-389,http://www.cnnvd.org.cn/web/xxk/ldxqById.tag?CNNVD=CNNVD-200801-389,,远程,Debian Linux scp调用代码注入漏洞,1
OpenSSH,CVE-2007-5715,"DenyHosts 2.6版本处理OpenSSH sshd中具有一个错误的常规表达式并且与IP地址不相匹配的""没在AllowUsers中列出"" 的log 信息，这会允许远程攻击者当制造AllowUsers中的一个无效的用户名登录，如b根用户名，避开检测和阻挡。",中危,配置错误,CNNVD-200710-504,http://www.cnnvd.org.cn/web/xxk/ldxqById.tag?CNNVD=CNNVD-200710-504,,远程,DenyHosts OpenSSH sshd中配置错误漏洞,1
OpenSSH,CVE-2007-4654,Cisco Content Services Switch (CSS) series 11000 驱动程序上的Cisco WebNS 8.20.0.1的OpenSSH 3.0.2p1的SSHield 1.6.1版本中存在未明漏洞。远程攻击者可以借助一系列的设计来利用SSH CRC32攻击检测溢出(CVE-2001-0144)，造成拒绝服务(链接slot耗损和驱动程序崩溃)。,中危,资源管理错误,CNNVD-200709-025,http://www.cnnvd.org.cn/web/xxk/ldxqById.tag?CNNVD=CNNVD-200709-025,"目前厂商还没有提供此漏洞的相关补丁或者升级程序，建议使用此软件的用户随时关注厂商的主页以获取最新版本：
http://www.cisco.com",远程,Running on Cisco Content Services Switch (CSS) Series 资源管理错误漏洞,1
OpenSSH,CVE-2007-3102,"OpenSSH 4.3p2版本的linux_audit_record_event函数中存在未明漏洞, 当在Fedora Core 6以及其他可能的系统中运行时,远程攻击者可以借助一个特制的用户名，向一个审计登录日志写入任意字符。",中危,输入验证,CNNVD-200710-358,http://www.cnnvd.org.cn/web/xxk/ldxqById.tag?CNNVD=CNNVD-200710-358,,远程,OpenSSH linux_audit_record_event函数远程登录日志注入漏洞,1
OpenSSH,CVE-2007-2768,当为PAM使用OPIE(One-Time Passwords in Everything)时，OpenSSH允许远程攻击者决定特定用户账户的存放位置。如果用户的账户存在和被配置成使用一次性密码(OTP)时，它会显示不同的响应。此漏洞与CVE-2007-2243相似。,中危,其他,CNNVD-200705-424,http://www.cnnvd.org.cn/web/xxk/ldxqById.tag?CNNVD=CNNVD-200705-424,,远程,OpenSSH OPIE安全漏洞,1
OpenSSH,CVE-2007-2243,当ChallengeResponseAuthentication被启用时，OpenSSH允许远程攻击者借助S/KEY，试图进行鉴别，从而决定用户帐户的位置。如果用户帐户存在的话，这会显示不同的响应。,中危,授权问题,CNNVD-200704-479,http://www.cnnvd.org.cn/web/xxk/ldxqById.tag?CNNVD=CNNVD-200704-479,,远程,OpenSSH S/Key 远程信息泄露漏洞,1
OpenSSH,CVE-2007-0726,"Mac OS X是苹果家族计算机所使用的操作系统。
Apple Mac OS X SSH拒绝服务攻击漏洞。
在创建了第一个SSH连接时服务器上创建了SSH密钥。攻击者可以在SSH完成创建密钥之前连接到服务器，这样就可以强制重新创建密钥，导致依赖于与服务器信任关系的进程拒绝服务。",中危,边界条件错误,CNNVD-200703-364,http://www.cnnvd.org.cn/web/xxk/ldxqById.tag?CNNVD=CNNVD-200703-364,"目前厂商已经发布了升级补丁以修复这个安全问题，补丁下载链接：
http://www.apple.com/support/downloads",远程,Apple Mac OS X SSH拒绝服务攻击漏洞,1
OpenSSH,CVE-2006-5794,OpenSSH的4.5之前版本中的sshd Privilege Separation Monitor存在未明漏洞，导致系统对已经成功的认证的验证更弱，可能让攻击者绕过认证。注：自20061108起，认为此问题只有利用未授权过程中的漏洞才能被利用，而这种过程还未知存在与否。,高危,设计错误,CNNVD-200611-134,http://www.cnnvd.org.cn/web/xxk/ldxqById.tag?CNNVD=CNNVD-200611-134,目前厂商已经发布了升级补丁以修复这个安全问题，补丁下载链接：Turbolinux Turbolinux 10 F...,远程,OpenSSH sshd Privilege Separation Monitor 未明漏洞,1
OpenSSH,CVE-2006-5229,OpenSSH portable 4.1 on SUSE Linux及可能的其他平台和版本，并可能在有限的配置下。远程攻击者通过计时差异确定有效的用户名(有效用户名比无效用户名的响应时间长)，如通过sshtime所示。,低危,信息泄露,CNNVD-200610-096,http://www.cnnvd.org.cn/web/xxk/ldxqById.tag?CNNVD=CNNVD-200610-096,,远程,OpenSSH-Portable /etc/shadow密码远程信息泄露漏洞,1
OpenSSH,CVE-2006-5052,OpenSSH是一种开放源码的SSH协议的实现，初始版本用于OpenBSD平台，现在已经被移植到多种Unix/Linux类操作系统下。在可移植的OpenSSH上，远程攻击者可以通过终止GSSAPI认证来判断用户名是否有效。,中危,输入验证,CNNVD-200609-471,http://www.cnnvd.org.cn/web/xxk/ldxqById.tag?CNNVD=CNNVD-200609-471,目前厂商已经发布了升级补丁以修复这个安全问题，补丁下载链接：ftp://ftp.openbsd.org/pub/OpenBSD/OpenSSH/portable/openssh-4.4p1.tar.gz,远程,OpenSSH GSSAPI认证终止信息泄露漏洞,1
OpenSSH,CVE-2006-5051,OpenSSH是一种开放源码的SSH协议的实现，初始版本用于OpenBSD平台，现在已经被移植到多种Unix/Linux类操作系统下。OpenSSH 4.2及以下版本的SCP工具实现上存在漏洞，本地攻击者可能利用此漏洞在主机以高权限执行任意命令，从而提升自己的权限。,超危,竞争条件,CNNVD-200609-482,http://www.cnnvd.org.cn/web/xxk/ldxqById.tag?CNNVD=CNNVD-200609-482,目前厂商还没有提供补丁或者升级程序，建议使用此软件的用户随时关注厂商的主页以获取最新版本：http://www.openssh.com/,远程,OpenSSH 任意命令执行漏洞,1
OpenSSH,CVE-2006-4925,OpenSSH的ssh中的packet.c，远程攻击者可以通过发送在NEWKEYS前有USERAUTH_SUCCESS的无效协议序列，导致newkeys[mode]成为NULL，从而使系统拒绝服务(崩溃)。,中危,未知,CNNVD-200609-527,http://www.cnnvd.org.cn/web/xxk/ldxqById.tag?CNNVD=CNNVD-200609-527,,远程,OpenSSH packet.c 拒绝服务漏洞,1
OpenSSH,CVE-2006-4924,OpenSSH是一种开放源码的SSH协议的实现，初始版本用于OpenBSD平台，现在已经被移植到多种Unix/Linux类操作系统下。OpenSSH在处理ssh报文中多个完全一样的块时存在拒绝服务漏洞，如果启用了ssh协议1的话，则远程攻击者就可以通过发送特制的ssh报文耗尽CPU资源。,高危,资源管理错误,CNNVD-200609-454,http://www.cnnvd.org.cn/web/xxk/ldxqById.tag?CNNVD=CNNVD-200609-454,目前厂商已经发布了升级补丁以修复这个安全问题，补丁下载链接：http://www.openbsd.org/cgi-bin/cvsweb/src/usr.bin/ssh/deattack.c.diff?r1=1.29&r2=1.30&sortby=date&f=h,远程,OpenSSH 拒绝服务漏洞,1
OpenSSH,CVE-2006-0883,OpenSSH（OpenBSD Secure Shell）是OpenBSD计划组所维护的一套用于安全访问远程计算机的连接工具。该工具是SSH协议的开源实现，支持对所有的传输进行加密，可有效阻止窃听、连接劫持以及其他网络级的攻击。OpenPAM是PAM架构的实现，允许使用可加载的模块实现管理员所定义的用户认证和会话管理。OpenSSH和FreeBSD中很多其他应用程序都使用OpenPAM提供一致的可配置的认证系统。OpenSSH与OpenPAM的进程交互机制上存在漏洞，远程攻击者可能利用此漏洞对OpenSSH执行拒绝服务攻击，导致OpenSSH无法处理正常请求。,中危,资源管理错误,CNNVD-200603-063,http://www.cnnvd.org.cn/web/xxk/ldxqById.tag?CNNVD=CNNVD-200603-063,目前厂商已经发布了升级补丁以修复此安全问题，补丁获取链接：OpenBSD openssh-3.9p1.tar.gz,远程,OpenSSH远程PAM拒绝服务漏洞,1
OpenSSH,CVE-2006-0393,Apple Mac OS X是苹果家族机器所使用的操作系统。最新的Mac OS X更新修复了多个漏洞，具体如下：,中危,资料不足,CNNVD-200608-040,http://www.cnnvd.org.cn/web/xxk/ldxqById.tag?CNNVD=CNNVD-200608-040,目前厂商已经发布了升级补丁以修复这个安全问题，补丁下载链接：Apple Mac OS X Server 10.3.9,远程,OpenSSH Server 认证进程拒绝服务漏洞,1
OpenSSH,CVE-2005-2798,OpenSSH 是 SSH (Secure SHell) 协议的免费开源实现。它用安全、加密的网络连接工具代替了 telnet、ftp、 rlogin、rsh 和 rcp 工具。当启用GSSAPIDelegateCredentials时，OpenSSH before 4.2以前的版本中的sshd允许把GSSAPI证书信息授权给通过非GSSAPI方式登录的用户。这使得，GSSAPI证书信息被暴露给了不可信用户或主机。,中危,设计错误,CNNVD-200509-039,http://www.cnnvd.org.cn/web/xxk/ldxqById.tag?CNNVD=CNNVD-200509-039,,远程,OpenSSH GSSAPI 证书信息泄露漏洞,1
OpenSSH,CVE-2005-2797,"OpenSSH 是 SSH (Secure SHell) 协议的免费开源实现。它用安全、加密的网络连接工具代替了 telnet、ftp、 rlogin、rsh 和 rcp 工具。当不提供监听地址时，OpenSSH 4.0及4.2以前的其它版本均不能正确地处理动态端口转发(""-D""选项)。这可能导致OpenSSH启动GatewayPorts功能。",中危,设计错误,CNNVD-200509-044,http://www.cnnvd.org.cn/web/xxk/ldxqById.tag?CNNVD=CNNVD-200509-044,目前厂商已经发布了升级补丁以修复此安全问题，补丁获取链接：Slackware Linux -current,远程,OpenSSH DynamicForward 非故意的的GatewayPorts激活漏洞,1
OpenSSH,CVE-2005-2666,OpenSS 4.0之前的版本及其它可能版本中的SSH将主机名、IP地址以及密钥以纯文本形式存储在known_hosts文件中。这使得已经危害SSH用户帐户的攻击者更容易生成一张额外目标列表，这些目标很可能具有相同的密码或密钥。,低危,信任管理,CNNVD-200508-269,http://www.cnnvd.org.cn/web/xxk/ldxqById.tag?CNNVD=CNNVD-200508-269,,本地,OpenBSD OpenBSD OpenSSH 信任管理漏洞,1
OpenSSH,CVE-2004-2760,OpenSSH 3.5p1版本中的sshd存在漏洞。当PermitRootLogin被启用时，该漏洞在用正确密码尝试登录之后立即关闭TCP连接，但是用不正确的密码尝试之后会保持连接打开，远程攻击者可以更容易通过观察连接状态来猜测密码，该漏洞不同于CVE-2003-0190。,中危,配置错误,CNNVD-200412-1221,http://www.cnnvd.org.cn/web/xxk/ldxqById.tag?CNNVD=CNNVD-200412-1221,,远程,OpenSSH配置错误漏洞,1
OpenSSH,CVE-2004-2414,"Novell Netware是一款商业性质操作系统。
NetWare 6.5 Support Pack 1.1会导致泄露admin/install密码信息，部分用户可能获得管理员密码信息。
NetWare 6.5 Support Pack 1.1会把admin/install密码信息存储在日志文件中，可导致本地攻击者获得密码信息而控制系统。不过此日志文件一般由操作系统的管理员访问控制保护，所以只有小部分用户才能获得此敏感信息。",低危,设计错误,CNNVD-200412-308,http://www.cnnvd.org.cn/web/xxk/ldxqById.tag?CNNVD=CNNVD-200412-308,"厂商补丁：
Novell
------
Novell提供了NetWare 6.5 Support Pack 1.1(b)补丁修正了此漏洞，建议用户根据Technical Information Document TID2968534描述进行安装修补：http://support.novell.com/servlet/filedownload/sec/pub/nw65ossp1b.exe",本地,Novell NetWare Admin/Install密码泄露漏洞,1
OpenSSH,CVE-2004-2069,"OpenSSH是一种开放源码的SSH协议的实现，初始版本用于OpenBSD平台，现在已经被移植到多种Unix/Linux类操作系统下。
OpenSSH服务器处理MaxStartups和LoginGraceTime配置变量的方式存在拒绝服务漏洞，远程攻击者可能利用此漏洞导致合法用户无法访问。
sshd启动时LoginGraceTime为1分钟，使用了3个窗口初始化ssh客户端。在启动了2个客户端后sshd会等待一段没有输入口令的宽限期，在检查syslog.log时关闭连接。但是，如果发送了以下命令：
＃netstat -an|grep 22
就会继续创建连接，允许第三个客户端连接到服务器。如果这种行为继续的话，能够连接的用户就会减少。
SSH使用alarm/SIGALRM实现LoginGraceTime。如果使用权限分离的话，则在超时的时候特权进程会接收到alarm信号并退出；但是，非特权的sshd进程会继续保持连接，直到客户端发送某些数据或断开。",中危,设计错误,CNNVD-200412-892,http://www.cnnvd.org.cn/web/xxk/ldxqById.tag?CNNVD=CNNVD-200412-892,"厂商补丁：
OpenSSH
-------
目前厂商已经发布了升级补丁以修复这个安全问题，请到厂商的主页下载：ftp://ftp.openbsd.org/pub/OpenBSD/OpenSSH/openssh-3.8.tgz
RedHat
------
RedHat已经为此发布了一个安全公告(RHSA-2005:550-01)以及相应补丁:",远程,OpenSSH LoginGraceTime远程拒绝服务漏洞,1
OpenSSH,CVE-2004-1653,OpenSSH（OpenBSD Secure Shell）是OpenBSD计划组的一套用于安全访问远程计算机的连接工具。该工具是SSH协议的开源实现，支持对所有的传输进行加密，可有效阻止窃听、连接劫持以及其他网络级的攻击。OpenSSH 3.9及之前版本中存在安全漏洞。攻击者可利用该漏洞连接到任意服务器上的任意端口。,中危,其他,CNNVD-200408-235,http://www.cnnvd.org.cn/web/xxk/ldxqById.tag?CNNVD=CNNVD-200408-235,目前厂商已发布升级补丁以修复漏洞，详情请关注厂商主页：https://www.openssh.com/,远程,OpenSSH enables AllowTcpForwarding 安全漏洞,1
OpenSSH,CVE-2004-0175,"OpenSSH是一种开放源码的SSH协议的实现，初始版本用于OpenBSD平台，现在已经被移植到多种Unix/Linux类操作系统下。
OpenSSH scp客户端不正确处理部分文件名中的特殊字符，远程恶意服务器可以运行scp客户端用户权限在工作目录外建立恶意文件。
目前没有详细漏洞细节提供。",中危,路径遍历,CNNVD-200408-194,http://www.cnnvd.org.cn/web/xxk/ldxqById.tag?CNNVD=CNNVD-200408-194,"厂商补丁：
Conectiva
---------
Conectiva已经为此发布了一个安全公告(CLSA-2004:831)以及相应补丁:CLSA-2004:831：openssh",远程,OpenSSH SCP客户端文件破坏漏洞,1
OpenSSH,CVE-2003-1562,,,,,,,,,1
OpenSSH,CVE-2003-0787,"OpenSSH是一种开放源码的SSH协议的实现，初始版本用于OpenBSD平台，现在已经被移植到多种Unix/Linux类操作系统下。
OpenSSH 3.7p1和3.7.1p1存在多个相关PAM代码的漏洞，远程攻击者可以利用这些漏洞进行攻击，可能未授权访问系统。
这些问题存在于非标准配置，不使用权限限制的情况下。目前没有详细漏洞细节提供。",高危,未知,CNNVD-200311-055,http://www.cnnvd.org.cn/web/xxk/ldxqById.tag?CNNVD=CNNVD-200311-055,"临时解决方法：
如果您不能立刻安装补丁或者升级，CNNVD建议您采取以下措施以降低威胁：* 可以通过在sshd_config中设置""UsePam no""选项关闭PAM支持。
厂商补丁：
OpenSSH
-------
目前厂商已经发布了升级补丁以修复这个安全问题，请到厂商的主页下载升级程序到OpenSSH 3.7.1p2版本：",远程,OpenSSH PAM多个安全漏洞,1
OpenSSH,CVE-2003-0786,"OpenSSH是一种开放源码的SSH协议的实现，初始版本用于OpenBSD平台，现在已经被移植到多种Unix/Linux类操作系统下。
OpenSSH 3.7p1和3.7.1p1存在多个相关PAM代码的漏洞，远程攻击者可以利用这些漏洞进行攻击，可能未授权访问系统。
这些问题存在于非标准配置，不使用权限限制的情况下。目前没有详细漏洞细节提供。",超危,未知,CNNVD-200311-068,http://www.cnnvd.org.cn/web/xxk/ldxqById.tag?CNNVD=CNNVD-200311-068,"临时解决方法：
如果您不能立刻安装补丁或者升级，CNNVD建议您采取以下措施以降低威胁：* 可以通过在sshd_config中设置""UsePam no""选项关闭PAM支持。
厂商补丁：
OpenSSH
-------
目前厂商已经发布了升级补丁以修复这个安全问题，请到厂商的主页下载升级程序到OpenSSH 3.7.1p2版本：",远程,OpenSSH PAM多个安全漏洞,1
OpenSSH,CVE-2003-0695,OpenSSH 3.7.1之前的版本存在多个“缓冲区管理错误”。攻击者使用(1)buffer.c的buffer_init，(2)buffer.c的buffer_free，或者(3)channels.c的separate函数导致服务拒绝或者执行任意代码，该漏洞不同于CVE-2003-0693。,高危,未知,CNNVD-200310-010,http://www.cnnvd.org.cn/web/xxk/ldxqById.tag?CNNVD=CNNVD-200310-010,,远程,OpenSSH 缓冲区管理错误漏洞,1
OpenSSH,CVE-2003-0693,"OpenSSH是一种开放源码的SSH协议的实现，初始版本用于OpenBSD平台，现在已经被移植到多种Unix/Linux类操作系统下。
3.7版本之前的OpenSSH包含一个缓冲区管理错误，远程攻击者可能利用这个漏洞进行拒绝服务或者可能以OpenSSH进程权限在系统上执行任意指令。
当OpenSSH接收到一个长度超过已分配缓冲区大小的数据包时会试图重新分配一块大的内存，这时记录当前缓冲区大小的变量值会相应增加，新长度值会被检查是否符合要求，如果检查失败会调用fatal()来清理并退出，在某些情况下，执行清理工作的代码可能会按新缓冲区长度的大小去释放那个实际并没有扩大的缓冲区，结果导致缓冲区外的数据被重写为NULL值。这样可能造成拒绝服务攻击或执行任意指令。",超危,边界条件错误,CNNVD-200309-032,http://www.cnnvd.org.cn/web/xxk/ldxqById.tag?CNNVD=CNNVD-200309-032,"临时解决方法：
如果您不能立刻安装补丁或者升级，CNNVD建议您采取以下措施以降低威胁：* 在边界或者主机防火墙上过滤不可信任IP对SSH服务的访问请求，通常是22/TCP端口。",远程,OpenSSH缓冲区管理操作远程溢出漏洞,1
OpenSSH,CVE-2003-0682,OpenSSH 3.7.1及其早期版本存在“内存漏洞”。该漏洞不同于CVE-2003-0693和CVE-2003-0695。,高危,未知,CNNVD-200310-020,http://www.cnnvd.org.cn/web/xxk/ldxqById.tag?CNNVD=CNNVD-200310-020,,远程,OpenSSH漏洞,1
OpenSSH,CVE-2003-0386,"OpenSSH提供多项机制可限制客户端访问服务器，单独用户可以在$HOME/.ssh/authorized_keys文件中使用""From=＜hostpattern＞""选项，sshd_config文件可以使用'＜userpattern＞@＜hostpattern＞'来限制部分用户从部分主机上登录。Hostpatterns类似Unix glob文件匹配，可使用?和*作为通用字符，IP地址和主机名都可以定义在pattern中。
OpenSSH在对客户端主机进行反向解析实现上存在问题，远程攻击者可以利用这个漏洞通过反向查找数字IP地址的域名欺骗绕过SSH的""from=""和""user@hosts""形式的限制。
当主机名被指定时，会对客户端主机的IP地址上进行反向查询，不过当攻击者可以控制DNS服务器时可对IP地址进行伪造。当提供纯IP地址时，攻击者如果可以控制解析其主机的DNS服务器，通过返回包含任意数字IP地址的DNS应答就可以绕过OPENSSH的""from=""和""user@hosts""形式的限制。
这个漏洞可以使一些不能直接访问服务器的攻击者提供方法，如以前拥有密码或私钥的员工在受到网络限制时，绕过限制访问系统。
commercial F-Secure SSH-1和SSH2 版本不受此漏洞影响。",高危,设计错误,CNNVD-200307-007,http://www.cnnvd.org.cn/web/xxk/ldxqById.tag?CNNVD=CNNVD-200307-007,"临时解决方法：
如果您不能立刻安装补丁或者升级，CNNVD建议您采取以下措施以降低威胁：*  在sshd服务器上使用VerifyReverseMapping，这当客户段没有反向DNS服务器时会导致登录缓慢。但是由于sshd_config文件中提供了VeriftyReverseMapping标记(默认是no)，会进行正反向DNS查询来使IP地址和主机名匹配，可防止欺骗。",远程,OpenSSH远程客户端地址限制可绕过漏洞,1
OpenSSH,CVE-2003-0190,"OpenSSH是一种开放源码的SSH协议的实现，目前移植在多种系统下工作。
移植的OpenSSH版本在支持PAM的情况下存在时序攻击问题，远程攻击者可以利用这个漏洞判断用户是否存在，导致信息泄露。
根据测试，如果OpenSSH以--with-pam进行配置的情况下，由于对合法用户和非法用户响应信息的时间不同，该可以判断系统用户是否存在。在判断用户情况下，可以进一步通过猜测密码进行攻击。",中危,设计错误,CNNVD-200305-021,http://www.cnnvd.org.cn/web/xxk/ldxqById.tag?CNNVD=CNNVD-200305-021,"临时解决方法：
如果您不能立刻安装补丁或者升级，CNNVD建议您采取以下措施以降低威胁：* 在Pam_unix.so auth配置文件中增加""nodelay""选项。",远程,OpenSSH PAM启用验证延迟信息泄露漏洞,1
OpenSSH,CVE-2002-0765,"OpenBSD是一款免费开放源代码的操作系统，其中sshd的实现存在安全漏洞。
OpenBSD中的sshd使用YP/NIS进行验证时存在错误，可导致拒绝合法用户访问资源。
OpenBSD中的sshd如果配置使用Netgroups的YP进行访问，sshd就会通过ACL检查请求的用户名和密码进行验证，但是在某些环境下，当sshd使用
ACL检查请求的用户名后，会使用其他用户的密码来进行验证，造成本来可以访问资源合法用户被拒绝访问。
此漏洞存在于使用YP/NIS环境的系统中。",高危,未知,CNNVD-200208-019,http://www.cnnvd.org.cn/web/xxk/ldxqById.tag?CNNVD=CNNVD-200208-019,"厂商补丁：
OpenBSD
-------
目前厂商已经发布了升级补丁以修复这个安全问题，请到厂商的主页下载：OpenBSD Patch 004_sshbsdauth.patch",远程,OpenBSD sshd BSD验证实现错误漏洞,1
OpenSSH,CVE-2002-0640,"OpenSSH是一种开放源码的SSH协议的实现，初始版本用于OpenBSD平台，现在已经被移植到多种Unix/Linux类操作系统下。
OpenSSH 2.3.1p1到3.3版本中的挑战响应(Challenge-Response)代码处理存在漏洞，远程攻击者可以利用这漏洞以sshd进程的权限(通常是root)在系统上执行任意指令。
漏洞是在挑战响应验证阶段处理接收到的应答时存在缓冲区溢出，不管系统中挑战响应验证选项是否配置，系统如果使用了通过交互键盘PAM验证PAMAuthenticationViaKbdInt)的PAM模块，就存在此漏洞，远程攻击者可以利用此漏洞在系统上以sshd进程的权限执行任意指令。",超危,边界条件错误,CNNVD-200207-029,http://www.cnnvd.org.cn/web/xxk/ldxqById.tag?CNNVD=CNNVD-200207-029,"临时解决方法：
如果您不能立刻安装补丁或者升级，CNNVD建议您采取以下措施以降低威胁：*  1)关闭SSH协议版本2：",远程,OpenSSH挑战响应(Challenge-Response)机制交互键盘PAM验证远程缓冲区溢出漏洞,1
OpenSSH,CVE-2002-0639,"OpenSSH是一种开放源码的SSH协议的实现，初始版本用于OpenBSD平台，现在已经被移植到多种Unix/Linux类操作系统下。
OpenSSH 2.3.1p1到3.3版本中的挑战响应(Challenge-Response)代码处理存在漏洞，远程攻击者可以利用这漏洞以sshd进程的权限(通常是root)在系统上执行任意指令。
漏洞是在挑战响应验证阶段处理接收到的应答时存在缓冲区溢出，不管系统中挑战响应验证选项是否配置，系统如果使用了通过交互键盘PAM验证PAMAuthenticationViaKbdInt)的PAM模块，就存在此漏洞，远程攻击者可以利用此漏洞在系统上以sshd进程的权限执行任意指令。",超危,边界条件错误,CNNVD-200207-005,http://www.cnnvd.org.cn/web/xxk/ldxqById.tag?CNNVD=CNNVD-200207-005,"临时解决方法：
如果您不能立刻安装补丁或者升级，CNNVD建议您采取以下措施以降低威胁：*  1)关闭SSH协议版本2：",远程,OpenSSH挑战响应(Challenge-Response)机制交互键盘PAM验证远程缓冲区溢出漏洞,1
OpenSSH,CVE-2002-0575,"OpenSSH是一种开放源码的SSH协议的实现，初始版本用于OpenBSD平台，现在已经被移植到多种Unix/Linux类操作系统下。
OpenSSH服务器程序实现存在缓冲区溢出漏洞，远程或本地攻击者可以得到主机的root权限。
问题在于程序对于客户端提交过来的Kerberos 4 TGT/AFS令牌处理有误，如果TGT令牌数据是畸形的，一个对边界不加检查的串拷贝会导致缓冲区溢出。要利用此漏洞，在2.9.9及以上版本的OpenSSH中，攻击者需要有效用户的登录认证，在2.9.9以下版本攻击者则不需要经过有效用户的认证。",高危,未知,CNNVD-200206-029,http://www.cnnvd.org.cn/web/xxk/ldxqById.tag?CNNVD=CNNVD-200206-029,"临时解决方法：
如果您不能立刻安装补丁或者升级，CNNVD建议您采取以下措施以降低威胁：* 在漏洞修补之前暂时停止OpenSSH的使用。
厂商补丁：
OpenSSH
-------
OpenSSH已经发布了相应的安全补丁以修补这个漏洞，请到厂商的主页下载:",远程,OpenSSH Kerberos 4 TGT/AFS令牌缓冲区溢出漏洞,1
OpenSSH,CVE-2002-0083,"OpenSSH是一个对SSH协议开放源码的，免费的实现。它对所有网络通讯进行加密传输，从而避开了许多网络层的攻击，是个很有用的网络连接工具。
OpenSSH实现上存在缓冲区溢出漏洞，一个有合法登录帐号的用户可以利用此漏洞得到主机的root权限。
为了实现X11、TCP和代理转发，OpenSSH在一个TCP连接上复用多个""channel""。OpenSSH在管理""channel""的代码实现上存在一个off-by-one(偏移一个单位)漏洞，程序可能会错误地使用正常范围之外的内存数据，一个有合法登录帐号的攻击者登录到系统以后可以利用此漏洞让sshd以root权限执行任意指令。一个恶意的ssh服务器也可能利用此漏洞在用户的客户机上执行任意指令。",超危,数字错误,CNNVD-200203-034,http://www.cnnvd.org.cn/web/xxk/ldxqById.tag?CNNVD=CNNVD-200203-034,"临时解决方法：
如果您不能立刻安装补丁或者升级，CNNVD建议您采取以下措施以降低威胁：* 此问题没有好的临时解决方法，您应该尽快升级软件。如果不能及时升级，您应该限制不可信用户对sshd的访问。",远程,OpenSSH Channel代码实现off-by-one漏洞,1
OpenSSH,CVE-2002-0059,zlib 1.1.3及其早期版本的解压算法使用在许多不同实用程序和数据包时导致inflateEnd多次（“重复释放”）释放某些内存。本地和远程攻击者借助畸形压缩数据块执行任意代码。,高危,设计错误,CNNVD-200203-028,http://www.cnnvd.org.cn/web/xxk/ldxqById.tag?CNNVD=CNNVD-200203-028,"Various fixes for zlib packages have been released as well as upgrades for utilities that are statically linked to the library (or that include borrowed code). Please see the references for more information.

zlib zlib 1.0",远程,Zlib压缩库堆腐烂漏洞,1
OpenSSH,CVE-2001-1585,从2001-01-18到2001-02-08可用的OpenSSH 2.3.1版本的开发快照中的SSH protocol 2 (也称为SSH-2)公开密钥认证不执行challenge-response步骤以确保客户端有适当的私钥，远程攻击者可以通过补充来自用户的authorized_keys文件的公共密钥来绕过认证。,中危,授权问题,CNNVD-200112-193,http://www.cnnvd.org.cn/web/xxk/ldxqById.tag?CNNVD=CNNVD-200112-193,"Upgrade available:
OpenBSD OpenSSH 2.3.1",远程,OpenSSH私钥认证检查漏洞,1
OpenSSH,CVE-2001-1507,OpenSSH 3.0.1之前版本存在漏洞。当Kerberos V有效时，该软件不能正确的验证用户，远程攻击者利用该漏洞导致登录受到挑战。,高危,未知,CNNVD-200112-161,http://www.cnnvd.org.cn/web/xxk/ldxqById.tag?CNNVD=CNNVD-200112-161,"The vendor has made upgrades available.
OpenSSH packages for Trustix Secure Linux do not have Kerberos support enabled. However, fixes have been provided for those users who wish to enable Kerberos support.
OpenBSD OpenSSH 3.0",远程,OpenSSH Kerberos任意特权提升漏洞,1
OpenSSH,CVE-2001-1483,One-Time Passwords In Everything (也称为OPIE) 2.32版本和2.4版本存在漏洞。远程攻击者可以通过在用户账户不存在的条件下打印随机口令句以及在用户存在的条件下打印静态口令句来确定用户账户的存在。,中危,设计错误,CNNVD-200112-206,http://www.cnnvd.org.cn/web/xxk/ldxqById.tag?CNNVD=CNNVD-200112-206,"Currently the SecurityFocus staff are not aware of any vendor-supplied patches for this issue. If you feel we are in error or are aware of more recent information, please mail us at: vuldb@securityfocus.com .",远程,OPIE账户存在信息泄露漏洞,1
OpenSSH,CVE-2001-1459,OpenSSH 2.9及其早期版本在无pty的命令时不初始化Pluggable Authentication Module (PAM)。本地用户可以利用该漏洞绕过pam.d中的资源限制(rlimits)设置。,高危,环境条件错误,CNNVD-200106-111,http://www.cnnvd.org.cn/web/xxk/ldxqById.tag?CNNVD=CNNVD-200106-111,"Currently the SecurityFocus staff are not aware of any vendor-supplied patches for this issue. If you feel we are in error or are aware of more recent information, please mail us at: vuldb@securityfocus.com .",远程,OpenSSH PAM会话逃避漏洞,1
OpenSSH,CVE-2001-1382,OpenSSH 2.9.9p2之前版本的“echo simulation”交通分析对策在密码和回车返回键入后，会额外发送echo数据包，远程攻击者可以利用该漏洞确定正在使用的对策。,中危,未知,CNNVD-200109-133,http://www.cnnvd.org.cn/web/xxk/ldxqById.tag?CNNVD=CNNVD-200109-133,,远程,OpenSSH “echo simulation”交通分析对策对策泄露漏洞,1
OpenSSH,CVE-2001-1380,"OpenSSH 2.9.9之前版本在使用~/.ssh/authorized_keys2文件中的keypair和多个不同类型的密钥时可能不正确地处理与密钥有关的""from""选项，远程攻击者可以从未认证的IP地址登录。",高危,其他,CNNVD-200110-098,http://www.cnnvd.org.cn/web/xxk/ldxqById.tag?CNNVD=CNNVD-200110-098,"Upgrades are available.
RedHat openssh-askpass-2.1.1p4-1.i386.rpm",远程,OpenSSH基于源的密钥IP访问控制绕过漏洞,1
OpenSSH,CVE-2001-1029,FreeBSD 4.4以及之前版本中OpenSSH的libutil在核查阅读版权和欢迎文件功能之前不能下降特权。本地用户通过指定替代版权或者欢迎文件绕过功能检查并读取任意文件。,低危,未知,CNNVD-200109-096,http://www.cnnvd.org.cn/web/xxk/ldxqById.tag?CNNVD=CNNVD-200109-096,,本地,FreeBSD OpenSSH libutil读取任意文漏洞,1
OpenSSH,CVE-2001-0872,OpenSSH 3.0.1及其早期版本存在漏洞。当UseLogin有效时，该软件不能正确的净化关键环境变量如：D_PRELOAD，本地用户利用该漏洞提升根特权。,高危,输入验证,CNNVD-200112-123,http://www.cnnvd.org.cn/web/xxk/ldxqById.tag?CNNVD=CNNVD-200112-123,"Update available:
OpenBSD OpenSSH 1.2.3",本地,OpenSSH UseLogin环境变量传递漏洞,1
OpenSSH,CVE-2001-0816,OpenSSH 2.9.9版本在使用sftp-server和受限制的keypairs运行时存在漏洞。远程认证用户使用sftp命令绕过authorized_keys2命令限制。,高危,未知,CNNVD-200112-009,http://www.cnnvd.org.cn/web/xxk/ldxqById.tag?CNNVD=CNNVD-200112-009,,远程,OpenSSH漏洞,1
OpenSSH,CVE-2001-0529,OpenSSH 2.9及其早期版本存在漏洞。当X转送启用时，本地攻击者借助一个符号链接攻击删除任意文件名'cookies'。,高危,未知,CNNVD-200108-047,http://www.cnnvd.org.cn/web/xxk/ldxqById.tag?CNNVD=CNNVD-200108-047,,本地,OpenSSH删除任意文件名cookies漏洞,1
OpenSSH,CVE-2001-0361,"SSH 1.5版本包含(1) OpenSSH一直到2.3.0版本， (2)AppGate，和(3)ssh-1一直到1.2.31版本的安装启用在某些配置中存在漏洞。远程攻击者借助PKCS＃1 1.5版本的""Bleichenbacher attack""解密和改变通信量。",中危,加密问题,CNNVD-200106-182,http://www.cnnvd.org.cn/web/xxk/ldxqById.tag?CNNVD=CNNVD-200106-182,,远程,SSH安装启用漏洞,1
OpenSSH,CVE-2000-1169,OpenSSH SSH客户端2.3.0之前的版本不正确的禁用X11或代理人转发，恶意SSH服务器利用该漏洞获取X11显示的访问权限且窥探X11事件，或者获取ssh-agent的访问权限。,高危,未知,CNNVD-200101-068,http://www.cnnvd.org.cn/web/xxk/ldxqById.tag?CNNVD=CNNVD-200101-068,,远程,OpenSSH SSH客户端获取X11显示的访问权限且窥探X11事件，或者获取ssh-agent的访问权限漏洞,1
OpenSSH,CVE-2000-0887,"BIND 8.2到8.2.2-P6版本中named存在漏洞。远程攻击者通过制作压缩区域传输（ZXFR）请求并执行一项非缓存的权威性记录名称服务查询，又称为""zxfr bug.""。",中危,未知,CNNVD-200012-149,http://www.cnnvd.org.cn/web/xxk/ldxqById.tag?CNNVD=CNNVD-200012-149,,远程,BIND named漏洞,1
OpenSSH,CVE-2000-0535,FreeBSD的OpenSSL 0.9.4 和OpenSSH不能正确检查/dev/random或/dev/urandom设备的存在性，FreeBSD Alpha缺少这些设备。此漏洞导致设备产生容易破解的弱密钥。,中危,配置错误,CNNVD-200006-053,http://www.cnnvd.org.cn/web/xxk/ldxqById.tag?CNNVD=CNNVD-200006-053,"OpenSSL 0.9.5 added checks to make sure the calls that use (open, read from, etc) the devices work.
FreeBSD corrected the following distributions for the Alpha platform on the dates listed below:
2000-05-10 (4.0-STABLE)
2000-04-28 (5.0-CURRENT)
If you are using a FreeBSD distribution of these versions obtained earlier than the dates shown, you can take the following steps (copied from the advisory):
1a) Upgrade your FreeBSD/Alpha system to FreeBSD 4.0-STABLE after the
correction date.
1b) install the patched 4.0-RELEASE GENERIC kernel available from:
ftp://ftp.freebsd.org/pub/FreeBSD/CERT/patches/SA-00:25/kernel.gz
e.g. perform the following steps as root:
# fetch ftp://ftp.freebsd.org/pub/FreeBSD/CERT/patches/SA-00:25/kernel.gz
# fetch ftp://ftp.freebsd.org/pub/FreeBSD/CERT/patches/SA-00:25/kernel.gz.asc
[ Verify the detached PGP signature using your PGP utility - consult your
utilitys documentation for how to do this ]
# gunzip kernel.gz
# cp /kernel /kernel.old
# chflags noschg /kernel
# cp kernel /kernel
# chflags schg /kernel
1c) Download the kernel source patch and rebuild your FreeBSD/Alpha
kernel, as follows:
# fetch ftp://ftp.freebsd.org/pub/FreeBSD/CERT/patches/SA-00:25/kernel.sys.diff
Download the detached PGP signature:
# fetch ftp://ftp.freebsd.org/pub/FreeBSD/CERT/patches/SA-00:25/kernel.sys.diff.asc
and verify the signature using your PGP utility.
Apply the patch:
# cd /usr/src
# patch -p < /path/to/kernel.sys.diff
Rebuild your kernel as described in
http://www.freebsd.org/handbook/kernelconfig.html
and reboot with the new kernel.
NOTE: Because of the significant improvements to the FreeBSD/Alpha
platform in FreeBSD 4.0, it is not planned at this time to backport
the necessary changes to FreeBSD 3.4-STABLE.
2) Immediately regenerate all OpenSSH-generated SSH keys and
OpenSSL-generated SSL certificates, and any other data relying on
cryptographic random numbers which were generated on FreeBSD/Alpha
systems, whose strength cannot be verified. [Note: for most systems,
the only significant vulnerability is likely to be from OpenSSH and
OpenSSL-generated keys and certificates (e.g. for SSL webservers)]",远程,FreeBSD Alpha端口缺少/dev/random/dev/urandom漏洞,1
OpenSSH,CVE-2000-0525,OpenSSH在用UseLogin选项启动时无法降低权限。本地用户通过向ssh守护程序提供命令可以执行任意命令。,超危,设计错误,CNNVD-200006-039,http://www.cnnvd.org.cn/web/xxk/ldxqById.tag?CNNVD=CNNVD-200006-039,"OpenSSH 2.1.1 is fixed and is not vulnerable to this attack. It can be obtained at:
http://www.openssh.com/ftp.html
The following software distributions have released their respective patched packages at the locations below:
RedHat Linux:
ftp://ftp.redhat.de/pub/rh-addons/security/current
Connectiva Linux:
DIRECT DOWNLOAD LINKS TO UPDATED PACKAGES
ftp://ftp.conectiva.com.br/pub/conectiva/atualizacoes/5.0/i386/openssh-2.1.1p1-1cl.i386.rpm
ftp://ftp.conectiva.com.br/pub/conectiva/atualizacoes/5.0/i386/openssh-askpass-2.1.1p1-1cl.i386.rpm
ftp://ftp.conectiva.com.br/pub/conectiva/atualizacoes/5.0/i386/openssh-askpass-gnome-2.1.1p1-1cl.i386.rpm
ftp://ftp.conectiva.com.br/pub/conectiva/atualizacoes/5.0/i386/openssh-clients-2.1.1p1-1cl.i386.rpm
ftp://ftp.conectiva.com.br/pub/conectiva/atualizacoes/5.0/i386/openssh-server-2.1.1p1-1cl.i386.rpm
ftp://ftp.conectiva.com.br/pub/conectiva/atualizacoes/5.0/i386/openssl-0.9.5a-1cl.i386.rpm
ftp://ftp.conectiva.com.br/pub/conectiva/atualizacoes/5.0/i386/openssl-devel-0.9.5a-1cl.i386.rpm
DIRECT LINK TO THE SOURCE PACKAGE
ftp://ftp.conectiva.com.br/pub/conectiva/atualizacoes/5.0/SRPMS/openssh-2.1.1p1-1cl.src.rpm
ftp://ftp.conectiva.com.br/pub/conectiva/atualizacoes/5.0/SRPMS/openssl-0.9.5a-1cl.src.rpm
FreeBSD:
Versions of FreeBSD 4 and 5, released after June 11, 2000 contain a version of OpenSSH that is not vulnerable to this problem. For those users who do not want to download and install the latest version of OpenSSH, a patch has been made available.",远程,OpenSSH UseLogin漏洞,1
OpenSSH,CVE-1999-0661,系统运行一个分布点用特洛伊木马代替的软件版本时存在漏洞。软件版本有(1) TCP Wrappers 7.6， (2) util-linux 2.9g， (3) wuarchive ftpd (wuftpd) 2.2 和 2.1f， (4) IRC 客户端 (ircII) ircII 2.2.9， (5) OpenSSH 3.4p1， 或者(6) Sendmail 8.12.6.,超危,未知,CNNVD-199901-016,http://www.cnnvd.org.cn/web/xxk/ldxqById.tag?CNNVD=CNNVD-199901-016,"The vendor has stated that the versions served via HTTP download are not affected, and the valid versions of sendmail for downloaded from
http://www.sendmail.org. They are available from the normal distribution channels and have the following MD5 checksums:
73e18ea78b2386b774963c8472cbd309 sendmail.8.12.6.tar.gz
cebe3fa43731b315908f44889d9d2137 sendmail.8.12.6.tar.Z
8b9c78122044f4e4744fc447eeafef34 sendmail.8.12.6.tar.sig
Additionally, they are signed with the Sendmail Consortium PGP Key.",远程,Sendmail Trojan木马漏洞,1
