CVE-2020-1720,PostgreSQL是PostgreSQL组织的一套自由的对象关系型数据库管理系统。该系统支持大部分SQL标准并且提供了许多其他特性，例如外键、触发器、视图等。PostgreSQL中的‘ALTER ... DEPENDS ON EXTENSION’存在安全漏洞，该漏洞源于子命令未执行授权检查。攻击者可利用该漏洞删除对象（如函数、触发器等），进而导致数据库损坏。以下产品及版本受到影响：PostgreSQL 12.2之前版本，11.7之前版本，10.12之前版本，9.6.17之前版本。,中危,其他,CNNVD-202002-786,http://www.cnnvd.org.cn/web/xxk/ldxqById.tag?CNNVD=CNNVD-202002-786,目前厂商已发布升级补丁以修复漏洞，补丁获取链接：https://www.postgresql.org/about/news/2011/,远程,PostgreSQL 安全漏洞,postgreSQL,1
CVE-2020-1707,Red Hat OpenShift Container Platform是美国红帽（Red Hat）公司的一套可帮助企业在物理、虚拟和公共云基础架构之间开发、部署和管理现有基于容器的应用程序的应用平台。openshift/postgresql-apb 4.3.0之前的4.x.x版本中存在安全漏洞，该漏洞源于/etc/passwd被分配了不正确的权限。攻击者可利用该漏洞修改/etc/passwd，添加用户并提升权限。,高危,其他,CNNVD-202001-946,http://www.cnnvd.org.cn/web/xxk/ldxqById.tag?CNNVD=CNNVD-202001-946,目前厂商暂未发布修复措施解决此安全问题，建议使用此软件的用户随时关注厂商主页或参考网址以获取解决办法：https://www.redhat.com/,本地,Red Hat OpenShift Container Platform openshift/postgresql-apb 安全漏洞,postgreSQL,1
CVE-2020-13692,PostgreSQL JDBC Driver (PgJDBC) 42.2.13之前版本中存在代码问题漏洞。该漏洞源于网络系统或产品的代码开发过程中存在设计或实现不当的问题。,超危,代码问题,CNNVD-202006-453,http://www.cnnvd.org.cn/web/xxk/ldxqById.tag?CNNVD=CNNVD-202006-453,目前厂商已发布升级补丁以修复漏洞，补丁获取链接：https://jdbc.postgresql.org/documentation/changelog.html#version_42.2.13,远程,PostgreSQL JDBC Driver 代码问题漏洞,postgreSQL,1
CVE-2019-9193,PostgreSQL是PostgreSQL组织的一套自由的对象关系型数据库管理系统。该系统支持大部分SQL标准并且提供了许多其他特性，例如外键、触发器、视图等。PostgreSQL 9.3至11.2版本中的导入导出数据命令‘COPY TO/FROM PROGRAM’存在操作系统命令注入漏洞。攻击者可利用该漏洞获取数据库超级用户权限，从而执行任意系统命令。,高危,操作系统命令注入,CNNVD-201903-1125,http://www.cnnvd.org.cn/web/xxk/ldxqById.tag?CNNVD=CNNVD-201903-1125,目前厂商暂未发布修复措施解决此安全问题，建议使用此软件的用户随时关注厂商主页或参考网址以获取解决办法：https://www.postgresql.org/,远程,PostgreSQL 操作系统命令注入漏洞,postgreSQL,1
CVE-2019-3466,PostgreSQL是PostgreSQL组织的一套自由的对象关系型数据库管理系统。该系统支持大部分SQL标准并且提供了许多其他特性，例如外键、触发器、视图等。postgresql-common是PostgreSQL的一个通用软件包。postgresql-common 210之前版本中的pg_ctlcluster脚本存在安全漏洞。该漏洞源于postgresql-common pg_ctlcluster脚本没有正确处理目录的创建。本地攻击者可利用该漏洞提升权限。,中危,其他,CNNVD-201911-1022,http://www.cnnvd.org.cn/web/xxk/ldxqById.tag?CNNVD=CNNVD-201911-1022,目前厂商已发布升级补丁以修复漏洞，详情请关注厂商主页：https://www.postgresql.org/,本地,postgresql-common 安全漏洞,postgreSQL,1
CVE-2019-10211,PostgreSQL是PostgreSQL组织的一套自由的对象关系型数据库管理系统。该系统支持大部分SQL标准并且提供了许多其他特性，例如外键、触发器、视图等。PostgreSQL 9.4至11版本中的EnterpriseDB Windows安装程序存在安全漏洞。攻击者可利用该漏洞加载或并执行代码。,超危,输入验证错误,CNNVD-201908-596,http://www.cnnvd.org.cn/web/xxk/ldxqById.tag?CNNVD=CNNVD-201908-596,目前厂商已发布升级补丁以修复漏洞，补丁获取链接：https://www.postgresql.org/about/news/1960/,远程,PostgreSQL 输入验证错误漏洞,postgreSQL,1
CVE-2019-10210,PostgreSQL是PostgreSQL组织的一套自由的对象关系型数据库管理系统。该系统支持大部分SQL标准并且提供了许多其他特性，例如外键、触发器、视图等。PostgreSQL 9.4至11版本中存在安全漏洞，该漏洞源于Windows安装程序将超级用户写入到未被保护的临时文件中。本地攻击者可利用该漏洞读取超级用户密码。,高危,输入验证错误,CNNVD-201908-600,http://www.cnnvd.org.cn/web/xxk/ldxqById.tag?CNNVD=CNNVD-201908-600,目前厂商已发布升级补丁以修复漏洞，补丁获取链接：https://www.postgresql.org/about/news/1960/,本地,PostgreSQL 输入验证错误漏洞,postgreSQL,1
CVE-2019-10209,PostgreSQL是PostgreSQL组织的一套自由的对象关系型数据库管理系统。该系统支持大部分SQL标准并且提供了许多其他特性，例如外键、触发器、视图等。PostgreSQL 11版本中存在安全漏洞。攻击者可利用该漏洞读取服务器内存的任意内容。,低危,信息泄露,CNNVD-201908-603,http://www.cnnvd.org.cn/web/xxk/ldxqById.tag?CNNVD=CNNVD-201908-603,目前厂商已发布升级补丁以修复漏洞，补丁获取链接：https://www.postgresql.org/about/news/1960/,远程,PostgreSQL 信息泄露漏洞,postgreSQL,1
CVE-2019-10208,PostgreSQL是PostgreSQL组织的一套自由的对象关系型数据库管理系统。该系统支持大部分SQL标准并且提供了许多其他特性，例如外键、触发器、视图等。PostgreSQL中存在SQL注入漏洞。攻击者可利用该漏洞执行任意的SQL语句。以下产品及版本受到影响：PostgreSQL 9.4.24之前的9.4.x版本，9.5.19之前的9.5.x版本，9.6.15之前的9.6.x版本，10.10之前的10.x版本，11.5之前的11.x版本。,高危,SQL注入,CNNVD-201908-606,http://www.cnnvd.org.cn/web/xxk/ldxqById.tag?CNNVD=CNNVD-201908-606,目前厂商已发布升级补丁以修复漏洞，补丁获取链接：https://www.postgresql.org/about/news/1960/,远程,PostgreSQL SQL注入漏洞,postgreSQL,1
CVE-2019-10164,PostgreSQL是PostgreSQL组织的一套自由的对象关系型数据库管理系统。该系统支持大部分SQL标准并且提供了许多其他特性，例如外键、触发器、视图等。PostgreSQL 11版本和10版本中存在安全漏洞，该漏洞源于程序没有正确处理身份验证。攻击者可利用该漏洞造成PostgreSQL崩溃，导致拒绝服务或执行任意代码。,高危,缓冲区错误,CNNVD-201906-832,http://www.cnnvd.org.cn/web/xxk/ldxqById.tag?CNNVD=CNNVD-201906-832,目前厂商已发布升级补丁以修复漏洞，补丁获取链接：https://www.postgresql.org/about/news/1949/,远程,PostgreSQL 缓冲区错误漏洞,postgreSQL,1
CVE-2019-10130,PostgreSQL是PostgreSQL组织的一套自由的对象关系型数据库管理系统。该系统支持大部分SQL标准并且提供了许多其他特性，例如外键、触发器、视图等。PostgreSQL 9.6版本中存在安全漏洞。攻击者可利用该漏洞绕过安全策略。,低危,其他,CNNVD-201905-243,http://www.cnnvd.org.cn/web/xxk/ldxqById.tag?CNNVD=CNNVD-201905-243,目前厂商已发布升级补丁以修复漏洞，补丁获取链接：https://www.postgresql.org/about/news/1939/,远程,PostgreSQL 安全漏洞,postgreSQL,1
CVE-2019-10129,PostgreSQL是PostgreSQL组织的一套自由的对象关系型数据库管理系统。该系统支持大部分SQL标准并且提供了许多其他特性，例如外键、触发器、视图等。PostgreSQL 11.3之前的11.x版本中存在安全漏洞。攻击者可通过执行特制的INSERT声明利用该漏洞读取服务器内存。,中危,信息泄露,CNNVD-201905-333,http://www.cnnvd.org.cn/web/xxk/ldxqById.tag?CNNVD=CNNVD-201905-333,目前厂商已发布升级补丁以修复漏洞，补丁获取链接：https://www.postgresql.org/about/news/1939/,远程,PostgreSQL 信息泄露漏洞,postgreSQL,1
CVE-2018-16850,PostgreSQL是PostgreSQL开发组所研发的一套自由的对象关系型数据库管理系统。该系统支持大部分SQL标准并且提供了许多其他特性，例如外键、触发器、视图等。,超危,SQL注入,CNNVD-201811-207,http://www.cnnvd.org.cn/web/xxk/ldxqById.tag?CNNVD=CNNVD-201811-207,目前厂商已发布升级补丁以修复漏洞，补丁获取链接：https://www.postgresql.org/about/news/1905/,远程,PostgreSQL SQL注入漏洞,postgreSQL,1
CVE-2018-10936,postgresql-jdbc是一个数据库驱动程序。,高危,资料不足,CNNVD-201808-999,http://www.cnnvd.org.cn/web/xxk/ldxqById.tag?CNNVD=CNNVD-201808-999,目前厂商已发布升级补丁以修复漏洞，补丁获取链接：https://www.postgresql.org/about/news/1883/,远程,postgresql-jdbc 安全漏洞,postgreSQL,1
CVE-2018-10925,PostgreSQL是PostgreSQL开发组所研发的一套自由的对象关系型数据库管理系统。该系统支持大部分SQL标准并且提供了许多其他特性，例如外键、触发器、视图等。,高危,资料不足,CNNVD-201808-263,http://www.cnnvd.org.cn/web/xxk/ldxqById.tag?CNNVD=CNNVD-201808-263,目前厂商已发布升级补丁以修复漏洞，补丁获取链接：https://www.postgresql.org/about/news/1878/,远程,PostgreSQL 安全漏洞,postgreSQL,1
CVE-2018-10915,PostgreSQL是PostgreSQL组织的一套自由的对象关系型数据库管理系统。该系统支持大部分SQL标准并且提供了许多其他特性，例如外键、触发器、视图等。PostgreSQL中存在SQL注入漏洞。该漏洞源于基于数据库的应用缺少对外部输入SQL语句的验证。攻击者可利用该漏洞执行非法SQL命令。以下产品及版本受到影响：Postgresql 10.5之前版本，9.6.10之前版本，9.5.14之前版本，9.4.19之前版本，9.3.24之前版本。,高危,SQL注入,CNNVD-201808-266,http://www.cnnvd.org.cn/web/xxk/ldxqById.tag?CNNVD=CNNVD-201808-266,目前厂商已发布升级补丁以修复漏洞，补丁获取链接：https://www.postgresql.org/about/news/1878/,远程,PostgreSQL SQL注入漏洞,postgreSQL,1
CVE-2018-1058,Netgain Enterprise Manager（EM）是新加坡网利系统（NetGain Systems）公司的一套IT资产监控管理软件。NetGain EM 10.0.57之前版本中存在操作系统命令注入漏洞。远程攻击者可利用该漏洞执行任意代码。,超危,操作系统命令注入,CNNVD-201811-009,http://www.cnnvd.org.cn/web/xxk/ldxqById.tag?CNNVD=CNNVD-201811-009,目前厂商已发布升级补丁以修复漏洞，详情请关注厂商主页：http://www.netgain-systems.com.cn/,远程,Netgain Enterprise Manager 操作系统命令注入漏洞,postgreSQL,1
CVE-2017-8806,Ubuntu是英国科能（Canonical）公司和Ubuntu基金会共同开发的一套以桌面应用为主的GNU/Linux操作系统。Debian postgresql-common package是一个使用在Linux中的关系型数据库集群管理软件包。pg_ctlcluster、pg_createcluster和pg_upgradecluster都是其中的脚本。Debian postgresql-common包181+deb9u1之前的版本和Ubuntu中的postgresql-common包的Debian pg_ctlcluster、pg_createcluster和pg_upgradecluster脚本存在安全漏洞。本地攻击者可通过覆盖任意文件利用该漏洞造成拒绝服务。以下版本受到影响：Ubuntu 17.10版本，17.04版本，16.04 LTS版本，14.04 LTS版本。,低危,后置链接,CNNVD-201705-352,http://www.cnnvd.org.cn/web/xxk/ldxqById.tag?CNNVD=CNNVD-201705-352,目前厂商已发布升级补丁以修复漏洞，补丁获取链接：https://www.debian.org/security/2017/dsa-4029,本地,Debian postgresql-common包和Ubuntu postgresql-common包安全漏洞,postgreSQL,1
CVE-2017-7548,PostgreSQL是PostgreSQL开发组所研发的一套自由的对象关系型数据库管理系统。该系统支持大部分SQL标准并且提供了许多其他特性，例如外键、触发器、视图等。,高危,资料不足,CNNVD-201704-327,http://www.cnnvd.org.cn/web/xxk/ldxqById.tag?CNNVD=CNNVD-201704-327,目前厂商已发布升级补丁以修复漏洞，补丁获取链接：https://www.postgresql.org/about/news/1772/,远程,PostgreSQL 安全漏洞,postgreSQL,1
CVE-2017-7547,PostgreSQL是PostgreSQL开发组所研发的一套自由的对象关系型数据库管理系统。该系统支持大部分SQL标准并且提供了许多其他特性，例如外键、触发器、视图等。,高危,资料不足,CNNVD-201704-328,http://www.cnnvd.org.cn/web/xxk/ldxqById.tag?CNNVD=CNNVD-201704-328,目前厂商已发布升级补丁以修复漏洞，补丁获取链接：https://www.postgresql.org/about/news/1772/,远程,PostgreSQL 安全漏洞,postgreSQL,1
CVE-2017-7546,PostgreSQL是PostgreSQL开发组所研发的一套自由的对象关系型数据库管理系统。该系统支持大部分SQL标准并且提供了许多其他特性，例如外键、触发器、视图等。,超危,授权问题,CNNVD-201704-329,http://www.cnnvd.org.cn/web/xxk/ldxqById.tag?CNNVD=CNNVD-201704-329,目前厂商已发布升级补丁以修复漏洞，补丁获取链接：https://www.postgresql.org/about/news/1772/,远程,PostgreSQL 安全漏洞,postgreSQL,1
CVE-2017-7513,Red Hat Satellite是美国红帽（Red Hat）公司的一套系统管理平台，可用于扩展Linux基础架构，并提供系统管理功能，如管理、配置和监控。,中危,信任管理问题,CNNVD-201808-748,http://www.cnnvd.org.cn/web/xxk/ldxqById.tag?CNNVD=CNNVD-201808-748,目前厂商暂未发布修复措施解决此安全问题，建议使用此软件的用户随时关注厂商主页或参考网址以获取解决办法：https://www.redhat.com/,远程,Red Hat Satellite 安全漏洞,postgreSQL,1
CVE-2017-7486,PostgreSQL是PostgreSQL开发组所研发的一套自由的对象关系型数据库管理系统。该系统支持大部分SQL标准并且提供了许多其他特性，例如外键、触发器、视图等。PostgreSQL 8.4版本至9.6版本中的pg_user_mappings视图存在信息泄露漏洞。攻击者可利用该漏洞获取外部服务器密码。,中危,信息泄露,CNNVD-201705-723,http://www.cnnvd.org.cn/web/xxk/ldxqById.tag?CNNVD=CNNVD-201705-723,目前厂商已经发布了升级补丁以修复此安全问题，补丁获取链接：https://www.postgresql.org/about/news/1746/,远程,PostgreSQL 信息泄露漏洞,postgreSQL,1
CVE-2017-7485,PostgreSQL是PostgreSQL开发组所研发的一套自由的对象关系型数据库管理系统。该系统支持大部分SQL标准并且提供了许多其他特性，例如外键、触发器、视图等。,中危,加密问题,CNNVD-201705-724,http://www.cnnvd.org.cn/web/xxk/ldxqById.tag?CNNVD=CNNVD-201705-724,目前厂商已经发布了升级补丁以修复此安全问题，补丁获取链接：https://www.postgresql.org/about/news/1746/,远程,PostgreSQL 安全漏洞,postgreSQL,1
CVE-2017-7484,PostgreSQL是PostgreSQL开发组所研发的一套自由的对象关系型数据库管理系统。该系统支持大部分SQL标准并且提供了许多其他特性，例如外键、触发器、视图等。PostgreSQL中的选择性评估函数存在安全漏洞，该漏洞源于在提交pg_statistic信息之前，程序没有验证用户权限。攻击者可利用该漏洞获取表格中的敏感信息。以下版本受到影响：PostgreSQL 9.2.21之前的版本，9.3.17之前的9.3.x版本，9.4.12之前的9.4.x版本，9.5.7之前的9.5.x版本，9.6.3之前的9.6.x版本。,中危,信息泄露,CNNVD-201705-725,http://www.cnnvd.org.cn/web/xxk/ldxqById.tag?CNNVD=CNNVD-201705-725,目前厂商已经发布了升级补丁以修复此安全问题，补丁获取链接：https://www.postgresql.org/about/news/1746/,远程,PostgreSQL 信息泄露漏洞,postgreSQL,1
CVE-2017-18359,PostGIS是一款使用在PostgreSQL中的扩展，它能够将地理对象的支持添加到PostgreSQL对象关系数据库中。,高危,输入验证错误,CNNVD-201901-907,http://www.cnnvd.org.cn/web/xxk/ldxqById.tag?CNNVD=CNNVD-201901-907,目前厂商已发布升级补丁以修复漏洞，补丁获取链接：https://trac.osgeo.org/postgis/ticket/3704,远程,PostGIS 安全漏洞,postgreSQL,1
CVE-2017-15099,PostgreSQL是PostgreSQL开发组所研发的一套自由的对象关系型数据库管理系统。该系统支持大部分SQL标准并且提供了许多其他特性，例如外键、触发器、视图等。PostgreSQL中存在安全绕过漏洞。远程攻击者可利用该漏洞绕过安全限制，执行未授权的操作。以下版本受到影响：PostgreSQL 10.1之前的10.x版本，9.6.6之前的9.6.x版本，9.5.10之前的9.5.x版本。,中危,信息泄露,CNNVD-201711-345,http://www.cnnvd.org.cn/web/xxk/ldxqById.tag?CNNVD=CNNVD-201711-345,目前厂商已发布升级补丁以修复漏洞，补丁获取链接：https://www.postgresql.org/about/news/1801/,远程,PostgreSQL 安全漏洞,postgreSQL,1
CVE-2017-15098,PostgreSQL是PostgreSQL开发组所研发的一套自由的对象关系型数据库管理系统。该系统支持大部分SQL标准并且提供了许多其他特性，例如外键、触发器、视图等。PostgreSQL中存在内存损坏漏洞。远程攻击者可利用该漏洞造成拒绝服务（服务器崩溃）或获取服务器内存的字节。以下版本受到影响：PostgreSQL 10.1之前的10.x版本，9.6.6之前的9.6.x版本，9.5.10之前的9.5.x版本，9.4.15之前的9.4.x版本，9.3.20之前的9.3.x版本。,中危,信息泄露,CNNVD-201711-344,http://www.cnnvd.org.cn/web/xxk/ldxqById.tag?CNNVD=CNNVD-201711-344,目前厂商已发布升级补丁以修复漏洞，补丁获取链接：https://www.postgresql.org/about/news/1801/,远程,PostgreSQL 安全漏洞,postgreSQL,1
CVE-2017-15097,PostgreSQL是PostgreSQL组织的一套自由的对象关系型数据库管理系统。该系统支持大部分SQL标准并且提供了许多其他特性，例如外键、触发器、视图等。PostgreSQL中的Red Hat初始化脚本存在后置链接漏洞。该漏洞源于网络系统或产品未正确过滤表示非预期资源的链接或者快捷方式的文件名。攻击者可利用该漏洞访问非法的文件路径。以下产品和版本受到影响：Red Hat Enterprise Linux Desktop 7.0版本；Enterprise Linux EUS 7.4版本，7.5版本；Enterprise Linux Server 7.0版本；Enterprise Linux Server - AUS 7.4版本；Enterprise Linux Workstation 7.0版本。,中危,后置链接,CNNVD-201807-1918,http://www.cnnvd.org.cn/web/xxk/ldxqById.tag?CNNVD=CNNVD-201807-1918,目前厂商已发布升级补丁以修复漏洞，补丁获取链接：https://bugzilla.redhat.com/show_bug.cgi?id=CVE-2017-15097,本地,PostgreSQL 后置链接漏洞,postgreSQL,1
CVE-2017-12172,PostgreSQL是PostgreSQL开发组所研发的一套自由的对象关系型数据库管理系统。该系统支持大部分SQL标准并且提供了许多其他特性，例如外键、触发器、视图等。,中危,后置链接,CNNVD-201711-539,http://www.cnnvd.org.cn/web/xxk/ldxqById.tag?CNNVD=CNNVD-201711-539,目前厂商已发布升级补丁以修复漏洞，补丁获取链接：https://www.postgresql.org/about/news/1801/,本地,PostgreSQL 安全漏洞,postgreSQL,1
CVE-2016-7048,PostgreSQL是PostgreSQL开发组织所研发的一套自由的对象关系型数据库管理系统。该系统支持大部分SQL标准并且提供了许多其他特性，例如外键、触发器、视图等。,超危,资料不足,CNNVD-201808-584,http://www.cnnvd.org.cn/web/xxk/ldxqById.tag?CNNVD=CNNVD-201808-584,目前厂商已发布升级补丁以修复漏洞，补丁获取链接：https://www.postgresql.org/support/security/,远程,PostgreSQL 安全漏洞,postgreSQL,1
CVE-2016-5424,PostgreSQL是PostgreSQL开发组所研发的一套自由的对象关系型数据库管理系统。该系统支持大部分SQL标准并且提供了许多其他特性，例如外键、触发器、视图等。PostgreSQL中存在安全漏洞。远程攻击者可借助被错误处理的数据库或角色名中的（1）(double quote)（2）＼ (backslash)（3）carriage return或（4）newline character利用该漏洞获取特殊的权限。以下版本受到影响：PostgreSQL 9.1.23版本，9.2.18之前的9.2.x版本，9.3.14之前的9.3.x版本，9.4.9之前的9.4.x版本，9.5.4之前的9.5.x版本。,中危,代码注入,CNNVD-201608-292,http://www.cnnvd.org.cn/web/xxk/ldxqById.tag?CNNVD=CNNVD-201608-292,目前厂商已经发布了升级补丁以修复此安全问题，补丁获取链接：https://www.postgresql.org/about/news/1688/,远程,PostgreSQL 本地提权漏洞,postgreSQL,1
CVE-2016-5423,PostgreSQL是PostgreSQL开发组所研发的一套自由的对象关系型数据库管理系统。该系统支持大部分SQL标准并且提供了许多其他特性，例如外键、触发器、视图等。PostgreSQL中存在安全漏洞。远程攻击者可通过借助一个CASE表达式或SQL函数的代码嵌入利用该漏洞获取敏感的内存信息或执行任意代码。以下版本受到影响：PostgreSQL 9.1.23版本，9.2.18之前的9.2.x版本，9.3.14之前的9.3.x版本，9.4.9之前的9.4.x版本，9.5.4之前的9.5.x版本。,中危,其他,CNNVD-201608-280,http://www.cnnvd.org.cn/web/xxk/ldxqById.tag?CNNVD=CNNVD-201608-280,目前厂商已经发布了升级补丁以修复此安全问题，补丁获取链接：https://www.postgresql.org/about/news/1688/,远程,PostgreSQL 远程代码执行漏洞,postgreSQL,1
CVE-2016-3480,Oracle Sun Systems Products Suite是美国甲骨文（Oracle）公司的一款Sun系统产品套件。Solaris Cluster是其中的一个为Oracle Sun Solaris操作系统提供的企业级集群组件。Oracle Sun Systems Products Suite 3.3和4.3版本中的Solaris Cluster组件中的HA for Postgresql子组件存在安全漏洞。本地攻击者可利用该漏洞读取数据，影响数据的保密性。,中危,资料不足,CNNVD-201607-677,http://www.cnnvd.org.cn/web/xxk/ldxqById.tag?CNNVD=CNNVD-201607-677,目前厂商已经发布了升级补丁以修复此安全问题，补丁获取链接：http://www.oracle.com/technetwork/security-advisory/cpujul2016-2881720.html,本地,Oracle Sun Systems Products Suite Solaris Cluster组件安全漏洞,postgreSQL,1
CVE-2016-3065,PostgreSQL是PostgreSQL开发组所研发的一套自由的对象关系型数据库管理系统。该系统支持大部分SQL标准并且提供了许多其他特性，例如外键、触发器、视图等。PostgreSQL 9.5.2之前9.5.x版本的pageinspect扩展中的‘brin_page_type’函数和‘brin_metapage_info’函数中存在安全漏洞。攻击者可借助BRIN索引页中特制的bytea值利用该漏洞绕过既定的访问限制，获取敏感的服务器内存信息，或造成拒绝服务（服务器崩溃）。,高危,权限许可和访问控制,CNNVD-201604-175,http://www.cnnvd.org.cn/web/xxk/ldxqById.tag?CNNVD=CNNVD-201604-175,目前厂商已经发布了升级补丁以修复此安全问题，补丁获取链接：http://www.postgresql.org/about/news/1656/,远程,PostgreSQL pageinspect扩展安全漏洞,postgreSQL,1
CVE-2016-2193,PostgreSQL是PostgreSQL开发组所研发的一套自由的对象关系型数据库管理系统。该系统支持大部分SQL标准并且提供了许多其他特性，例如外键、触发器、视图等。PostgreSQL 9.5.2之前9.5.x版本中存在安全漏洞，该漏洞源于程序没有正确维持plancache中的row-security状态。攻击者可借助作为多个角色执行查询的会话利用该漏洞绕过既定的访问限制。,中危,权限许可和访问控制,CNNVD-201604-174,http://www.cnnvd.org.cn/web/xxk/ldxqById.tag?CNNVD=CNNVD-201604-174,目前厂商已经发布了升级补丁以修复此安全问题，补丁获取链接：http://www.postgresql.org/about/news/1656/,远程,PostgreSQL 安全绕过漏洞,postgreSQL,1
CVE-2016-2192,PostgreSQL PL/Java是PostgreSQL开发组所研发的一个可以在数据库中使用Java代码编写存储过程、触发器和函数的开源项目。PostgreSQL PL/Java 1.4.3及之前的版本中存在安全漏洞。远程攻击者可利用该漏洞更改类型映射。,中危,资料不足,CNNVD-201706-180,http://www.cnnvd.org.cn/web/xxk/ldxqById.tag?CNNVD=CNNVD-201706-180,目前厂商已发布升级补丁以修复漏洞，补丁获取链接：https://tada.github.io/pljava/releasenotes.html,远程,PostgreSQL PL/Java 安全漏洞,postgreSQL,1
CVE-2016-1255,Debian是Debian Project合作组织创建的以Linux或FreeBSD为内核的自由操作系统。wheezy、jessie和unstable都是Debian的分支版本。Ubuntu是英国科能（Canonical）公司和Ubuntu基金会共同开发的一套以桌面应用为主的GNU/Linux操作系统。postgresql-common package是一个使用在Linux中的PostgresSQL数据库集群管理器。多款产品中的postgresql-common包的pg_ctlcluster脚本存在安全漏洞。本地攻击者可通过对/var/log/postgresql中的日志文件实施符号链接攻击利用该漏洞获取root权限。以下产品和版本受到影响：Debian wheezy 134wheezy5之前的版本；Debian jessie 165+deb8u2之前的版本；Debian unstable 178之前的版本；Ubuntu  129ubuntu1.2之前的2.04 LTS版本；Ubuntu 154ubuntu1.1之前的14.04版本；Ubuntu 173ubuntu0.1之前的16.04版本；Ubuntu 179ubuntu0.1之前的17.04版本；Ubuntu 184ubuntu1.1之前的17.10版本。,高危,后置链接,CNNVD-201712-095,http://www.cnnvd.org.cn/web/xxk/ldxqById.tag?CNNVD=CNNVD-201712-095,目前厂商已发布升级补丁以修复漏洞，补丁获取链接：https://usn.ubuntu.com/usn/USN-3476-2/,本地,多款产品postgresql-common包安全漏洞,postgreSQL,1
CVE-2016-0773,PostgreSQL是PostgreSQL开发组所研发的一套自由的对象关系型数据库管理系统。该系统支持大部分SQL标准并且提供了许多其他特性，例如外键、触发器、视图等。PostgreSQL中存在安全漏洞。远程攻击者可借助正则表达式中较大的Unicode字符范围利用该漏洞造成拒绝服务（无限循环或缓冲区溢出和崩溃）。以下版本受到影响：PostgreSQL 9.1.20之前版本，9.2.15之前9.2.x版本，9.3.11之前9.3.x版本，9.4.6之前9.4.x版本，9.5.1之前9.5.x版本。,中危,缓冲区溢出,CNNVD-201602-318,http://www.cnnvd.org.cn/web/xxk/ldxqById.tag?CNNVD=CNNVD-201602-318,目前厂商已经发布了升级补丁以修复此安全问题，补丁获取链接：http://www.postgresql.org/about/news/1644/,远程,PostgreSQL 拒绝服务漏洞,postgreSQL,1
CVE-2016-0768,PostgreSQL PL/Java是PostgreSQL开发组所研发的一个可以在数据库中使用Java代码编写存储过程、触发器和函数的开源项目。PostgreSQL PL/Java 9.0及之前的版本中存在安全漏洞。攻击者可利用该漏洞访问任意对象。,中危,资料不足,CNNVD-201706-181,http://www.cnnvd.org.cn/web/xxk/ldxqById.tag?CNNVD=CNNVD-201706-181,目前厂商已发布升级补丁以修复漏洞，补丁获取链接：https://tada.github.io/pljava/releasenotes.html,远程,PostgreSQL PL/Java 安全漏洞,postgreSQL,1
CVE-2016-0767,PostgreSQL PL/Java是PostgreSQL开发组所研发的一个可以在数据库中使用Java代码编写存储过程、触发器和函数的开源项目。PostgreSQL PL/Java 1.4.3及之前的版本中存在安全漏洞。远程攻击者可利用该漏洞执行未授权操作。,中危,资料不足,CNNVD-201706-182,http://www.cnnvd.org.cn/web/xxk/ldxqById.tag?CNNVD=CNNVD-201706-182,目前厂商已发布升级补丁以修复漏洞，补丁获取链接：https://tada.github.io/pljava/releasenotes.html,远程,PostgreSQL PL/Java 安全漏洞,postgreSQL,1
CVE-2016-0766,PostgreSQL是PostgreSQL开发组所研发的一套自由的对象关系型数据库管理系统。该系统支持大部分SQL标准并且提供了许多其他特性，例如外键、触发器、视图等。,超危,权限许可和访问控制问题,CNNVD-201602-317,http://www.cnnvd.org.cn/web/xxk/ldxqById.tag?CNNVD=CNNVD-201602-317,目前厂商已经发布了升级补丁以修复此安全问题，补丁获取链接：http://www.postgresql.org/about/news/1644/,远程,PostgreSQL 安全漏洞,postgreSQL,1
CVE-2015-5289,PostgreSQL是PostgreSQL开发组所研发的一套自由的对象关系型数据库管理系统。该系统支持大部分SQL标准并且提供了许多其他特性，例如外键、触发器、视图等。PostgreSQL的json解析中存在基于栈的缓冲区溢出漏洞。攻击者可借助用户输入的‘json’或‘jsonb’值利用该漏洞造成拒绝服务（服务器崩溃）。,中危,缓冲区溢出,CNNVD-201510-597,http://www.cnnvd.org.cn/web/xxk/ldxqById.tag?CNNVD=CNNVD-201510-597,目前厂商已经发布了升级补丁以修复此安全问题，补丁获取链接：http://www.postgresql.org/about/news/1615/,远程,PostgreSQL 基于栈的缓冲区溢出漏洞,postgreSQL,1
CVE-2015-5288,PostgreSQL是PostgreSQL开发组所研发的一套自由的对象关系型数据库管理系统。该系统支持大部分SQL标准并且提供了许多其他特性，例如外键、触发器、视图等。PostgreSQL的contrib/pgcrypto URI中的‘crypt’函数存在安全漏洞。攻击者可借助较短的‘salt’参数利用该漏洞造成拒绝服务（服务器崩溃），或读取服务器内存。以下版本受到影响：PostgreSQL 9.0.23之前版本，9.1.19之前9.1.x版本，9.2.14之前9.2.x版本，9.3.10之前9.3.x版本，9.4.5之前9.4.x版本。,中危,信息泄露,CNNVD-201510-596,http://www.cnnvd.org.cn/web/xxk/ldxqById.tag?CNNVD=CNNVD-201510-596,目前厂商已经发布了升级补丁以修复此安全问题，补丁获取链接：http://www.postgresql.org/about/news/1615/,远程,PostgreSQL 拒绝服务漏洞,postgreSQL,1
CVE-2015-4644,PHP（PHP：Hypertext Preprocessor，PHP：超文本预处理器）是PHP Group和开放源代码社区共同维护的一种开源的通用计算机脚本语言。PostgreSQL（又名pgsql）是其中的一个对象关系型数据库管理系统扩展组件。,高危,其他,CNNVD-201506-415,http://www.cnnvd.org.cn/web/xxk/ldxqById.tag?CNNVD=CNNVD-201506-415,目前厂商已经发布了升级补丁以修复此安全问题，补丁获取链接：https://bugs.php.net/bug.php?id=69667,远程,PHP PostgreSQL扩展拒绝服务漏洞,postgreSQL,1
CVE-2015-3167,PostgreSQL是PostgreSQL组织的一套自由的对象关系型数据库管理系统。该系统支持大部分SQL标准并且提供了许多其他特性，例如外键、触发器、视图等。PostgreSQL中的contrib/pgcrypto存在安全漏洞。攻击者可通过暴力破解攻击利用该漏洞获取密钥。以下产品及版本受到影响：PostgreSQL 9.0.20之前版本，9.1.16之前的9.1.x版本，9.2.11之前的9.2.x版本，9.3.7之前的9.3.x版本，9.4.2之前的9.4.x版本。,高危,信息泄露,CNNVD-201505-501,http://www.cnnvd.org.cn/web/xxk/ldxqById.tag?CNNVD=CNNVD-201505-501,目前厂商已发布升级补丁以修复漏洞，详情请关注厂商主页：http://www.postgresql.org,远程,PostgreSQL 信息泄露漏洞,postgreSQL,1
CVE-2015-3166,PostgreSQL是PostgreSQL组织的一套自由的对象关系型数据库管理系统。该系统支持大部分SQL标准并且提供了许多其他特性，例如外键、触发器、视图等。PostgreSQL中的snprintf函数实现存在安全漏洞。该漏洞源于程序没有正确处理系统调用错误。攻击者可利用该漏洞获取敏感信息或造成其他影响（如内存不足）。以下产品及版本受到影响：PostgreSQL 9.0.20之前版本，9.1.16之前的9.1.x版本，9.2.11之前的9.2.x版本，9.3.7之前的9.3.x版本，9.4.2之前的9.4.x版本。,超危,缓冲区错误,CNNVD-201505-500,http://www.cnnvd.org.cn/web/xxk/ldxqById.tag?CNNVD=CNNVD-201505-500,目前厂商已发布升级补丁以修复漏洞，详情请关注厂商主页：http://www.postgresql.org,远程,PostgreSQL 缓冲区错误漏洞,postgreSQL,1
CVE-2015-3165,PostgreSQL是PostgreSQL开发组所研发的一套自由的对象关系型数据库管理系统。该系统支持大部分SQL标准并且提供了许多其他特性，例如外键、触发器、视图等。PostgreSQL中存在双重释放漏洞。远程攻击者可通过在身份验证超时期间关闭SSL会话利用该漏洞造成拒绝服务。以下版本受到影响：PostgreSQL 9.0.20之前的版本，9.1.16之前的9.1.x版本，9.2.11之前的9.2.x版本，9.3.7之前的9.3.x版本，9.4.2之前的9.4.x版本。,中危,,CNNVD-201505-491,http://www.cnnvd.org.cn/web/xxk/ldxqById.tag?CNNVD=CNNVD-201505-491,目前厂商已经发布了升级补丁以修复此安全问题，补丁获取链接：http://www.postgresql.org/docs/9.1/static/release-9-1-16.html,远程,PostgreSQL 远程双重释放漏洞,postgreSQL,1
CVE-2015-3156,OpenStack是美国国家航空航天局（National Aeronautics and Space Administration）和美国Rackspace公司合作研发的一个云平台管理项目。Openstack DBaaS是其中的一个数据库服务工具。Openstack 2015.1.0(又名Kilo)之前的版本中的Openstack DBaaS(又名Trove)中存在安全漏洞。本地攻击者可通过实施符号链接攻击利用该漏洞写入配置文件。,低危,后置链接,CNNVD-201708-578,http://www.cnnvd.org.cn/web/xxk/ldxqById.tag?CNNVD=CNNVD-201708-578,目前厂商暂未发布修复措施解决此安全问题，建议使用此软件的用户随时关注厂商主页或参考网址以获取解决办法：https://www.openstack.org/,本地,Openstack DBaaS 安全漏洞,postgreSQL,1
CVE-2015-1455,Fortinet FortiAuthenticator是美国飞塔（Fortinet）公司的系列安全认证软件，它可与FortiToken（双因子认证令牌）结合，向通过RADIUS或LDAP认证的第三方设备提供安全的双因子验证。Fortinet FortiAuthenticator 3.0.0版本中存在安全漏洞，该漏洞源于程序使用默认的密码（slony PostgreSQL用户使用slony密码，www-data PostgreSQL用户使用www-data密码）。远程攻击者可利用该漏洞获取访问权限。,高危,信任管理,CNNVD-201502-059,http://www.cnnvd.org.cn/web/xxk/ldxqById.tag?CNNVD=CNNVD-201502-059,"目前厂商已经发布了升级补丁以修复此安全问题，补丁获取链接：
http://www.fortiguard.com/advisory/FG-IR-15-003/",远程,Fortinet FortiAuthenticator 安全漏洞,postgreSQL,1
CVE-2015-1352,PHP（PHP：Hypertext Preprocessor，PHP：超文本预处理器）是PHP Group和开放源代码社区共同维护的一种开源的通用计算机脚本语言。PostgreSQL（又名pgsql）是其中的一个对象关系型数据库管理系统扩展组件。,中危,其他,CNNVD-201501-212,http://www.cnnvd.org.cn/web/xxk/ldxqById.tag?CNNVD=CNNVD-201501-212,目前厂商已经发布了升级补丁以修复此安全问题，补丁获取链接：https://bugs.php.net/bug.php?id=68741,远程,PHP PostgreSQL扩展拒绝服务漏洞,postgreSQL,1
CVE-2015-0270,Zend Framework（ZF）是美国Zend公司的一套开源的PHP开发框架，它主要用于开发Web程序和服务。PostgreSQL ZendDb adapter是其中的一个PostgreSQL数据库适配器。Zend ZF 2.2.10之前版本和2.3.5之前的2.3.x版本中的PostgreSQL ZendDb adapter存在SQL注入漏洞。该漏洞源于基于数据库的应用缺少对外部输入SQL语句的验证。攻击者可利用该漏洞执行非法SQL命令。,超危,SQL注入,CNNVD-201910-1493,http://www.cnnvd.org.cn/web/xxk/ldxqById.tag?CNNVD=CNNVD-201910-1493,目前厂商已发布升级补丁以修复漏洞，补丁获取链接：https://framework.zend.com/security/advisory/ZF2015-02,远程,Zend Framework PostgreSQL ZendDb adapter SQL注入漏洞,postgreSQL,1
CVE-2015-0244,PostgreSQL是PostgreSQL组织的一套自由的对象关系型数据库管理系统。该系统支持大部分SQL标准并且提供了许多其他特性，例如外键、触发器、视图等。PostgreSQL中存在SQL注入漏洞。攻击者可利用该漏洞绕过安全限制，执行未授权操作。以下版本受到影响：PostgreSQL 8.4版本，9.1版本，9.4版本。,,SQL注入,CNNVD-201502-180,http://www.cnnvd.org.cn/web/xxk/ldxqById.tag?CNNVD=CNNVD-201502-180,目前厂商已经发布了升级补丁以修复此安全问题，补丁获取链接：http://www.postgresql.org/download/,远程,PostgreSQL SQL注入漏洞,postgreSQL,1
CVE-2015-0243,PostgreSQL是PostgreSQL组织的一套自由的对象关系型数据库管理系统。该系统支持大部分SQL标准并且提供了许多其他特性，例如外键、触发器、视图等。PostgreSQL中的contrib/pgcrypto存在缓冲区错误漏洞。远程攻击者可利用该漏洞导致拒绝服务（崩溃）和执行任意代码。以下产品及版本受到影响：PostgreSQL 9.0.19之前版本，9.1.15之前的9.1.x版本，9.2.10之前的9.2.x版本，9.3.6之前的9.3.x版本，9.4.1之前的9.4.x版本。,,缓冲区错误,CNNVD-201502-165,http://www.cnnvd.org.cn/web/xxk/ldxqById.tag?CNNVD=CNNVD-201502-165,目前厂商已经发布了升级补丁以修复此安全问题，补丁获取链接：http://www.postgresql.org/download/,远程,PostgreSQL 缓冲区错误漏洞,postgreSQL,1
CVE-2015-0242,PostgreSQL是PostgreSQL组织的一套自由的对象关系型数据库管理系统。该系统支持大部分SQL标准并且提供了许多其他特性，例如外键、触发器、视图等。PostgreSQL中‘*printf’函数的实现存在缓冲区错误漏洞。远程攻击者可借助高精度的浮点数利用该漏洞导致服务拒绝（崩溃），执行任意代码。以下产品及版本受到影响：PostgreSQL 9.0.19之前版本， 9.1.15之前的9.1.x版本，9.2.10之前的9.2.x版本，9.3.6之前的9.3.x版本，9.4.1之前的9.4.x版本。,高危,缓冲区错误,CNNVD-202001-1166,http://www.cnnvd.org.cn/web/xxk/ldxqById.tag?CNNVD=CNNVD-202001-1166,目前厂商已发布升级补丁以修复漏洞，补丁获取链接：https://www.postgresql.org/about/news/1569/,远程,PostgreSQL 缓冲区错误漏洞,postgreSQL,1
CVE-2015-0241,PostgreSQL是PostgreSQL组织的一套自由的对象关系型数据库管理系统。该系统支持大部分SQL标准并且提供了许多其他特性，例如外键、触发器、视图等。PostgreSQL中的‘to_char’函数存在缓冲区错误漏洞。远程攻击者可利用该漏洞导致拒绝服务（崩溃）和执行任意代码。以下产品及版本受到影响：PostgreSQL 9.0.19之前版本，9.1.15之前的9.1.x版本，9.2.10之前的9.2.x版本，9.3.6之前的9.3.x版本，9.4.1之前的9.4.x版本。,,缓冲区错误,CNNVD-201502-181,http://www.cnnvd.org.cn/web/xxk/ldxqById.tag?CNNVD=CNNVD-201502-181,目前厂商已经发布了升级补丁以修复此安全问题，补丁获取链接：http://www.postgresql.org/download/,远程,PostgreSQL 缓冲区错误漏洞,postgreSQL,1
CVE-2014-8161,PostgreSQL是PostgreSQL组织的一套自由的对象关系型数据库管理系统。该系统支持大部分SQL标准并且提供了许多其他特性，例如外键、触发器、视图等。PostgreSQL中存在安全漏洞。远程攻击者可通过阅读错误消息利用该漏洞获取敏感的列值。以下产品及版本受到影响：PostgreSQL 9.0.19之前版本，9.1.15之前的9.1.x版本，9.2.10之前的9.2.x版本，9.3.6之前的9.3.x版本，9.4.1之前的9.4.x版本。,,其他,CNNVD-201502-182,http://www.cnnvd.org.cn/web/xxk/ldxqById.tag?CNNVD=CNNVD-201502-182,目前厂商已经发布了升级补丁以修复此安全问题，补丁获取链接：http://www.postgresql.org/download/,远程,PostgreSQL 安全漏洞,postgreSQL,1
CVE-2014-2669,PostgreSQL是PostgreSQL开发组所研发的一套自由的对象关系型数据库管理系统。该系统支持大部分SQL标准并且提供了许多其他特性，例如外键、触发器、视图等。PostgreSQL中的contrib/hstore/hstore_io.c文件中的‘hstore_recv’、‘hstore_from_arrays’、‘hstore_from_array’函数和contrib/hstore/hstore_op.c文件中的‘hstoreArrayToPairs’函数存在整数溢出漏洞。攻击者可利用该漏洞获取提升的权限。以下版本受到影响：PostgreSQL 9.0.16之前的9.0.x版本，9.1.12之前的9.1.x版本，9.2.7之前的9.2.x版本，9.3.3之前的9.3.x版本。,中危,数字错误,CNNVD-201403-589,http://www.cnnvd.org.cn/web/xxk/ldxqById.tag?CNNVD=CNNVD-201403-589,目前厂商已经发布了升级补丁以修复此安全问题，补丁获取链接：http://www.postgresql.org/about/news/1506/,远程,PostgreSQL 整数溢出漏洞,postgreSQL,1
CVE-2014-0067,PostgreSQL是PostgreSQL开发组所研发的一套自由的对象关系型数据库管理系统。该系统支持大部分SQL标准并且提供了许多其他特性，例如外键、触发器、视图等。PostgreSQL 9.3.3及之前版本中的测试套件中的‘make check’命令存在安全漏洞。当创建数据库集群时，本地攻击者可通过访问此集群利用该漏洞获取特权。,中危,权限许可和访问控制,CNNVD-201403-587,http://www.cnnvd.org.cn/web/xxk/ldxqById.tag?CNNVD=CNNVD-201403-587,目前厂商已经发布了升级补丁以修复此安全问题，补丁获取链接：http://www.postgresql.org/about/news/1506/,本地,PostgreSQL‘make check’命令权限许可和访问控制漏洞,postgreSQL,1
CVE-2014-0066,PostgreSQL是PostgreSQL开发组所研发的一套自由的对象关系型数据库管理系统。该系统支持大部分SQL标准并且提供了许多其他特性，例如外键、触发器、视图等。PostgreSQL中的chkpass扩展中存在输入验证漏洞，该漏洞源于程序没有正确检查crypt库函数的返回值。远程攻击者可利用该漏洞造成拒绝服务（空指针逆向引用和程序崩溃）。以下版本受到影响：PostgreSQL 8.4.19及之前版本，9.0.16之前的9.0.x版本，9.1.12之前的9.1.x版本，9.2.7之前的9.2.x版本，9.3.3之前的9.3.x版本。,中危,输入验证,CNNVD-201403-586,http://www.cnnvd.org.cn/web/xxk/ldxqById.tag?CNNVD=CNNVD-201403-586,目前厂商已经发布了升级补丁以修复此安全问题，补丁获取链接：http://www.postgresql.org/about/news/1506/,远程,PostgreSQL 输入验证漏洞,postgreSQL,1
CVE-2014-0065,PostgreSQL是PostgreSQL开发组所研发的一套自由的对象关系型数据库管理系统。该系统支持大部分SQL标准并且提供了许多其他特性，例如外键、触发器、视图等。PostgreSQL中存在缓冲区溢出漏洞。目前尚无关于此漏洞的详细信息。请随时关注cnnvd网站或厂商公告。以下版本受到影响：PostgreSQL 8.4.19及之前版本，9.0.16之前的9.0.x版本，9.1.12之前的9.1.x版本，9.2.7之前的9.2.x版本，9.3.3之前的9.3.x版本。,中危,缓冲区溢出,CNNVD-201403-585,http://www.cnnvd.org.cn/web/xxk/ldxqById.tag?CNNVD=CNNVD-201403-585,目前厂商已经发布了升级补丁以修复此安全问题，补丁获取链接：http://www.postgresql.org/about/news/1506/,远程,PostgreSQL 缓冲区溢出漏洞,postgreSQL,1
CVE-2014-0064,PostgreSQL是PostgreSQL开发组所研发的一套自由的对象关系型数据库管理系统。该系统支持大部分SQL标准并且提供了许多其他特性，例如外键、触发器、视图等。PostgreSQL中的path_in和多个函数存在整数溢出漏洞。远程攻击者可利用该漏洞造成缓冲区溢出。以下版本受到影响：PostgreSQL 8.4.19及之前版本，9.0.16之前的9.0.x版本，9.1.12之前的9.1.x版本，9.2.7之前的9.2.x版本，9.3.3之前的9.3.x版本。,中危,数字错误,CNNVD-201403-584,http://www.cnnvd.org.cn/web/xxk/ldxqById.tag?CNNVD=CNNVD-201403-584,目前厂商已经发布了升级补丁以修复此安全问题，补丁获取链接：http://www.postgresql.org/about/news/1506/,远程,PostgreSQL 整数溢出漏洞,postgreSQL,1
CVE-2014-0063,PostgreSQL是PostgreSQL开发组所研发的一套自由的对象关系型数据库管理系统。该系统支持大部分SQL标准并且提供了许多其他特性，例如外键、触发器、视图等。PostgreSQL中存在基于栈的缓冲区溢出漏洞，该漏洞源于程序设置MAXDATELEN常量值偏小。远程攻击者可通过输入长的intervals，timestamps或timezones值利用该漏洞造成拒绝服务（崩溃）或执行任意代码。以下版本受到影响：PostgreSQL 8.4.19及之前版本，9.0.16之前的9.0.x版本，9.1.12之前的9.1.x版本，9.2.7之前的9.2.x版本，9.3.3之前的9.3.x版本。,中危,缓冲区溢出,CNNVD-201403-583,http://www.cnnvd.org.cn/web/xxk/ldxqById.tag?CNNVD=CNNVD-201403-583,目前厂商已经发布了升级补丁以修复此安全问题，补丁获取链接：http://www.postgresql.org/about/news/1506/,远程,PostgreSQL 基于栈的缓冲区溢出漏洞,postgreSQL,1
CVE-2014-0062,PostgreSQL是PostgreSQL开发组所研发的一套自由的对象关系型数据库管理系统。该系统支持大部分SQL标准并且提供了许多其他特性，例如外键、触发器、视图等。PostgreSQL中的CREATE INDEX和ALTER TABLE命令中存在竞争条件漏洞。远程攻击者可通过创建或删除相同名称的表利用该漏洞创建未授权的索引或读取未授权的表内容。以下版本受到影响：PostgreSQL 8.4.19及之前版本，9.0.16之前的9.0.x版本，9.1.12之前的9.1.x版本，9.2.7之前的9.2.x版本，9.3.3之前的9.3.x版本。,中危,竞争条件,CNNVD-201403-582,http://www.cnnvd.org.cn/web/xxk/ldxqById.tag?CNNVD=CNNVD-201403-582,目前厂商已经发布了升级补丁以修复此安全问题，补丁获取链接：http://www.postgresql.org/about/news/1506/,远程,PostgreSQL 竞争条件漏洞,postgreSQL,1
CVE-2014-0061,PostgreSQL是PostgreSQL开发组所研发的一套自由的对象关系型数据库管理系统。该系统支持大部分SQL标准并且提供了许多其他特性，例如外键、触发器、视图等。PostgreSQL中的procedural languages (PLs)的‘validator’函数中存在安全漏洞。远程攻击者可利用该漏洞获取权限。以下版本受到影响：PostgreSQL 8.4.19及之前版本，9.0.16之前的9.0.x版本，9.1.12之前的9.1.x版本，9.2.7之前的9.2.x版本，9.3.3之前的9.3.x版本。,中危,权限许可和访问控制,CNNVD-201403-581,http://www.cnnvd.org.cn/web/xxk/ldxqById.tag?CNNVD=CNNVD-201403-581,目前厂商已经发布了升级补丁以修复此安全问题，补丁获取链接：http://www.postgresql.org/about/news/1506/,远程,PostgreSQL 权限许可和访问控制漏洞,postgreSQL,1
CVE-2014-0060,PostgreSQL是PostgreSQL开发组所研发的一套自由的对象关系型数据库管理系统。该系统支持大部分SQL标准并且提供了许多其他特性，例如外键、触发器、视图等。PostgreSQL中存在安全漏洞，该漏洞源于程序没有正确执行ADMIN OPTION限制。远程攻击者可通过创建视图或‘SECURITY DEFINER’函数利用该漏洞添加或删除任意用户。以下版本受到影响：PostgreSQL 8.4.19及之前版本，9.0.16之前的9.0.x版本，9.1.12之前的9.1.x版本，9.2.7之前的9.2.x版本，9.3.3之前的9.3.x版本。,中危,权限许可和访问控制,CNNVD-201403-580,http://www.cnnvd.org.cn/web/xxk/ldxqById.tag?CNNVD=CNNVD-201403-580,目前厂商已经发布了升级补丁以修复此安全问题，补丁获取链接：http://www.postgresql.org/about/news/1506/,远程,PostgreSQL 权限许可和访问控制漏洞,postgreSQL,1
CVE-2013-1903,PostgreSQL是PostgreSQL开发组所研发的一套自由的对象关系型数据库管理系统。该系统支持大部分SQL标准并且提供了许多其他特性，例如外键、触发器、视图等。PostgreSQL可能9.2.4之前的9.2.x版本、9.1.9之前的9.1.x版本、9.0.13之前的9.0.x版本、8.4.17之前的8.4.x版本以及8.3.23之前的8.3.x版本中存在漏洞，该漏洞源于程序不正确地将超级用户密码提供给了与“Linux和Mac OS X平台的图像安装器”有关的脚本中。攻击者可通过未明向量利用该漏洞造成未明影响。,超危,权限许可和访问控制,CNNVD-201304-040,http://www.cnnvd.org.cn/web/xxk/ldxqById.tag?CNNVD=CNNVD-201304-040,目前厂商已经发布了升级补丁以修复此安全问题，补丁获取链接：http://www.postgresql.org/support/security/,远程,PostgreSQL 密码泄露漏洞,postgreSQL,1
CVE-2013-1902,PostgreSQL是PostgreSQL开发组所研发的一套自由的对象关系型数据库管理系统。该系统支持大部分SQL标准并且提供了许多其他特性，例如外键、触发器、视图等。PostgreSQL 9.2.4之前的9.2.x版本、9.1.9之前的9.1.x版本、9.0.13之前的9.0.x版本、8.4.17之前的8.4.x版本以及8.3.23之前的8.3.x版本中存在漏洞，该漏洞源于程序生成可预测文件名的不安全临时文件。通过与“Linux和Mac OS X平台的图像安装器”有关的未明向量，攻击者可利用该漏洞造成未明影响。,超危,设计错误,CNNVD-201304-039,http://www.cnnvd.org.cn/web/xxk/ldxqById.tag?CNNVD=CNNVD-201304-039,目前厂商已经发布了升级补丁以修复此安全问题，补丁获取链接：http://www.postgresql.org/support/security/,远程,PostgreSQL 设计错误漏洞,postgreSQL,1
CVE-2013-1901,PostgreSQL是PostgreSQL开发组所研发的一套自由的对象关系型数据库管理系统。该系统支持大部分SQL标准并且提供了许多其他特性，例如外键、触发器、视图等。PostgreSQL 9.2.4之前的9.2.x版本、9.1.9之前的9.1.x版本中存在漏洞，该漏洞源于程序没有正确地检查REPLICATION权限。通过调用(1)pg_start_backup或(2)pg_stop_backup函数，远程认证攻击者可利用该漏洞绕过既定的备份限制。,中危,权限许可和访问控制,CNNVD-201304-038,http://www.cnnvd.org.cn/web/xxk/ldxqById.tag?CNNVD=CNNVD-201304-038,目前厂商已经发布了升级补丁以修复此安全问题，补丁获取链接：http://www.postgresql.org/support/security/,远程,PostgreSQL 权限许可和访问控制漏洞,postgreSQL,1
CVE-2013-1900,PostgreSQL是PostgreSQL开发组所研发的一套自由的对象关系型数据库管理系统。该系统支持大部分SQL标准并且提供了许多其他特性，例如外键、触发器、视图等。PostgreSQL 9.2.4之前的9.2.x版本、9.1.9之前的9.1.x版本、9.0.13之前的9.1.x版本、8.4.17之前的8.4.x版本中存在漏洞，该漏洞源于在使用OpenSSL的情况下，程序生成不充分随机数。通过与“contrib/pgcrypto函数”有关的向量，远程认证攻击者可利用该漏洞造成未明影响。,高危,数字错误,CNNVD-201304-037,http://www.cnnvd.org.cn/web/xxk/ldxqById.tag?CNNVD=CNNVD-201304-037,目前厂商已经发布了升级补丁以修复此安全问题，补丁获取链接：http://www.postgresql.org/support/security/,远程,PostgreSQL 数字错误漏洞,postgreSQL,1
CVE-2013-1899,PostgreSQL是PostgreSQL开发组所研发的一套自由的对象关系型数据库管理系统。该系统支持大部分SQL标准并且提供了许多其他特性，例如外键、触发器、视图等。PostgreSQL 9.2.4之前的9.2.x版本、9.1.9之前的9.1.x版本、9.0.13之前的9.0.x版本中存在参数注入漏洞。通过使用数据库名并以“-”（连字符）开头的连接请求，远程攻击者可利用该漏洞造成拒绝服务（文件破坏），且远程认证攻击者可修改配置设置并执行任意代码。,中危,代码注入,CNNVD-201304-036,http://www.cnnvd.org.cn/web/xxk/ldxqById.tag?CNNVD=CNNVD-201304-036,目前厂商已经发布了升级补丁以修复此安全问题，补丁获取链接：http://www.postgresql.org/support/security/,远程,PostgreSQL 参数注入漏洞,postgreSQL,1
CVE-2013-0255,PostgreSQL是PostgreSQL开发组所研发的一套自由的对象关系型数据库管理系统。该系统支持大部分SQL标准并且提供了许多其他特性，例如外键、触发器、视图等。PostgreSQL 9.2.3之前的9.2.x版本，9.1.8之前的9.1.x版本，9.0.12之前的9.0.x版本，8.4.16之前的8.4.x版本，8.3.23之前的8.3.x版本中存在漏洞。该漏洞源于程序没有对backend/utils/adt/enum.c中的enum_recv函数进行正确地声明，从而使得该函数被错误的参数所引用。通过可触发数组索引错误和越界读取的特制SQL命令，远程认证攻击者可利用该漏洞导致拒绝服务（服务器崩溃）或读取敏感进程内存。,中危,输入验证,CNNVD-201302-184,http://www.cnnvd.org.cn/web/xxk/ldxqById.tag?CNNVD=CNNVD-201302-184,目前厂商已经发布了升级补丁以修复此安全问题，补丁获取链接：http://www.postgresql.org/support/security/,远程,PostgreSQL 输入验证漏洞,postgreSQL,1
CVE-2012-3489,PostgreSQL是PostgreSQL开发组所研发的一套自由的对象关系型数据库管理系统。该系统支持大部分SQL标准并且提供了许多其他特性，例如外键、触发器、视图等。PostgreSQL中的xslt_process()中存在漏洞，可被恶意攻击者利用操控用户系统。该漏洞源于解析XSLT样式表单时‘xslt_process()’函数中存在错误。攻击者可利用该漏洞创建或重写任意文件。早期版本至9.1.5版本、9.0.9、8.4.13、8.3.20版本中存在漏洞。,中危,输入验证,CNNVD-201208-330,http://www.cnnvd.org.cn/web/xxk/ldxqById.tag?CNNVD=CNNVD-201208-330,目前厂商已经发布了升级补丁以修复此安全问题，补丁获取链接：http://www.postgresql.org/support/security/,远程,PostgreSQL‘xslt_process()’任意文件重写漏洞,postgreSQL,1
CVE-2012-3488,PostgreSQL是PostgreSQL开发组所研发的一套自由的对象关系型数据库管理系统。该系统支持大部分SQL标准并且提供了许多其他特性，例如外键、触发器、视图等。PostgreSQL中的xml_parse()中存在漏洞，可被恶意攻击者利用泄露某些敏感信息。该漏洞源于解析带有XML文档的DTD数据时‘xml_parse()’函数中存在错误。攻击者可利用该漏洞读取任意文件。早期版本至9.1.5、9.0.9、8.4.13、8.3.20版本中存在漏洞。,中危,权限许可和访问控制,CNNVD-201208-329,http://www.cnnvd.org.cn/web/xxk/ldxqById.tag?CNNVD=CNNVD-201208-329,目前厂商已经发布了升级补丁以修复此安全问题，补丁获取链接：http://www.postgresql.org/support/security/,远程,PostgreSQL ‘xml_parse()’任意文件读取漏洞,postgreSQL,1
CVE-2012-2655,PostgreSQL是PostgreSQL开发组所研发的一套自由的对象关系型数据库管理系统。该系统支持大部分SQL标准并且提供了许多其他特性，例如外键、触发器、视图等。PostgreSQL 8.3.19之前的8.3.x版本、8.4.12之前的8.4.x版本、9.0.8之前的9.0.x版本和9.1.4之前的9.1.x版本在ALTER FUNCTION RENAME的实现上存在远程拒绝服务漏洞。攻击者可利用该漏洞导致应用程序崩溃，拒绝为合法用户提供服务。,中危,资源管理错误,CNNVD-201206-068,http://www.cnnvd.org.cn/web/xxk/ldxqById.tag?CNNVD=CNNVD-201206-068,目前厂商已经发布了升级补丁以修复此安全问题，补丁获取链接：http://www.postgresql.org/about/news/1398/,远程,PostgreSQL 远程拒绝服务漏洞,postgreSQL,1
CVE-2012-1618,PostgreSQL JDBC driver是一个数据库驱动程序。PostgreSQL JDBC驱动程序8.2之前版本中存在交互错误漏洞。当使用带有PostgreSQL服务器的‘standard_conforming_strings’选项启用时，如默认配置的PostgreSQL 9.1版本，没有正确的释放未指定的JDBC语句参数。远程攻击者可利用该漏洞进行SQL注入攻击。,高危,设计错误,CNNVD-201210-052,http://www.cnnvd.org.cn/web/xxk/ldxqById.tag?CNNVD=CNNVD-201210-052,目前厂商已经发布了升级补丁以修复此安全问题，补丁获取链接：http://jdbc.postgresql.org/,远程,PostgreSQL JDBC驱动程序设计错误漏洞,postgreSQL,1
CVE-2012-0868,PostgreSQL是一款高级对象关系型数据库管理系统，支持扩展的SQL标准子集。PostgreSQL 8.3.18之前的8.3.x版本、8.4.11之前的8.4.x版本、9.0.7之前的9.0.x版本和9.1.3之前的9.1.x版本中存在CRLF注入漏洞，该漏洞源于当向评论中插入对象名称时pg_dump中的输入验证错误。攻击者可利用该漏洞借助回车符或向dump脚本中插入SQL命令，避免评论。,中危,SQL注入,CNNVD-201203-008,http://www.cnnvd.org.cn/web/xxk/ldxqById.tag?CNNVD=CNNVD-201203-008,目前厂商已经发布了升级补丁以修复此安全问题，补丁获取链接：http://www.postgresql.org/support/security/,远程,PostgreSQL 安全漏洞,postgreSQL,1
CVE-2012-0867,PostgreSQL是PostgreSQL开发组所研发的一套自由的对象关系型数据库管理系统。该系统支持大部分SQL标准并且提供了许多其他特性，例如外键、触发器、视图等。PostgreSQL 8.4.11之前的8.4.x版本、9.0.7之前的9.0.x版本和9.1.3之前的9.1.x版本中存在漏洞，该漏洞源于验证SSL证书通用名称时的错误。攻击者可利用该漏洞导致欺骗证书成功通过验证。,中危,输入验证,CNNVD-201203-007,http://www.cnnvd.org.cn/web/xxk/ldxqById.tag?CNNVD=CNNVD-201203-007,目前厂商已经发布了升级补丁以修复此安全问题，补丁获取链接：http://www.postgresql.org/support/security/,远程,PostgreSQL 安全漏洞,postgreSQL,1
CVE-2012-0866,PostgreSQL是PostgreSQL开发组所研发的一套自由的对象关系型数据库管理系统。该系统支持大部分SQL标准并且提供了许多其他特性，例如外键、触发器、视图等。PostgreSQL 8.3.18之前的8.3.x版本、8.4.11之前的8.4.x版本、9.0.7之前的9.0.x版本和9.1.3之前的9.1.x版本中存在漏洞，该漏洞源于CREATE TRIGGER对触发函数未执行权限检查。攻击者可利用该漏洞通过标记一个触发函数作为SECURITY DEFINER，授予EXECUTE权限。,中危,权限许可和访问控制,CNNVD-201203-006,http://www.cnnvd.org.cn/web/xxk/ldxqById.tag?CNNVD=CNNVD-201203-006,目前厂商已经发布了升级补丁以修复此安全问题，补丁获取链接：http://www.postgresql.org/support/security/,远程,PostgreSQL 安全漏洞,postgreSQL,1
CVE-2010-4015,PostgreSQL 是一款高级对象-关系型数据库管理系统，支持扩展的SQL标准子集。PostgreSQL 9.0.3之前的9.0.x版本，8.4.7之前的8.4.x版本，8.3.14之前的8.3.x版本，以及8.2.20之前的8.2.x版本中的intarray数组模块中的contrib/intarray/_int_bool.c文件中的gettoken函数中存在缓冲区溢出漏洞。远程攻击者可以借助向未明函数传递的带有超大数字的整数，导致拒绝服务(崩溃)并可能执行任意代码。,中危,数字错误,CNNVD-201102-020,http://www.cnnvd.org.cn/web/xxk/ldxqById.tag?CNNVD=CNNVD-201102-020,目前厂商已经发布了升级补丁以修复此安全问题，补丁获取链接：http://git.postgresql.org/gitweb?p=postgresql.git;a=commitdiff;h=7ccb6dc2d3e266a551827bb99179708580f72431,远程,PostgreSQL intarray数组模块gettoken()函数缓冲区溢出漏洞,postgreSQL,1
CVE-2010-3781,PostgreSQL 是一个自由的对象-关系数据库服务器(数据库管理系统)。基于PostgreSQL平台的PL/php add-on 1.4及更早版本对在相同会话中的不同SQL用户身份不能正确保护脚本执行。远程认证用户可以借助SECURITY DEFINER函数中特制的脚本代码获得权限的提升。,中危,权限许可和访问控制,CNNVD-201010-067,http://www.cnnvd.org.cn/web/xxk/ldxqById.tag?CNNVD=CNNVD-201010-067,目前厂商已经发布了升级补丁以修复此安全问题，补丁获取链接：http://www.postgresql.org/about/news.1244,远程,PostgreSQL SECURITY DEFINER函数权限提升漏洞,postgreSQL,1
CVE-2010-3433,PostgreSQL 是一个自由的对象-关系数据库服务器(数据库管理系统)。PostgreSQL中的PL/perl和PL/Tcl实现不能正确通过相同段中不同的SQL用户识别来保护脚本的执行。远程认证用户可以借助SECURITY DEFINER函数中特制的脚本代码获取特权。该漏洞已通过(1)重定义标准函数或(2)重定义操作符得到证实。,中危,权限许可和访问控制,CNNVD-201010-045,http://www.cnnvd.org.cn/web/xxk/ldxqById.tag?CNNVD=CNNVD-201010-045,目前厂商已经发布了升级补丁以修复此安全问题，补丁获取链接：http://www.postgresql.org/about/news.1244,远程,PostgreSQL权限许可和访问控制漏洞,postgreSQL,1
CVE-2010-2468,S2 Security NetBox被用在Linear eMerge 50 和 5000 和 Sonitrol eAccess上时，S2 Security NetBox使用一个弱哈希算法储存管理员密码，远程攻击者可以通过复原口令明文，获得访问权限。,超危,加密问题,CNNVD-201006-430,http://www.cnnvd.org.cn/web/xxk/ldxqById.tag?CNNVD=CNNVD-201006-430,目前厂商还没有提供补丁或者升级程序，建议使用此软件的用户随时关注厂商的主页以获取最新版本：http://www.linearcorp.com,远程,S2 Security NetBox加密问题漏洞,postgreSQL,1
CVE-2010-1975,PostgreSQL是一款高级对象－关系型数据库管理系统，支持扩展的SQL标准子集。PostgreSQL在某些RESET ALL操作过程中，没有进行适当的权限检验，远程认证用户可通过(1)ALTER USER，或(2)ALTER DATABASE语句删除任意参数设置。,中危,权限许可和访问控制,CNNVD-201005-271,http://www.cnnvd.org.cn/web/xxk/ldxqById.tag?CNNVD=CNNVD-201005-271,,远程,PostgreSQL RESET ALL操作过程访问控制漏洞,postgreSQL,1
CVE-2010-1447,"PostgreSQL是一款高级对象－关系型数据库管理系统，支持扩展的SQL标准子集。
在PostgreSQL 7.4.29之前的7.4版本，8.0.25之前的8.0版本，8.1.21之前的8.1版本，8.2.17之前的8.2版本，8.3.11之前的8.3版本，8.4.4之前的8.4版本，以及9.0 Beta 2之前的9.0 Beta版本中使用的Safe（Safe.pm)模块没有正确限制PL/perl程序。远程攻击者可借助与子程序参考和延时执行有关的向量绕过Safe：：reval和Safe：：rdo访问限制。",高危,权限许可和访问控制,CNNVD-201005-250,http://www.cnnvd.org.cn/web/xxk/ldxqById.tag?CNNVD=CNNVD-201005-250,目前厂商已经发布了升级补丁以修复这个安全问题，补丁下载链接：http://www.postgresql.org/download/,远程,PostgreSQL PL/perl程序访问限制绕过漏洞,postgreSQL,1
CVE-2010-1170,PostgreSQL是一款高级对象－关系型数据库管理系统，支持扩展的SQL标准子集。PostgreSQL的PL/Tcl实现从pltcl_modules数据表载入Tcl代码时，对数据表的所有权和权限存在错误的权限检查错误，拥有创建数据库权限的远程认证用户可通过创建该数据表，并插入特制Tcl脚本执行任意Tcl代码。,中危,权限许可和访问控制,CNNVD-201005-248,http://www.cnnvd.org.cn/web/xxk/ldxqById.tag?CNNVD=CNNVD-201005-248,目前厂商已经发布了升级补丁以修复这个安全问题，补丁下载链接：MandrakeSoft Linux Mandrake 2008.0 x86_64,远程,PostgreSQL PL/tcl存储过程绕过安全限制漏洞,postgreSQL,1
CVE-2010-1169,"PostgreSQL是一款高级对象－关系型数据库管理系统，支持扩展的SQL标准子集。
PostgreSQL 7.4.29之前的7.4版本，8.0.25之前的8.0版本，8.1.21之前的8.1版本，8.2.17之前的8.2版本，8.3.11之前的8.3版本，8.4.4之前的8.4版本，以及9.0 Beta 2之前的9.0 Beta版本不能正确限制PL/perl程序。拥有创建数据库权限的远程认证用户可借助特制脚本执行任意Perl代码。",高危,代码注入,CNNVD-201005-247,http://www.cnnvd.org.cn/web/xxk/ldxqById.tag?CNNVD=CNNVD-201005-247,目前厂商已经发布了升级补丁以修复这个安全问题，补丁下载链接：MandrakeSoft Linux Mandrake 2008.0 x86_64,远程,PostgreSQL PL/perl存储过程安全限制绕过漏洞,postgreSQL,1
CVE-2010-0733,PostgreSQL是一款高级对象－关系型数据库管理系统，支持扩展的SQL标准子集。PostgreSQL的src/backend/executor/nodeHash.c文件在计算哈希表大小时存在整数溢出漏洞，通过认证的用户可以通过发送包含有大量LEFT JOIN子句的SELECT语句触发这个溢出，导致服务崩溃。,低危,数字错误,CNNVD-201003-253,http://www.cnnvd.org.cn/web/xxk/ldxqById.tag?CNNVD=CNNVD-201003-253,目前厂商已经发布了升级补丁以修复这个安全问题，请到厂商的主页下载：http://git.postgresql.org/gitweb?p=postgresql.git;a=commit;h=64b057e6823655fb6c5d1f24a28f236b94dd6c54,远程,PostgreSQL哈希表大小计算整数溢出漏洞,postgreSQL,1
CVE-2010-0442,PostgreSQL是一款高级对象－关系型数据库管理系统，支持扩展的SQL标准子集。PostgreSQL的backend/utils/adt/varbit.c文件的bitsubstr函数存在远程溢出漏洞。远程攻击者可以利用PostgreSQL的backend/utils/adt/varbit.c中bitsubstr函数处理超长字符串，触发缓冲区溢出，导致拒绝服务或执行任意代码。,中危,数字错误,CNNVD-201002-006,http://www.cnnvd.org.cn/web/xxk/ldxqById.tag?CNNVD=CNNVD-201002-006,目前厂商还没有提供补丁或者升级程序，我们建议使用此软件的用户随时关注厂商的主页以获取最新版本：http://www.postgresql.org,远程,PostgreSQL bitsubstr函数远程溢出漏洞,postgreSQL,1
CVE-2009-4136,PostgreSQL是以加州大学伯克利分校计算机系开发的POSTGRES，版本4.2为基础的对象关系型数据库管理系统(ORDBMS)。PostgreSQL 的Index函数存在本地会话状态修改权限升级漏洞。由于PostgreSQL的数据库超级用户在执行一个index函数时不能正确处理本地会话状态，远程攻击者可以借助与表格相关的特定index函数，如修改(1)搜索路径或(2)一个编报表的函数，导致获得访问特权。,中危,其他,CNNVD-200912-200,http://www.cnnvd.org.cn/web/xxk/ldxqById.tag?CNNVD=CNNVD-200912-200,目前厂商已经发布了升级补丁以修复这个安全问题，补丁下载链接：http://www.postgresql.org/download/,远程,PostgreSQL Index函数本地会话状态修改权限升级漏洞,postgreSQL,1
CVE-2009-4034,"PostgreSQL 是一个自由的对象-关系数据库服务器(数据库管理系统)。PostgreSQL不能正确处理一个X.509证书的主题Common Name (CN)字段中的区域名称中的一个""＼0""字符, which (1)中间人攻击者可以借助一个合法资格权威发放的一个人工服务器骗取任意SSL-based PostgreSQL，并且(2)远程攻击者可以借助一个合法资格权威发放的一个人工客户资格绕过客户机-主机名称。",中危,加密问题,CNNVD-200912-199,http://www.cnnvd.org.cn/web/xxk/ldxqById.tag?CNNVD=CNNVD-200912-199,目前厂商已经发布了升级补丁以修复这个安全问题，补丁下载链接：Ubuntu Ubuntu Linux 9.10 powerpc,远程,PostgreSQL NULL Character CA SSL资格确认安全绕过漏洞,postgreSQL,1
CVE-2009-3231,PostgreSQL是一款高级对象－关系型数据库管理系统，支持扩展的SQL标准子集。PostgreSQL的core server组件中存在安全漏洞。如果PostgreSQL配置了LDAP认证，且LDAP配置允许匿名绑定，用户就可以使用空口令通过认证，远程攻击者能绕过某些安全限制。,中危,授权问题,CNNVD-200909-341,http://www.cnnvd.org.cn/web/xxk/ldxqById.tag?CNNVD=CNNVD-200909-341,目前厂商已经发布了升级补丁以修复这个安全问题，补丁下载链接：http://www.postgresql.org/support/security,远程,PostgreSQL core server 组件安全绕过漏洞,postgreSQL,1
CVE-2009-3230,PostgreSQL是一款高级对象－关系型数据库管理系统，支持扩展的SQL标准子集。PostgreSQL的core server组件中存在安全漏洞，允许远程攻击者获得权限提升。如果索引函数中没有对RESET ROLE和RESET SESSION AUTHORIZATION操作设置合适的权限，这允许通过认证的用户获得权限提升。,中危,权限许可和访问控制,CNNVD-200909-336,http://www.cnnvd.org.cn/web/xxk/ldxqById.tag?CNNVD=CNNVD-200909-336,目前厂商已经发布了升级补丁以修复这个安全问题，补丁下载链接：http://www.postgresql.org/support/security,远程,PostgreSQL core server 组件权限提升漏洞,postgreSQL,1
CVE-2009-3229,PostgreSQL是一款高级对象－关系型数据库管理系统，支持扩展的SQL标准子集。PostgreSQL的core server组件中存在安全漏洞。远程攻击者可以通过从$libdir/plugins目录重新加载库终止后端服务器，导致拒绝服务。,中危,资料不足,CNNVD-200909-335,http://www.cnnvd.org.cn/web/xxk/ldxqById.tag?CNNVD=CNNVD-200909-335,目前厂商已经发布了升级补丁以修复这个安全问题，补丁下载链接：http://www.postgresql.org/support/security,远程,PostgreSQL core server 组件拒绝服务漏洞,postgreSQL,1
CVE-2009-2943,PostgreSQL postgresql-ocaml bindings 1.5.4，1.7.0和1.12.1版本没有正确的支持PQescapeStringConn函数，这可能使得远程攻击者可以杠杆化涉及多byte字符编码的溢出事件。,高危,资料不足,CNNVD-200910-334,http://www.cnnvd.org.cn/web/xxk/ldxqById.tag?CNNVD=CNNVD-200910-334,"目前厂商已经发布了升级补丁以修复此安全问题，补丁获取链接：
http://www.oracle.com/technology/deploy/security/critical-patch-updates/cpuoct2009.html",远程,Ocaml PostgreSQL postgresql-ocaml bindings  PQescapeStringConn函数未明漏洞,postgreSQL,1
CVE-2009-0922,PostgreSQL是一款高级对象－关系型数据库管理系统，支持扩展的SQL标准子集。PostgreSQL处理转换编码时存在栈溢出漏洞，通过认证的用户可以通过提交特制的SQL查询请求在一段时间期间杀死到PostgreSQL服务器的连接，中断其他用户和客户端的事务处理。,中危,资源管理错误,CNNVD-200903-285,http://www.cnnvd.org.cn/web/xxk/ldxqById.tag?CNNVD=CNNVD-200903-285,目前厂商已经发布了升级补丁以修复这个安全问题，补丁下载链接：http://www.postgresql.org,远程,PostgreSQL转换编码栈溢出漏洞,postgreSQL,1
CVE-2007-6601,PostgreSQL是PostgreSQL开发组所研发的一套自由的对象关系型数据库管理系统。该系统支持大部分SQL标准并且提供了许多其他特性，例如外键、触发器、视图等。PostgreSQL 8.2.6之前的8.2版本，8.1.11之前的8.1版本，8.0.15之前的8.0版本，7.4.19之前的7.4版本，7.3.21之前的7.3版本中的DBLink模块中存在漏洞。通过未明向量，当本地信任或身份认证使用时，远程攻击者利用该漏洞获得特权。,高危,授权问题,CNNVD-201301-224,http://www.cnnvd.org.cn/web/xxk/ldxqById.tag?CNNVD=CNNVD-201301-224,目前厂商已经发布了升级补丁以修复此安全问题，补丁获取链接：http://www.postgresql.org/,本地,PostgreSQL DBLink模块权限提升漏洞,postgreSQL,1
CVE-2007-6600,PostgreSQL是PostgreSQL开发组所研发的一套自由的对象关系型数据库管理系统。该系统支持大部分SQL标准并且提供了许多其他特性，例如外键、触发器、视图等。PostgreSQL 8.2.6之前的8.2版本，8.1.11之前的8.1版本，8.0.15之前的8.0版本，7.4.19之前的7.4版本，7.3.21之前的7.3版本中存在漏洞，该漏洞源于指数函数中的(1)VACUUM和(2)ANALYZE操作和支持指数函数中的(3)SET ROLE和(4)SET SESSION AUTHORIZATION使用超级用户权限，而不是表的所有者权限。远程认证攻击者利用该漏洞获得特权。,中危,权限许可和访问控制,CNNVD-201301-223,http://www.cnnvd.org.cn/web/xxk/ldxqById.tag?CNNVD=CNNVD-201301-223,目前厂商已经发布了升级补丁以修复此安全问题，补丁获取链接：http://www.postgresql.org/,远程,PostgreSQL 特权获取漏洞,postgreSQL,1
CVE-2007-6067,PostgreSQL是PostgreSQL开发组所研发的一套自由的对象关系型数据库管理系统。该系统支持大部分SQL标准并且提供了许多其他特性，例如外键、触发器、视图等。使用在PostgreSQL 8.2.6之前的8.2版本，8.1.11之前的8.1版本，8.0.15之前的8.0版本，7.4.19之前的7.4版本中的TCL 8.4.17之前版本中的正则表达式解析器中存在算法复杂漏洞。通过带有双重嵌套状态特制的‘复杂’正则表达式，远程认证攻击者利用该漏洞导致拒绝服务（内存消耗）。,中危,数字错误,CNNVD-201301-225,http://www.cnnvd.org.cn/web/xxk/ldxqById.tag?CNNVD=CNNVD-201301-225,目前厂商已经发布了升级补丁以修复此安全问题，补丁获取链接：http://www.postgresql.org/,远程,PostgreSQL 算法复杂漏洞,postgreSQL,1
CVE-2007-4772,PostgreSQL是PostgreSQL开发组所研发的一套自由的对象关系型数据库管理系统。该系统支持大部分SQL标准并且提供了许多其他特性，例如外键、触发器、视图等。,中危,资源管理错误,CNNVD-201301-222,http://www.cnnvd.org.cn/web/xxk/ldxqById.tag?CNNVD=CNNVD-201301-222,目前厂商已经发布了升级补丁以修复此安全问题，补丁获取链接：http://www.postgresql.org/,远程,PostgreSQL TCL 拒绝服务漏洞,postgreSQL,1
CVE-2007-4769,PostgreSQL是PostgreSQL开发组所研发的一套自由的对象关系型数据库管理系统。该系统支持大部分SQL标准并且提供了许多其他特性，例如外键、触发器、视图等。使用在PostgreSQL 8.2.6之前的8.2版本，8.1.11之前的8.1版本，8.0.15之前的8.0版本，7.4.19之前的7.4版本中的TCL 8.4.17之前版本中的正则表达式解析器中存在漏洞。通过越界backref数目，远程认证攻击者利用该漏洞导致拒绝服务（后端崩溃）。,中危,数字错误,CNNVD-201301-221,http://www.cnnvd.org.cn/web/xxk/ldxqById.tag?CNNVD=CNNVD-201301-221,目前厂商已经发布了升级补丁以修复此安全问题，补丁获取链接：http://www.postgresql.org/,远程,PostgreSQL TCL 拒绝服务漏洞,postgreSQL,1
CVE-2007-3280,PostgreSQL implements函数中的Database Link library (dblink)中存在函数远程攻击漏洞。远程认证超级用户借助CREATE表述，从任意库中执行函数。,超危,未知,CNNVD-200706-298,http://www.cnnvd.org.cn/web/xxk/ldxqById.tag?CNNVD=CNNVD-200706-298,,远程,PostgreSQL implements函数远程攻击漏洞,postgreSQL,1
CVE-2007-3279,PostgreSQL中存在远程攻击漏洞。当PL/pgSQL(plpgsql)语言已被创建时PostgreSQL会将特定的plpgsql特权授予PUBLIC域，这使得远程攻击者可以创建和执行函数。,超危,未知,CNNVD-200706-284,http://www.cnnvd.org.cn/web/xxk/ldxqById.tag?CNNVD=CNNVD-200706-284,,远程,PostgreSQL远程攻击漏洞,postgreSQL,1
CVE-2007-3278,PostgreSQL中存在远程攻击漏洞。当本地信任认证被启用和Database Link library (dblink)被安装时，远程攻击者可以借助dblink host参数，访问任意账户和执行任意的SQL查询。,中危,权限许可和访问控制,CNNVD-200706-297,http://www.cnnvd.org.cn/web/xxk/ldxqById.tag?CNNVD=CNNVD-200706-297,,本地,PostgreSQL 远程攻击漏洞,postgreSQL,1
CVE-2007-2138,PostgreSQL是一款高级对象－关系型数据库管理系统，支持扩展的SQL标准子集。,中危,权限许可和访问控制问题,CNNVD-200704-461,http://www.cnnvd.org.cn/web/xxk/ldxqById.tag?CNNVD=CNNVD-200704-461,目前厂商已经发布了升级补丁以修复这个安全问题，补丁下载链接：http://www.postgresql.org/download,远程,PostgreSQL SECURITY DEFINER函数本地权限提升漏洞,postgreSQL,1
CVE-2007-2046,(a)Openads (phpAdsNew)和(b)Openads for PostgreSQL (phpPgAds)的adclick.php中存在多个CRLF注入漏洞。远程攻击者可以借助dest参数和Referer HTTP标头中的CRLF序列，注入任意的HTTP标头和执行HTTP响应分裂攻击。,高危,未知,CNNVD-200704-278,http://www.cnnvd.org.cn/web/xxk/ldxqById.tag?CNNVD=CNNVD-200704-278,,远程,PostgreSQL adclick.php多个CRLF注入漏洞,postgreSQL,1
CVE-2007-0556,"PostgreSQL是一款高级对象－关系型数据库管理系统，支持扩展的SQL标准子集。PostgreSQL中的查询计划程序(query planner)没有验证表格是否与之前所执行的查询计划兼容，允许远程已认证的攻击者通过""ALTER COLUMN TYPE""SQL语句导致服务器崩溃；理论上攻击者也可以利用这个漏洞读取数据的内容。",中危,其他,CNNVD-200702-064,http://www.cnnvd.org.cn/web/xxk/ldxqById.tag?CNNVD=CNNVD-200702-064,目前厂商已经发布了升级补丁以修复这个安全问题，请到厂商的主页下载：http://www.postgresql.org,远程,PostgreSQL query planner拒绝服务漏洞,postgreSQL,1
CVE-2007-0555,"PostgreSQL是一款高级对象－关系型数据库管理系统，支持扩展的SQL标准子集。

 PostgreSQL允许攻击者禁用对SQL函数变量某些数据类型的检查，可能导致数据库崩溃或读取敏感信息。",高危,其他,CNNVD-200702-060,http://www.cnnvd.org.cn/web/xxk/ldxqById.tag?CNNVD=CNNVD-200702-060,目前厂商已经发布了升级补丁以修复这个安全问题，请到厂商的主页下载：http://www.postgresql.org,远程,PostgreSQL 函数变量信息泄露及拒绝服务漏洞,postgreSQL,1
CVE-2007-0363,(1)Openads for PostgreSQL(又称phpPgAds)2.0.10之前版本和(2)Openads(又称phpAdsNew)2.0.10之前版本的admin-search.php中存在跨站脚本攻击漏洞。远程攻击者可以借助未明参数，注入任意的web脚本或HTML。,中危,跨站脚本,CNNVD-200701-312,http://www.cnnvd.org.cn/web/xxk/ldxqById.tag?CNNVD=CNNVD-200701-312,,远程,Openads for PostgreSQL admin-search.php 跨站脚本攻击漏洞,postgreSQL,1
CVE-2006-6469,Xerox WorkCentre和WorkCentre Pro的12.050.03.000之前版本、13.x的13.050.03.000之前版本和14.x的14.050.03.000之前版本未封锁postgres端口(5432/tcp)，具有未知影响和远程攻击向量。可能和连接未授权的PostgreSQL守护程序有关。,中危,未知,CNNVD-200612-233,http://www.cnnvd.org.cn/web/xxk/ldxqById.tag?CNNVD=CNNVD-200612-233,,特定网络环境,Xerox WorkCentre和WorkCentre Pro PostgreSQL守护程序安全漏洞,postgreSQL,1
CVE-2006-5542,PostgreSQL是一款高级对象－关系型数据库管理系统，支持扩展的SQL标准子集。PostgreSQL中存在多个拒绝服务漏洞，在记录ROLLBACK或COMMIT语句的V3协议执行消息时可能导致崩溃。,中危,其他,CNNVD-200610-467,http://www.cnnvd.org.cn/web/xxk/ldxqById.tag?CNNVD=CNNVD-200610-467,目前厂商已经发布了升级补丁以修复此安全问题，补丁获取链接：http://www.postgresql.org/download/,远程,PostgreSQL ROLLBACK或COMMIT语句拒绝服务漏洞,postgreSQL,1
CVE-2006-5541,PostgreSQL是一款高级对象－关系型数据库管理系统，支持扩展的SQL标准子集。PostgreSQL程序'backend/parser/parse_coerce.c'存在拒绝服务攻击漏洞，在将未知的字母强制转换为ANYARRAY类型时没有正确检查类型，在转换过程中会导致崩溃。,中危,其他,CNNVD-200610-462,http://www.cnnvd.org.cn/web/xxk/ldxqById.tag?CNNVD=CNNVD-200610-462,目前厂商已经发布了升级补丁以修复此安全问题，补丁获取链接：http://www.postgresql.org/download/,远程,PostgreSQL程序backend/parser/parse_coerce.c拒绝服务攻击漏洞,postgreSQL,1
CVE-2006-5540,PostgreSQL是一款高级对象－关系型数据库管理系统，支持扩展的SQL标准子集。PostgreSQL中存在多个拒绝服务漏洞，在处理UPDATE语句中的聚合函数时存在错误，可能导致服务器后端崩溃。,中危,其他,CNNVD-200610-468,http://www.cnnvd.org.cn/web/xxk/ldxqById.tag?CNNVD=CNNVD-200610-468,目前厂商已经发布了升级补丁以修复此安全问题，补丁获取链接：http://www.postgresql.org/download/,远程,PostgreSQL UPDATE语句聚合函数拒绝服务漏洞,postgreSQL,1
CVE-2006-2824,"Logicalware MailManager的2.0.10之前版本未将发给服务器的数据流中的0xc8 0x27(0xc8跟着一个单引号字符)除去，远程攻击者可在使用PostgreSQL时获取管理员访问权，又称""bug ＃1494281 - Postgres编码安全漏洞。",高危,未知,CNNVD-200606-089,http://www.cnnvd.org.cn/web/xxk/ldxqById.tag?CNNVD=CNNVD-200606-089,,远程,"Logicalware MailManager 数据流""0xc8 0x27"" 权限许可和访问控制漏洞",postgreSQL,1
CVE-2006-2314,PostgreSQL是PostgreSQL开发组所研发的一套自由的对象关系型数据库管理系统。该系统支持大部分SQL标准并且提供了许多其他特性，例如外键、触发器、视图等。PostgreSQL中存在多个SQL注入漏洞：,高危,SQL注入,CNNVD-200605-468,http://www.cnnvd.org.cn/web/xxk/ldxqById.tag?CNNVD=CNNVD-200605-468,"目前厂商已经发布了升级补丁以修复这个安全问题，补丁下载链接：
Dovecot Dovecot 0.99.14
Ubuntu dovecot-common_0.99.14-1ubuntu1.1_amd64.deb
Ubuntu 5.10:
http://security.ubuntu.com/ubuntu/pool/main/d/dovecot/dovecot-common_0 .99.14-1ubuntu1.1_amd64.deb
Ubuntu dovecot-common_0.99.14-1ubuntu1.1_i386.deb
Ubuntu 5.10:
http://security.ubuntu.com/ubuntu/pool/main/d/dovecot/dovecot-common_0 .99.14-1ubuntu1.1_i386.deb
Ubuntu dovecot-common_0.99.14-1ubuntu1.1_powerpc.deb
Ubuntu 5.10:
http://security.ubuntu.com/ubuntu/pool/main/d/dovecot/dovecot-common_0 .99.14-1ubuntu1.1_powerpc.deb
Ubuntu dovecot-imapd_0.99.14-1ubuntu1.1_amd64.deb
Ubuntu 5.10:
http://security.ubuntu.com/ubuntu/pool/main/d/dovecot/dovecot-imapd_0. 99.14-1ubuntu1.1_amd64.deb
Ubuntu dovecot-imapd_0.99.14-1ubuntu1.1_i386.deb
Ubuntu 5.10:
http://security.ubuntu.com/ubuntu/pool/main/d/dovecot/dovecot-imapd_0. 99.14-1ubuntu1.1_i386.deb
Ubuntu dovecot-imapd_0.99.14-1ubuntu1.1_powerpc.deb
Ubuntu 5.10:
http://security.ubuntu.com/ubuntu/pool/main/d/dovecot/dovecot-imapd_0. 99.14-1ubuntu1.1_powerpc.deb
Ubuntu dovecot-pop3d_0.99.14-1ubuntu1.1_amd64.deb
Ubuntu 5.10:
http://security.ubuntu.com/ubuntu/pool/main/d/dovecot/dovecot-pop3d_0. 99.14-1ubuntu1.1_amd64.deb
Ubuntu dovecot-pop3d_0.99.14-1ubuntu1.1_i386.deb
Ubuntu 5.10:
http://security.ubuntu.com/ubuntu/pool/main/d/dovecot/dovecot-pop3d_0. 99.14-1ubuntu1.1_i386.deb
Ubuntu dovecot-pop3d_0.99.14-1ubuntu1.1_powerpc.deb
Ubuntu 5.10:
http://security.ubuntu.com/ubuntu/pool/main/d/dovecot/dovecot-pop3d_0. 99.14-1ubuntu1.1_powerpc.deb
Ubuntu dovecot_0.99.14-1ubuntu1.1_all.deb
Ubuntu 5.10:
http://security.ubuntu.com/ubuntu/pool/main/d/dovecot/dovecot_0.99.14- 1ubuntu1.1_all.deb
Wietse Venema Postfix 2.1.5
Ubuntu postfix-dev_2.1.5-9ubuntu3.1_all.deb
Ubuntu 5.04:
http://security.ubuntu.com/ubuntu/pool/main/p/postfix/postfix-dev_2.1. 5-9ubuntu3.1_all.deb
Ubuntu postfix-doc_2.1.5-9ubuntu3.1_all.deb
Ubuntu 5.04:
http://security.ubuntu.com/ubuntu/pool/main/p/postfix/postfix-doc_2.1. 5-9ubuntu3.1_all.deb
Ubuntu postfix-ldap_2.1.5-9ubuntu3.1_amd64.deb
Ubuntu 5.04:
http://security.ubuntu.com/ubuntu/pool/main/p/postfix/postfix-ldap_2.1 .5-9ubuntu3.1_amd64.deb
Ubuntu postfix-ldap_2.1.5-9ubuntu3.1_i386.deb
Ubuntu 5.04:
http://security.ubuntu.com/ubuntu/pool/main/p/postfix/postfix-ldap_2.1 .5-9ubuntu3.1_i386.deb
Ubuntu postfix-ldap_2.1.5-9ubuntu3.1_powerpc.deb
Ubuntu 5.04:
http://security.ubuntu.com/ubuntu/pool/main/p/postfix/postfix-ldap_2.1 .5-9ubuntu3.1_powerpc.deb
Ubuntu postfix-mysql_2.1.5-9ubuntu3.1_amd64.deb
Ubuntu 5.04:
http://security.ubuntu.com/ubuntu/pool/main/p/postfix/postfix-mysql_2. 1.5-9ubuntu3.1_amd64.deb
Ubuntu postfix-mysql_2.1.5-9ubuntu3.1_i386.deb
Ubuntu 5.04:
http://security.ubuntu.com/ubuntu/pool/main/p/postfix/postfix-mysql_2. 1.5-9ubuntu3.1_i386.deb
Ubuntu postfix-mysql_2.1.5-9ubuntu3.1_powerpc.deb
Ubuntu 5.04:
http://security.ubuntu.com/ubuntu/pool/main/p/postfix/postfix-mysql_2. 1.5-9ubuntu3.1_powerpc.deb",远程,PostgreSQL 多个SQL注入漏洞,postgreSQL,1
CVE-2006-2313,PostgreSQL是PostgreSQL开发组所研发的一套自由的对象关系型数据库管理系统。该系统支持大部分SQL标准并且提供了许多其他特性，例如外键、触发器、视图等。PostgreSQL中存在多个SQL注入漏洞：,高危,SQL注入,CNNVD-200605-460,http://www.cnnvd.org.cn/web/xxk/ldxqById.tag?CNNVD=CNNVD-200605-460,,远程,PostgreSQL 多个SQL注入漏洞,postgreSQL,1
CVE-2006-0678,PostgreSQL是PostgreSQL开发组所研发的一套自由的对象关系型数据库管理系统。该系统支持大部分SQL标准并且提供了许多其他特性，例如外键、触发器、视图等。PostgreSQL处理用户提交的特定命令时存在问题，远程攻击者可能利用此漏洞导致服务器产生拒绝服务。如果启用了Assert的话，远程攻击者就可以向PostgreSQL发送有特制参数的SET SESSION AUTHORIZATIONE命令导致服务器拒绝服务。但是，这个漏洞无法导致权限提升，因为用户必须拥有超级用户权限才能使用SET SESSION AUTHORIZATION命令。,低危,资料不足,CNNVD-200602-195,http://www.cnnvd.org.cn/web/xxk/ldxqById.tag?CNNVD=CNNVD-200602-195,目前厂商已经发布了升级补丁以修复这个安全问题，请到厂商的主页下载：PostgreSQL postgresql-7.3.14.tar.bz2,本地,"PostgreSQL ""SET SESSION AUTHORIZATION""命令拒绝服务漏洞",postgreSQL,1
CVE-2006-0553,PostgreSQL是PostgreSQL开发组所研发的一套自由的对象关系型数据库管理系统。该系统支持大部分SQL标准并且提供了许多其他特性，例如外键、触发器、视图等。PostgreSQL在处理特定的SET ROLE处理时存在漏洞，远程攻击者可能利用此漏洞控制服务器的操作系统。远程攻击者可以向PostgreSQL发送有特制参数的SET ROLE命令导致任何登录到数据库的用户都可以获得其他数据库用户的权限，包括超级用户权限。这意味着任何用户都可以访问机器的文件系统并有可能控制服务器的操作系统。,中危,权限许可和访问控制,CNNVD-200602-196,http://www.cnnvd.org.cn/web/xxk/ldxqById.tag?CNNVD=CNNVD-200602-196,目前厂商已经发布了升级补丁以修复这个安全问题，请到厂商的主页下载PostgreSQL postgresql-8.1.3.tar.bz2,远程,PostgreSQL远程SET ROLE命令权限提升漏洞,postgreSQL,1
CVE-2006-0410,ADOdb 4.71之前版本中存在SQL注入漏洞，在使用PostgreSQL时，远程攻击者可以通过与二进制字符串有关的未指定攻击矢量执行任意SQL命令。,中危,SQL注入,CNNVD-200601-311,http://www.cnnvd.org.cn/web/xxk/ldxqById.tag?CNNVD=CNNVD-200601-311,目前厂商已经发布了升级补丁以修复这个安全问题，补丁下载链接：ADOdb ADOdb 4.66,远程,ADOdb PostgreSQL SQL注入漏洞,postgreSQL,1
CVE-2006-0105,PostgreSQL存在拒绝服务漏洞，当运行在Windows上时，远程攻击者可以通过大量同时连接请求使系统拒绝服务。,中危,其他,CNNVD-200601-099,http://www.cnnvd.org.cn/web/xxk/ldxqById.tag?CNNVD=CNNVD-200601-099,目前厂商已经发布了升级补丁以修复这个安全问题，补丁下载链接：PostgreSQL PostgreSQL 8.0,远程,PostgreSQL 拒绝服务漏洞,postgreSQL,1
CVE-2005-3656,mod_auth_pgsql apache模块允许对PostgreSQL数据库中存储的数据执行用户认证。mod_auth_pgsql apache模块在处理日志记录时存在漏洞，远程攻击者可能利用此漏洞在主机上执行任意指令。,超危,格式化字符串,CNNVD-200512-729,http://www.cnnvd.org.cn/web/xxk/ldxqById.tag?CNNVD=CNNVD-200512-729,目前厂商已经发布了升级补丁以修复此安全问题，补丁获取链接：ftp://updates.redhat.com/enterprise/3AS/en/os/SRPMS/mod_a…,远程,多家厂商mod_auth_pgsql格式串处理漏洞,postgreSQL,1
CVE-2005-1410,"PostgreSQL 7.4至8.0.x版本中的tsearch2模块， 将(1)dex_init，(2)snb_en_init，(3)snb_ru_init，(4)spell_init和(5)syn_init函数声明为""内部""函数，即便它们并未使用内部参数，攻击者可以通过SQL命令调用其他可以接受内部参数的函数，来发起拒绝服务攻击(应用系统崩溃)并可能还有其他影响。",低危,设计错误,CNNVD-200505-845,http://www.cnnvd.org.cn/web/xxk/ldxqById.tag?CNNVD=CNNVD-200505-845,,本地,PostgreSQL TSearch2设计错误漏洞,postgreSQL,1
CVE-2005-1409,PostgreSQL是PostgreSQL开发组所研发的一套自由的对象关系型数据库管理系统。该系统支持大部分SQL标准并且提供了许多其他特性，例如外键、触发器、视图等。PostgreSQL的字符集转换函数的实现存在缓冲区溢出漏洞，远程攻击者可能利用此漏洞提升自己的权限。,高危,设计错误,CNNVD-200505-871,http://www.cnnvd.org.cn/web/xxk/ldxqById.tag?CNNVD=CNNVD-200505-871,,远程,PostgreSQL字符集转换处理权限提升漏洞,postgreSQL,1
CVE-2005-0247,PostgreSQL 8.0.1及更早版本中的gram.y存在多个缓冲区溢出，攻击者可以通过(1)由read_sql_construct函数处理的SQL语句中的大量的变量， (2)由make_select_stmta函数处理的SELECT语句中的大量INTO变量，(3)由make_select_stmt函数处理的SELECT语句中的大量任意变量，以及(4)由make_fetch_stmt函数处理的FETCH语句中的大量INTO变量，来执行任意代码，是和CVE-2005-0245不同的一组漏洞。,中危,缓冲区溢出,CNNVD-200505-781,http://www.cnnvd.org.cn/web/xxk/ldxqById.tag?CNNVD=CNNVD-200505-781,目前厂商已经发布了升级补丁以修复这个安全问题，补丁下载链接：RedHat Fedora Core2,远程,PostgreSQL多个远程漏洞,postgreSQL,1
CVE-2005-0246,PostgreSQL 8.0.0及更早版本的intagg contrib模块使得远程攻击者可以通过特制的数组来发起拒绝服务攻击(崩溃)。,中危,资料不足,CNNVD-200505-693,http://www.cnnvd.org.cn/web/xxk/ldxqById.tag?CNNVD=CNNVD-200505-693,,远程,PostgreSQL多个远程漏洞,postgreSQL,1
CVE-2005-0245,"PostgreSQL 是一个自由的对象-关系数据库服务器(数据库管理系统)。
PostgreSQL 8.0.0及更早版本的gram.y中的缓冲区溢出，可让攻击者通过refcursor函数(gram.y)的大量参数执行任意代码，这会导致基于数据堆的缓冲区溢出，它是与CVE-2005-0247不同的漏洞。",高危,缓冲区溢出,CNNVD-200502-002,http://www.cnnvd.org.cn/web/xxk/ldxqById.tag?CNNVD=CNNVD-200502-002,"目前厂商已经发布了升级补丁以修复这个安全问题，补丁下载链接：
RedHat Fedora Core2
RedHat postgresql-7.4.7-1.FC2.2.i386.rpm
Fedora Core 2
http://download.fedora.redhat.com/pub/fedora/linux/core/updates/2/
RedHat postgresql-contrib-7.4.7-1.FC2.2.i386.rpm
Fedora Core 2
http://download.fedora.redhat.com/pub/fedora/linux/core/updates/2/
RedHat postgresql-contrib-7.4.7-1.FC2.2.x86_64.rpm
Fedora Core 2
http://download.fedora.redhat.com/pub/fedora/linux/core/updates/2/
RedHat postgresql-debuginfo-7.4.7-1.FC2.2.i386.rpm
Fedora Core 2
http://download.fedora.redhat.com/pub/fedora/linux/core/updates/2/
RedHat postgresql-debuginfo-7.4.7-1.FC2.2.x86_64.rpm
Fedora Core 2
http://download.fedora.redhat.com/pub/fedora/linux/core/updates/2/
RedHat postgresql-devel-7.4.7-1.FC2.2.i386.rpm
Fedora Core 2
http://download.fedora.redhat.com/pub/fedora/linux/core/updates/2/
RedHat postgresql-devel-7.4.7-1.FC2.2.x86_64.rpm
Fedora Core 2
http://download.fedora.redhat.com/pub/fedora/linux/core/updates/2/
RedHat postgresql-docs-7.4.7-1.FC2.2.i386.rpm
Fedora Core 2
http://download.fedora.redhat.com/pub/fedora/linux/core/updates/2/
RedHat postgresql-docs-7.4.7-1.FC2.2.x86_64.rpm
Fedora Core 2
http://download.fedora.redhat.com/pub/fedora/linux/core/updates/2/
RedHat postgresql-jdbc-7.4.7-1.FC2.2.i386.rpm
Fedora Core 2
http://download.fedora.redhat.com/pub/fedora/linux/core/updates/2/
RedHat postgresql-jdbc-7.4.7-1.FC2.2.x86_64.rpm
Fedora Core 2
http://download.fedora.redhat.com/pub/fedora/linux/core/updates/2/
RedHat postgresql-libs-7.4.7-1.FC2.2.i386.rpm
Fedora Core 2
http://download.fedora.redhat.com/pub/fedora/linux/core/updates/2/
RedHat postgresql-libs-7.4.7-1.FC2.2.x86_64.rpm
Fedora Core 2
http://download.fedora.redhat.com/pub/fedora/linux/core/updates/2/
RedHat postgresql-pl-7.4.7-1.FC2.2.i386.rpm
Fedora Core 2
http://download.fedora.redhat.com/pub/fedora/linux/core/updates/2/
RedHat postgresql-pl-7.4.7-1.FC2.2.x86_64.rpm
Fedora Core 2
http://download.fedora.redhat.com/pub/fedora/linux/core/updates/2/
RedHat postgresql-python-7.4.7-1.FC2.2.i386.rpm
Fedora Core 2
http://download.fedora.redhat.com/pub/fedora/linux/core/updates/2/
RedHat postgresql-python-7.4.7-1.FC2.2.x86_64.rpm
Fedora Core 2
http://download.fedora.redhat.com/pub/fedora/linux/core/updates/2/
RedHat postgresql-server-7.4.7-1.FC2.2.i386.rpm
Fedora Core 2
http://download.fedora.redhat.com/pub/fedora/linux/core/updates/2/
RedHat postgresql-server-7.4.7-1.FC2.2.x86_64.rpm
Fedora Core 2
http://download.fedora.redhat.com/pub/fedora/linux/core/updates/2/
RedHat postgresql-tcl-7.4.7-1.FC2.2.i386.rpm
Fedora Core 2
http://download.fedora.redhat.com/pub/fedora/linux/core/updates/2/
RedHat postgresql-tcl-7.4.7-1.FC2.2.x86_64.rpm
Fedora Core 2
http://download.fedora.redhat.com/pub/fedora/linux/core/updates/2/
RedHat postgresql-test-7.4.7-1.FC2.2.i386.rpm
Fedora Core 2
http://download.fedora.redhat.com/pub/fedora/linux/core/updates/2/
RedHat postgresql-test-7.4.7-1.FC2.2.x86_64.rpm
Fedora Core 2
http://download.fedora.redhat.com/pub/fedora/linux/core/updates/2/
RedHat Fedora Core3
RedHat postgresql-7.4.7-1.FC3.2.i386.rpm
Fedora Core 3
http://download.fedora.redhat.com/pub/fedora/linux/core/updates/3/
RedHat postgresql-7.4.7-1.FC3.2.x86_64.rpm
Fedora Core 3
http://download.fedora.redhat.com/pub/fedora/linux/core/updates/3/
RedHat postgresql-contrib-7.4.7-1.FC3.2.i386.rpm
Fedora Core 3
http://download.fedora.redhat.com/pub/fedora/linux/core/updates/3/
RedHat postgresql-contrib-7.4.7-1.FC3.2.x86_64.rpm
Fedora Core 3
http://download.fedora.redhat.com/pub/fedora/linux/core/updates/3/
RedHat postgresql-debuginfo-7.4.7-1.FC3.2.i386.rpm
Fedora Core 3
http://download.fedora.redhat.com/pub/fedora/linux/core/updates/3/
RedHat postgresql-debuginfo-7.4.7-1.FC3.2.x86_64.rpm
Fedora Core 3
http://download.fedora.redhat.com/pub/fedora/linux/core/updates/3/
RedHat postgresql-devel-7.4.7-1.FC3.2.i386.rpm
Fedora Core 3
http://download.fedora.redhat.com/pub/fedora/linux/core/updates/3/
RedHat postgresql-devel-7.4.7-1.FC3.2.x86_64.rpm
Fedora Core 3
http://download.fedora.redhat.com/pub/fedora/linux/core/updates/3/
RedHat postgresql-docs-7.4.7-1.FC3.2.i386.rpm
Fedora Core 3
http://download.fedora.redhat.com/pub/fedora/linux/core/updates/3/
RedHat postgresql-docs-7.4.7-1.FC3.2.x86_64.rpm
Fedora Core 3
http://download.fedora.redhat.com/pub/fedora/linux/core/updates/3/
RedHat postgresql-jdbc-7.4.7-1.FC3.2.i386.rpm
Fedora Core 3
http://download.fedora.redhat.com/pub/fedora/linux/core/updates/3/
RedHat postgresql-jdbc-7.4.7-1.FC3.2.x86_64.rpm
Fedora Core 3
http://download.fedora.redhat.com/pub/fedora/linux/core/updates/3/
RedHat postgresql-libs-7.4.7-1.FC3.2.i386.rpm
Fedora Core 3
http://download.fedora.redhat.com/pub/fedora/linux/core/updates/3/
RedHat postgresql-libs-7.4.7-1.FC3.2.x86_64.rpm
Fedora Core 3
http://download.fedora.redhat.com/pub/fedora/linux/core/updates/3/
RedHat postgresql-pl-7.4.7-1.FC3.2.i386.rpm
Fedora Core 3
http://download.fedora.redhat.com/pub/fedora/linux/core/updates/3/
RedHat postgresql-pl-7.4.7-1.FC3.2.x86_64.rpm
Fedora Core 3
http://download.fedora.redhat.com/pub/fedora/linux/core/updates/3/
RedHat postgresql-python-7.4.7-1.FC3.2.i386.rpm
Fedora Core 3
http://download.fedora.redhat.com/pub/fedora/linux/core/updates/3/
RedHat postgresql-python-7.4.7-1.FC3.2.x86_64.rpm
Fedora Core 3
http://download.fedora.redhat.com/pub/fedora/linux/core/updates/3/
RedHat postgresql-server-7.4.7-1.FC3.2.i386.rpm
Fedora Core 3
http://download.fedora.redhat.com/pub/fedora/linux/core/updates/3/
RedHat postgresql-server-7.4.7-1.FC3.2.x86_64.rpm
Fedora Core 3
http://download.fedora.redhat.com/pub/fedora/linux/core/updates/3/
RedHat postgresql-tcl-7.4.7-1.FC3.2.i386.rpm
Fedora Core 3
http://download.fedora.redhat.com/pub/fedora/linux/core/updates/3/
RedHat postgresql-tcl-7.4.7-1.FC3.2.x86_64.rpm
Fedora Core 3
http://download.fedora.redhat.com/pub/fedora/linux/core/updates/3/",远程,PostgreSQL gram.y 缓冲区溢出漏洞,postgreSQL,1
CVE-2005-0244,PostgreSQL 8.0.0以及较早的版本允许本地用户通过使用CREATE AGGREGATE命令来绕过函数的EXECUTE权限检查。,中危,权限许可和访问控制,CNNVD-200505-321,http://www.cnnvd.org.cn/web/xxk/ldxqById.tag?CNNVD=CNNVD-200505-321,目前厂商已经发布了升级补丁以修复此安全问题，补丁获取链接：http://www.mandriva.com/en/download,远程,PostgreSQL 未明漏洞,postgreSQL,1
CVE-2005-0227,PostgreSQL (pgsql) 7.4.x， 7.2.x以及其他的版本，允许本地用户通过LOAD extension来加载任意共享的库并执行代码。,中危,代码注入,CNNVD-200505-115,http://www.cnnvd.org.cn/web/xxk/ldxqById.tag?CNNVD=CNNVD-200505-115,目前厂商已经发布了升级补丁以修复此安全问题，补丁获取链接：http://www.mandriva.com/en/download,本地,PostgreSQL LOAD Extension本地提权漏洞,postgreSQL,1
CVE-2004-0977,"PostgreSQL 是一个自由的对象-关系数据库服务器(数据库管理系统)。
PostgreSQL 7.4.5及更早版本中的make_oidjoins_check脚本，可让本地用户通过象征性的链接攻击临时文件，从而覆盖这些文件。",低危,设计错误,CNNVD-200502-034,http://www.cnnvd.org.cn/web/xxk/ldxqById.tag?CNNVD=CNNVD-200502-034,"目前厂商已经发布了升级补丁以修复这个安全问题，补丁下载链接：
SGI ProPack 3.0
SGI patch10131.tar.gz
ftp://patches.sgi.com/support/free/security/patches/ProPack/3/patch101 31.tar.gz
PostgreSQL PostgreSQL 7.2.1
Debian libecpg3_7.2.1-2woody6_alpha.deb
Debian GNU/Linux 3.0 alias woody
http://security.debian.org/pool/updates/main/p/postgresql/libecpg3_7.2 .1-2woody6_alpha.deb
Debian libecpg3_7.2.1-2woody6_arm.deb
Debian GNU/Linux 3.0 alias woody
http://security.debian.org/pool/updates/main/p/postgresql/libecpg3_7.2 .1-2woody6_arm.deb
Debian libecpg3_7.2.1-2woody6_hppa.deb
Debian GNU/Linux 3.0 alias woody
http://security.debian.org/pool/updates/main/p/postgresql/libecpg3_7.2 .1-2woody6_hppa.deb
Debian libecpg3_7.2.1-2woody6_i386.deb
Debian GNU/Linux 3.0 alias woody
http://security.debian.org/pool/updates/main/p/postgresql/libecpg3_7.2 .1-2woody6_i386.deb
Debian libecpg3_7.2.1-2woody6_ia64.deb
Debian GNU/Linux 3.0 alias woody
http://security.debian.org/pool/updates/main/p/postgresql/libecpg3_7.2 .1-2woody6_ia64.deb
Debian libecpg3_7.2.1-2woody6_m68k.deb
Debian GNU/Linux 3.0 alias woody
http://security.debian.org/pool/updates/main/p/postgresql/libecpg3_7.2 .1-2woody6_m68k.deb
Debian libecpg3_7.2.1-2woody6_mips.deb
Debian GNU/Linux 3.0 alias woody
http://security.debian.org/pool/updates/main/p/postgresql/libecpg3_7.2 .1-2woody6_mips.deb
Debian libecpg3_7.2.1-2woody6_mipsel.deb
Debian GNU/Linux 3.0 alias woody
http://security.debian.org/pool/updates/main/p/postgresql/libecpg3_7.2 .1-2woody6_mipsel.deb
Debian libecpg3_7.2.1-2woody6_powerpc.deb
Debian GNU/Linux 3.0 alias woody
http://security.debian.org/pool/updates/main/p/postgresql/libecpg3_7.2 .1-2woody6_powerpc.deb
Debian libecpg3_7.2.1-2woody6_s390.deb
Debian GNU/Linux 3.0 alias woody
http://security.debian.org/pool/updates/main/p/postgresql/libecpg3_7.2 .1-2woody6_s390.deb
Debian libecpg3_7.2.1-2woody6_sparc.deb
Debian GNU/Linux 3.0 alias woody
http://security.debian.org/pool/updates/main/p/postgresql/libecpg3_7.2 .1-2woody6_sparc.deb
Debian libpgperl_7.2.1-2woody6_alpha.deb
Debian GNU/Linux 3.0 alias woody
http://security.debian.org/pool/updates/main/p/postgresql/libpgperl_7. 2.1-2woody6_alpha.deb
Debian libpgperl_7.2.1-2woody6_arm.deb
Debian GNU/Linux 3.0 alias woody
http://security.debian.org/pool/updates/main/p/postgresql/libpgperl_7. 2.1-2woody6_arm.deb
Debian libpgperl_7.2.1-2woody6_hppa.deb
Debian GNU/Linux 3.0 alias woody
http://security.debian.org/pool/updates/main/p/postgresql/libpgperl_7. 2.1-2woody6_hppa.deb
Debian libpgperl_7.2.1-2woody6_i386.deb
Debian GNU/Linux 3.0 alias woody
http://security.debian.org/pool/updates/main/p/postgresql/libpgperl_7. 2.1-2woody6_i386.deb
Debian libpgperl_7.2.1-2woody6_ia64.deb
Debian GNU/Linux 3.0 alias woody
http://security.debian.org/pool/updates/main/p/postgresql/libpgperl_7. 2.1-2woody6_ia64.deb
Debian libpgperl_7.2.1-2woody6_m68k.deb
Debian GNU/Linux 3.0 alias woody
http://security.debian.org/pool/updates/main/p/postgresql/libpgperl_7. 2.1-2woody6_m68k.deb
Debian libpgperl_7.2.1-2woody6_mips.deb
Debian GNU/Linux 3.0 alias woody
http://security.debian.org/pool/updates/main/p/postgresql/libpgperl_7. 2.1-2woody6_mips.deb
Debian libpgperl_7.2.1-2woody6_mipsel.deb
Debian GNU/Linux 3.0 alias woody
http://security.debian.org/pool/updates/main/p/postgresql/libpgperl_7. 2.1-2woody6_mipsel.deb
Debian libpgperl_7.2.1-2woody6_powerpc.deb
Debian GNU/Linux 3.0 alias woody
http://security.debian.org/pool/updates/main/p/postgresql/libpgperl_7. 2.1-2woody6_powerpc.deb
Debian libpgperl_7.2.1-2woody6_s390.deb
Debian GNU/Linux 3.0 alias woody
http://security.debian.org/pool/updates/main/p/postgresql/libpgperl_7. 2.1-2woody6_s390.deb
Debian libpgperl_7.2.1-2woody6_sparc.deb
Debian GNU/Linux 3.0 alias woody
http://security.debian.org/pool/updates/main/p/postgresql/libpgperl_7. 2.1-2woody6_sparc.deb
Debian libpgsql2_7.2.1-2woody6_alpha.deb
Debian GNU/Linux 3.0 alias woody
http://security.debian.org/pool/updates/main/p/postgresql/libpgsql2_7. 2.1-2woody6_alpha.deb
Debian libpgsql2_7.2.1-2woody6_arm.deb
Debian GNU/Linux 3.0 alias woody
http://security.debian.org/pool/updates/main/p/postgresql/libpgsql2_7. 2.1-2woody6_arm.deb
Debian libpgsql2_7.2.1-2woody6_hppa.deb
Debian GNU/Linux 3.0 alias woody
http://security.debian.org/pool/updates/main/p/postgresql/libpgsql2_7. 2.1-2woody6_hppa.deb
Debian libpgsql2_7.2.1-2woody6_i386.deb
Debian GNU/Linux 3.0 alias woody
http://security.debian.org/pool/updates/main/p/postgresql/libpgsql2_7. 2.1-2woody6_i386.deb
Debian libpgsql2_7.2.1-2woody6_ia64.deb
Debian GNU/Linux 3.0 alias woody
http://security.debian.org/pool/updates/main/p/postgresql/libpgsql2_7. 2.1-2woody6_ia64.deb",本地,PostgreSQL不安全临时文件创建漏洞,postgreSQL,1
CVE-2004-0547,"PostgreSQL是PostgreSQL开发组所研发的一套自由的对象关系型数据库管理系统。该系统支持大部分SQL标准并且提供了许多其他特性，例如外键、触发器、视图等。
PostgreSQL的ODBC驱动存在一个缓冲区溢出问题，远程攻击者可以利用这个漏洞对相关的应用程序进行拒绝服务攻击。
利用这个问题，可以导致如使用php4-odbc的PHP脚本使的Apache WEB服务程序崩溃，不过目前没有详细漏洞细节提供。",中危,边界条件错误,CNNVD-200408-102,http://www.cnnvd.org.cn/web/xxk/ldxqById.tag?CNNVD=CNNVD-200408-102,"厂商补丁：
Debian
------

http://www.debian.org/security/2004/dsa-516",远程,PostgreSQL ODBC Driver未明远程缓冲区溢出漏洞,postgreSQL,1
CVE-2004-0366,libpam-pgsql程序库0.52之前的版本存在SQL注入漏洞。攻击者可以执行任意的SQL语句。,高危,SQL注入,CNNVD-200405-016,http://www.cnnvd.org.cn/web/xxk/ldxqById.tag?CNNVD=CNNVD-200405-016,"Debian has issued fixes.
Leon J Breedt pam-pgsql 0.5.1",远程,Leon J Breedt Pam-PGSQL远程SQL注入漏洞,postgreSQL,1
CVE-2003-0901,"PostgreSQL是PostgreSQL开发组所研发的一套自由的对象关系型数据库管理系统。该系统支持大部分SQL标准并且提供了许多其他特性，例如外键、触发器、视图等。
PostgreSQL包含的to_ascii()函数存在问题，远程攻击者可以利用这个漏洞触发缓冲区溢出，可能以PostgreSQL进程权限在系统上执行任意指令。
提交超多数据给to_ascii()函数，由于缺少充分的缓冲区边界检查，可导致发生基于堆的溢出，通过精心覆盖堆的管理结构可导致以PostgreSQL进程权限在系统上执行任意指令。",高危,边界条件错误,CNNVD-200311-004,http://www.cnnvd.org.cn/web/xxk/ldxqById.tag?CNNVD=CNNVD-200311-004,"厂商补丁：
PostgreSQL
----------
目前厂商已经发布了升级补丁以修复这个安全问题，请到厂商的主页下载：http://www.postgresql.org",远程,PostgreSQL To_Ascii()缓冲区溢出漏洞,postgreSQL,1
CVE-2002-1657,PostgreSQL在生成密码时为salt使用用户名。远程攻击者可以借助蛮力攻击猜测密码。,中危,未知,CNNVD-200212-639,http://www.cnnvd.org.cn/web/xxk/ldxqById.tag?CNNVD=CNNVD-200212-639,,远程,PostgreSQL漏洞,postgreSQL,1
CVE-2002-1642,PostgreSQL 7.2.1和7.2.2版本存在漏洞。本地用户借助VACUUM命令删除log (pg_clog)数据和导致服务拒绝（数据丢失）。,高危,设计错误,CNNVD-200210-001,http://www.cnnvd.org.cn/web/xxk/ldxqById.tag?CNNVD=CNNVD-200210-001,"Conectiva have released a security announcement (CLSA-2003:654) to address this issue. See referenced announcement for further information relating to applying fixes.
The vendor has reported that this issue has been addressed in the current version of the product.
PostgreSQL PostgreSQL 7.2",本地,PostgreSQL VACUUM命令数据丢失漏洞,postgreSQL,1
CVE-2002-1402,"PostgreSQL是一款增强型对象-关系数据库管理程序，支持SQL标准子集扩展，适用于多种操作系统下。
PostgreSQL在处理TZ环境变量时存在漏洞，本地攻击者可以利用这个漏洞进行缓冲区溢出攻击，可能以PostgreSQL进程权限在系统上执行任意指令。
PostgreSQL在处理超长TZ环境变量可触发缓冲区溢出，精心构建TZ环境变量数据，本地用户可以对系统进行拒绝服务或以PostgreSQL进程权限在系统上执行任意指令。",中危,边界条件错误,CNNVD-200301-024,http://www.cnnvd.org.cn/web/xxk/ldxqById.tag?CNNVD=CNNVD-200301-024,"厂商补丁：
Conectiva
---------
Conectiva已经为此发布了一个安全公告(CLA-2002:524)以及相应补丁:CLA-2002:524：postgresql",本地,PostgreSQL TZ环境变量缓冲区溢出漏洞,postgreSQL,1
CVE-2002-1401,"PostgreSQL是一款增强对象-关系数据库管理程序，支持SQL标准子集扩展，适用于多种操作系统下。
PostgreSQL的'path_encode()'函数对用户提交的输入缺少正确检查，本地攻击者可以利用这个漏洞进行缓冲区溢出攻击，可能以PostgreSQL进程权限在系统上执行任意指令。
'src/backend/adt/utils/geo_ops.c'中的'path_encode()'函数对用户提交的字符串缺少正确缓冲区边界检查，超长的字符串可导致覆盖程序指令指针，精心构建提交数据可能以PostgreSQL进程权限在系统上执行任意指令。",中危,缓冲区溢出,CNNVD-200301-029,http://www.cnnvd.org.cn/web/xxk/ldxqById.tag?CNNVD=CNNVD-200301-029,"厂商补丁：
Conectiva
---------
Conectiva已经为此发布了一个安全公告(CLA-2002:524)以及相应补丁:CLA-2002:524：postgresql",远程,PostgreSQL path_encode()缓冲区溢出漏洞,postgreSQL,1
CVE-2002-1400,"PostgreSQL是一款增强对象-关系数据库管理程序，支持SQL标准子集扩展，适用于多种操作系统下。
PostgreSQL repeat函数对用户提交的输入缺少正确处理，本地攻击者可以利用这个漏洞进行缓冲区溢出攻击，导致权限提升。
repeat()函数对参数缺少正确的缓冲区边界检查，提供超长参数可以导致产生缓冲区溢出，以数据库进程权限在系统执行任意指令。",高危,边界条件错误,CNNVD-200301-033,http://www.cnnvd.org.cn/web/xxk/ldxqById.tag?CNNVD=CNNVD-200301-033,"厂商补丁：
Conectiva
---------
Conectiva已经为此发布了一个安全公告(CLA-2002:524)以及相应补丁:CLA-2002:524：postgresql",远程,PostgreSQL Repeat函数本地缓冲区溢出漏洞,postgreSQL,1
CVE-2002-1399,PostgreSQL 7.2.1及其之前版本，以及可能7.2.3之前的近期版本中cash_out和可能其他函数存在未知的漏洞。该漏洞具有未知的影响，且基于被处理成不同数据类型的无效整数输入，正如使用cash_out(2)。,超危,未知,CNNVD-200301-028,http://www.cnnvd.org.cn/web/xxk/ldxqById.tag?CNNVD=CNNVD-200301-028,,远程,PostgreSQL cash_out未知的漏洞,postgreSQL,1
CVE-2002-1398,"PostgreSQL是一款增强型对象-关系数据库管理程序，支持SQL标准子集扩展，适用于多种操作系统下。
PostgreSQL的日期解析函数对用户提交的输入缺少正确检查，本地攻击者可以利用这个漏洞进行缓冲区溢出攻击，可能以PostgreSQL进程权限在系统上执行任意指令。
如果前端系统没有对提交的日期字符串进行正确的缓冲区边界检查，超长的字符串可导致解析日期时发生缓冲区溢出，精心构建提交数据可能以PostgreSQL进程权限在系统上执行任意指令。",中危,边界条件错误,CNNVD-200301-025,http://www.cnnvd.org.cn/web/xxk/ldxqById.tag?CNNVD=CNNVD-200301-025,"厂商补丁：
Conectiva
---------
Conectiva已经为此发布了一个安全公告(CLA-2002:524)以及相应补丁:CLA-2002:524：postgresql",本地,PostgreSQL日期解析器缓冲区溢出漏洞,postgreSQL,1
CVE-2002-1397,"PostgreSQL是一款增强对象-关系数据库管理程序，支持SQL标准子集扩展，包括transactions、foreign keys、subqueries、triggers、用户定义类型等函数。
PostgreSQL的cash_words()函数对用户提交的参数缺少正确检查，攻击者可以利用这个漏洞进行缓冲区溢出攻击。
PostgreSQL的cash_words()函数对用户提交的参数缺少判断，攻击者可以提交一个很大的负值数据而导致产生缓冲区溢出，攻击者可能可以利用这个漏洞以PostgreSQL进程权限执行任意指令。
此漏洞可以通过本地利用或者通过利用WEB页SQL注入触发。",高危,边界条件错误,CNNVD-200301-015,http://www.cnnvd.org.cn/web/xxk/ldxqById.tag?CNNVD=CNNVD-200301-015,"临时解决方法：
如果您不能立刻安装补丁或者升级，CNNVD建议您采取以下措施以降低威胁：* 暂时没有合适的临时解决方法。
厂商补丁：
PostgreSQL
----------
目前厂商已经发布了升级补丁以修复这个安全问题，请到厂商的主页下载：",远程,PostgreSQL cash_words()函数缓冲区溢出漏洞,postgreSQL,1
CVE-2002-0972,"PostgreSQL是一款增强对象-关系数据库管理程序，支持SQL标准子集扩展，适用于多种操作系统下。
PostgreSQL字符串填充函数对用户提交的输入缺少正确处理，本地攻击者可以利用这个漏洞进行缓冲区溢出攻击，导致权限提升。
src/backend/utils/adt/oracle_compat.c文件中的lpad()和rpad()函数用于对已经存在的字符串填补到一定长度。这两个函数没有正确处理用户提交的超长的整数参数，可导致缓冲区破坏，精心构建提交的参数可以提升权限。
这个漏洞只影响使用特殊通用编码建立的数据，如使用""UNICODE""编码建立的数据库存在此问题。",中危,边界条件错误,CNNVD-200209-039,http://www.cnnvd.org.cn/web/xxk/ldxqById.tag?CNNVD=CNNVD-200209-039,"厂商补丁：
Conectiva
---------
Conectiva已经为此发布了一个安全公告(CLA-2002:524)以及相应补丁:CLA-2002:524：postgresql",本地,PostgreSQL字符串填充函数本地缓冲区溢出漏洞,postgreSQL,1
CVE-2002-0802,带有SQL_ASCII编码的PostgreSQL 6.5.x版本的多字节支持处理非转换字符时消耗额外字符。该漏洞可以删除查询的转义字符并产生SQL注入攻击的申报主体。,高危,SQL注入,CNNVD-200208-038,http://www.cnnvd.org.cn/web/xxk/ldxqById.tag?CNNVD=CNNVD-200208-038,,远程,PostgreSQL漏洞,postgreSQL,1
CVE-2001-1379,PostgreSQL认证模式(1)mod_auth_pgsql 0.9.5，(2)mod_auth_pgsql_sys 0.9.4存在漏洞。远程攻击者可以借助用户名上的SQL注入攻击绕过认证并执行任意SQL。,高危,SQL注入,CNNVD-200108-149,http://www.cnnvd.org.cn/web/xxk/ldxqById.tag?CNNVD=CNNVD-200108-149,"Version 0.9.6 was still found to be prone to remote SQL query manipulation, so the vendor has released 0.9.9 to address this.
Conectiva has also released upgrades.
Guiseppe Tanzilli and Matthias Eckermann mod_auth_pgsql 0.9.5",远程,Apache mod_auth_pgsql远程SQL查询操作漏洞,postgreSQL,1
CVE-2001-1090,nss_postgresql 0.6.1及其早期版本存在漏洞。远程攻击者可以通过向HTTP请求注入SQL代码执行任意SQL查询。,高危,输入验证,CNNVD-200109-029,http://www.cnnvd.org.cn/web/xxk/ldxqById.tag?CNNVD=CNNVD-200109-029,"Currently the SecurityFocus staff are not aware of any vendor-supplied patches for this issue. If you feel we are in error or are aware of more recent information, please mail us at: vuldb@securityfocus.com .",远程,NSS NSS_PostGreSQL Remote SQL查询操作漏洞,postgreSQL,1
CVE-2001-0201,PostgreSQL的Postaci frontend不正确过滤字符如分号等，远程攻击者可以借助deletecontact.php程序执行任意SQL查询。,高危,输入验证,CNNVD-200103-092,http://www.cnnvd.org.cn/web/xxk/ldxqById.tag?CNNVD=CNNVD-200103-092,"Currently the SecurityFocus staff are not ware of any vendor supplied patches for this issue. If you feel we are in error or are aware of more recent information, please mail us at: vuldb@securityfocus.com.",远程,Postaci任意SQL命令注入漏洞,postgreSQL,1
CVE-2000-1199,PostgreSQL将用户名和密码存储在（1）pg_shadow和（2）pg_pwd的纯文本文件中，权限充分的攻击者可以利用该漏洞获取数据库访问权限。,中危,设计错误,CNNVD-200108-179,http://www.cnnvd.org.cn/web/xxk/ldxqById.tag?CNNVD=CNNVD-200108-179,"Currently the SecurityFocus staff are not aware of any vendor supplied patches for this issue. If you feel we are in error or are aware of more recent information, please mail us at: vuldb@securityfocus.com.",本地,PostgreSQL明文密码漏洞,postgreSQL,1
CVE-1999-0862,PostgreSQL的RPM分发不安全目录权限存在漏洞。本地用户可以通过读取明文密码文件获得权限。,低危,未知,CNNVD-199912-021,http://www.cnnvd.org.cn/web/xxk/ldxqById.tag?CNNVD=CNNVD-199912-021,,本地,PostgreSQL RPM分发不安全目录权限许可和访问控制漏洞,postgreSQL,1
