Transport Layer Security,CVE-2020-5860,F5 BIG-IP和F5 BIG-IQ都是美国F5公司的产品。F5 BIG-IP是一款集成了网络流量管理、应用程序安全管理、负载均衡等功能的应用交付平台。F5 BIG-IQ是一套基于软件的云管理解决方案。该方案支持跨公共和私有云、传统数据中心和混合环境部署应用交付和网络服务。F5 BIG-IP和BIG-IQ中存在安全漏洞，该漏洞源于失效转移没有进行较强的身份验证并且HA网络失效转移流量没有使用安全网络传输协议进行加密。攻击者可通过实施中间人攻击利用该漏洞访问未加密的HA网络失效转移流量。以下产品及版本受到影响：F5 BIG-IP 15.0.0版本至15.1.0.2版本，14.1.0版本至14.1.2.3版本，13.1.0版本至13.1.3.2版本，12.1.0版本至12.1.5.1版本，11.5.2版本至11.6.5.1版本；BIG-IQ 7.0.0版本，6.0.0版本至6.1.0版本，5.2.0版本至5.4.0版本。,高危,加密问题,CNNVD-202003-1654,http://www.cnnvd.org.cn/web/xxk/ldxqById.tag?CNNVD=CNNVD-202003-1654,目前厂商暂未发布修复措施解决此安全问题，建议使用此软件的用户随时关注厂商主页或参考网址以获取解决办法：https://support.f5.com/,远程,F5 BIG-IP和BIG-IQ 加密问题漏洞,
Transport Layer Security,CVE-2020-3285,Cisco Firepower Threat Defense（FTD）是美国思科（Cisco）公司的一套提供下一代防火墙服务的统一软件。Cisco FTD Software 6.4.0版本至6.4.0.8版本（release）中的TLS 1.3版本策略（配置有URL category）存在安全漏洞。远程攻击者可通过发送特制的TLS 1.3连接请求利用该漏洞绕过TLS 1.3版本策略，访问受影响设备之外的URL。,中危,输入验证错误,CNNVD-202005-219,http://www.cnnvd.org.cn/web/xxk/ldxqById.tag?CNNVD=CNNVD-202005-219,目前厂商暂未发布修复措施解决此安全问题，建议使用此软件的用户随时关注厂商主页或参考网址以获取解决办法：https://www.cisco.com/,远程,Cisco Firepower Threat Defense 输入验证错误漏洞,
Transport Layer Security,CVE-2020-3283,Cisco Firepower Threat Defense（FTD）是美国思科（Cisco）公司的一套提供下一代防火墙服务的统一软件。Cisco Firepower 1000 Series中的FTD Software的Secure Sockets Layer (SSL)/Transport Layer Security (TLS)处理器存在缓冲区错误漏洞。远程攻击者可通过发送特制的SSL/TLS消息利用该漏洞造成拒绝服务。,高危,缓冲区错误,CNNVD-202005-222,http://www.cnnvd.org.cn/web/xxk/ldxqById.tag?CNNVD=CNNVD-202005-222,目前厂商已发布升级补丁以修复漏洞，补丁获取链接：https://tools.cisco.com/security/center/content/CiscoSecurityAdvisory/cisco-sa-ftd-tls-dos-4v5nmWtZ,远程,Cisco Firepower Threat Defense 缓冲区错误漏洞,
Transport Layer Security,CVE-2020-3196,Cisco Firepower Threat Defense（FTD）和Cisco Adaptive Security Appliances Software（ASA Software）都是美国思科（Cisco）公司的产品。Cisco Firepower Threat Defense是一套提供下一代防火墙服务的统一软件。Cisco Adaptive Security Appliances Software是一套防火墙和网络安全平台。该平台提供了对数据和网络资源的高度安全的访问等功能。Cisco ASA Software和FTD Software中的Secure Sockets Layer (SSL)/Transport Layer Security (TLS)处理器存在资源管理错误漏洞，该漏洞源于对所接收到SSL/TLS连接，程序没有进行正确的资源管理。远程攻击者可通过创建多个SSL/TLS连接利用该漏洞造成拒绝服务。,高危,资源管理错误,CNNVD-202005-213,http://www.cnnvd.org.cn/web/xxk/ldxqById.tag?CNNVD=CNNVD-202005-213,目前厂商已发布升级补丁以修复漏洞，补丁获取链接：https://tools.cisco.com/security/center/content/CiscoSecurityAdvisory/cisco-sa-asa-ssl-vpn-dos-qY7BHpjN,远程,Cisco Firepower Threat Defense和Adaptive Security Appliances Software 资源管理错误漏洞,
Transport Layer Security,CVE-2020-11792,NETGEAR R8900等都是美国网件（NETGEAR）公司的一款无线路由器。多款NETGEAR产品中存在安全漏洞。攻击者可利用该漏洞获取Transport Layer Security (TLS)证书的私钥。以下产品及版本受到影响：NETGEAR R8900 2020-01-20之前版本；R9000 2020-01-20之前版本；RAX120 2020-01-20之前版本；XR700 2020-01-20之前版本。,高危,信任管理问题,CNNVD-202004-1155,http://www.cnnvd.org.cn/web/xxk/ldxqById.tag?CNNVD=CNNVD-202004-1155,目前厂商已发布升级补丁以修复漏洞，补丁获取链接：https://kb.netgear.com/000061582/Security-Advisory-for-Signed-TLS-Certificate-Private-Key-Disclosure-on-Some-Routers-PSV-2020-0105,远程,多款NETGEAR产品信任管理问题漏洞,
Transport Layer Security,CVE-2020-1118,Microsoft Windows和Microsoft Windows Server都是美国微软（Microsoft）公司的产品。Microsoft Windows是一套个人设备使用的操作系统。Microsoft Windows Server是一套服务器操作系统。Microsoft Windows和Windows Server中传输层安全 (TLS)协议的实现存在拒绝服务漏洞，该漏洞源于程序没有正确地处理密钥交换。攻击者可借助特制的请求利用该漏洞导致目标系统停止响应。以下产品及版本受到影响：Microsoft Windows 10 1709版本，Windows 10 1803版本，Windows 10 1809版本，Windows 10 1903版本，Windows 10 1909版本，Windows Server 2019，Windows Server 1803版本，Windows Server 1903版本，Windows Server 1909版本。,高危,其他,CNNVD-202005-615,http://www.cnnvd.org.cn/web/xxk/ldxqById.tag?CNNVD=CNNVD-202005-615,目前厂商已发布升级补丁以修复漏洞，补丁获取链接：https://portal.msrc.microsoft.com/zh-CN/security-guidance/advisory/CVE-2020-1118,远程,Microsoft Windows和Windows Server 安全漏洞,
Transport Layer Security,CVE-2019-6652,F5 BIG-IQ Centralized Management是美国F5公司的一套基于软件的云管理解决方案。该方案支持跨公共和私有云、传统数据中心和混合环境部署应用交付和网络服务。F5 BIG-IQ Centralized Management 6.0.0版本至6.1.0版本中存在安全漏洞。攻击者可利用该漏洞获取BIG-IQ系统上统计数据库的全部访问权限。,中危,授权问题,CNNVD-201909-1108,http://www.cnnvd.org.cn/web/xxk/ldxqById.tag?CNNVD=CNNVD-201909-1108,目前厂商已发布升级补丁以修复漏洞，补丁获取链接：https://support.f5.com/csp/article/K23101430,远程,F5 BIG-IQ Centralized Management 授权问题漏洞,
Transport Layer Security,CVE-2019-1970,Realtek Audio Driver是中国台湾瑞昱半导体（Realtek）公司的一款音频驱动程序。Realtek Audio Driver中存在安全漏洞，该漏洞源于Realtek使用Visual Studio 2005来编辑二进制文件并且没有对加载的DLL执行数字签名验证。攻击者可利用该漏洞在Realtek-Semiconductor已签名进程的上下文中加载并执行恶意的payload。,高危,其他,CNNVD-202003-578,http://www.cnnvd.org.cn/web/xxk/ldxqById.tag?CNNVD=CNNVD-202003-578,目前厂商已发布升级补丁以修复漏洞，详情请关注厂商主页：https://www.realtek.com/,,Realtek Audio Driver 安全漏洞,
Transport Layer Security,CVE-2019-1957,Xen是英国剑桥大学的一款开源的虚拟机监视器产品。该产品能够使不同和不兼容的操作系统运行在同一台计算机上，并支持在运行时进行迁移，保证正常运行并且避免宕机。Xen 4.12.x及之前版本中存在输入验证错误漏洞。攻击者可借助特制应用程序利用该漏洞导致管理程序崩溃（拒绝服务），或可能提升权限，获取信息。,高危,输入验证错误,CNNVD-201912-524,http://www.cnnvd.org.cn/web/xxk/ldxqById.tag?CNNVD=CNNVD-201912-524,目前厂商已发布升级补丁以修复漏洞，补丁获取链接：https://xenbits.xen.org/xsa/advisory-309.html,本地,Xen 输入验证错误漏洞,
Transport Layer Security,CVE-2019-1873,Cisco Firepower Threat Defense（FTD）和Cisco Adaptive Security Appliances Software（ASA Software）都是美国思科（Cisco）公司的产品。Cisco Firepower Threat Defense是一套提供下一代防火墙服务的统一软件。Cisco Adaptive Security Appliances Software是一套防火墙和网络安全平台。该平台提供了对数据和网络资源的高度安全的访问等功能。Cisco ASA和FTD中的加密驱动程序存在资源管理错误漏洞。远程攻击者可通过发送特制的TLS/SSL数据包利用该漏洞造成拒绝服务。,高危,资源管理错误,CNNVD-201907-581,http://www.cnnvd.org.cn/web/xxk/ldxqById.tag?CNNVD=CNNVD-201907-581,目前厂商已发布升级补丁以修复漏洞，补丁获取链接：https://tools.cisco.com/security/center/content/CiscoSecurityAdvisory/cisco-sa-20190710-asa-ftd-dos,远程,Cisco Adaptive Security Appliances Software和Cisco Firepower Threat Defense 资源管理错误漏洞,
Transport Layer Security,CVE-2019-1833,Siemens SIMATIC S7-300 CPUs等都是德国西门子（Siemens）公司的产品。SIMATIC S7-300 CPUs是一款CPU（中央处理器）模块。SINUMERIK 840D sl是一套高级机床数控系统。SIMATIC TDC CP51M1是一款SIMATIC TDC自动化系统的工业以太网通信模块。多款Siemens产品中存在资源管理错误漏洞。该漏洞源于网络系统或产品对系统资源（如内存、磁盘空间、文件等）的管理不当。以下产品及版本受到影响：使用3.3.17之前版本固件的Siemens SIMATIC S7-300 CPU；SIMATIC TDC CP51M1 V1.1.8之前的所有版本；SIMATIC TDC CPU555 V1.1.1之前的所有版本；SINUMERIK 840D sl V4.8.6之前的所有版本；SINUMERIK 840D sl V4.94之前的所有版本。,高危,资源管理错误,CNNVD-202003-468,http://www.cnnvd.org.cn/web/xxk/ldxqById.tag?CNNVD=CNNVD-202003-468,目前厂商已发布升级补丁以修复漏洞，补丁获取链接：https://cert-portal.siemens.com/productcert/pdf/ssa-508982.pdf,远程,多款Siemens产品资源管理错误漏洞,
Transport Layer Security,CVE-2019-1590,slicer69 doas是一款使用在OpenBSD平台上，用于执行Root用户特权命令的实用程序。slicer69 doas 6.2之前版本中存在安全漏洞。攻击者可利用该漏洞以root权限执行命令。,中危,其他,CNNVD-201910-1232,http://www.cnnvd.org.cn/web/xxk/ldxqById.tag?CNNVD=CNNVD-201910-1232,目前厂商暂未发布修复措施解决此安全问题，建议使用此软件的用户随时关注厂商主页或参考网址以获取解决办法：https://github.com/slicer69/doas,远程,slicer69 doas 安全漏洞,
Transport Layer Security,CVE-2019-1318,SolarWinds Serv-U FTP Server是美国SolarWinds公司的一套FTP和MFT文件传输软件。SolarWinds Serv-U FTP Server 15.1.7版本中的Web UI存在跨站脚本漏洞。该漏洞源于WEB应用缺少对客户端数据的正确验证。攻击者可利用该漏洞执行客户端代码。,中危,跨站脚本,CNNVD-201912-718,http://www.cnnvd.org.cn/web/xxk/ldxqById.tag?CNNVD=CNNVD-201912-718,目前厂商已发布升级补丁以修复漏洞，详情请关注厂商主页：https://www.solarwinds.com,远程,SolarWinds Serv-U FTP Server 跨站脚本漏洞,
Transport Layer Security,CVE-2019-12677,Cisco Adaptive Security Appliances Software（ASA Software）是美国思科（Cisco）公司的一套防火墙和网络安全平台。该平台提供了对数据和网络资源的高度安全的访问等功能。Cisco ASA Software中的Secure Sockets Layer (SSL) VPN功能存在安全漏洞，该漏洞源于程序没有正确处理Base64编码字符串。远程攻击者可通过打开多个SSL VPN会话利用该漏洞造成拒绝服务，进而无法对受影响的设备创建新的SSL/Transport Layer Security (TLS) 连接。,中危,其他,CNNVD-201910-064,http://www.cnnvd.org.cn/web/xxk/ldxqById.tag?CNNVD=CNNVD-201910-064,目前厂商已发布升级补丁以修复漏洞，补丁获取链接：https://tools.cisco.com/security/center/content/CiscoSecurityAdvisory/cisco-sa-20191002-asa-ssl-vpn-dos,远程,Cisco Adaptive Security Appliance Software 安全漏洞,
Transport Layer Security,CVE-2019-12656,Cisco Industrial Routers Operating System Software等都是美国思科（Cisco）公司的产品。Industrial Routers Operating System Software是一套用于路由器的操作系统。CGR 1000 IOx Compute Platform Firmware是一套用于CGR 1000计算模块的固件。Industrial Compute Gateway Software是一套用于Cisco计算网关产品的操作系统。多款Cisco产品中的Iox应用程序环境的安全传输层协议（TLS）的实现存在输入验证错误漏洞。远程攻击者可通过向IOx Web服务器发送特制的TLS数据包利用该漏洞造成拒绝服务。以下产品及版本受到影响：Industrial Routers Operating System Software（Cisco 510 WPAN Industrial Router）；CGR 1000 IOx Compute Platform Firmware（Cisco CGR 1000 Compute Module）；Industrial Compute Gateway Software（Cisco IC3000 Industrial Compute Gateway）；Cisco IOS Software（Cisco Industrial Ethernet 4000 Series Switches）。,高危,输入验证错误,CNNVD-201909-1169,http://www.cnnvd.org.cn/web/xxk/ldxqById.tag?CNNVD=CNNVD-201909-1169,目前厂商已发布升级补丁以修复漏洞，补丁获取链接：https://tools.cisco.com/security/center/content/CiscoSecurityAdvisory/cisco-sa-20190925-iox,远程,多款Cisco产品输入验证错误漏洞,
Transport Layer Security,CVE-2018-15372,Cisco IOS XE Software是美国思科（Cisco）公司的一套为其网络设备开发的操作系统。,高危,访问控制错误,CNNVD-201809-1264,http://www.cnnvd.org.cn/web/xxk/ldxqById.tag?CNNVD=CNNVD-201809-1264,目前厂商已发布升级补丁以修复漏洞，补丁获取链接:https://tools.cisco.com/security/center/content/CiscoSecurityAdvisory/cisco-sa-20180926-macsec,远程或本地,Cisco IOS XE Software 访问控制错误漏洞,
Transport Layer Security,CVE-2018-0283,Cisco Firepower System Software是美国思科（Cisco）公司的一款下一代防火墙产品（NGFW）。detection engine是其中的一个入侵检测引擎。,中危,加密问题,CNNVD-201805-077,http://www.cnnvd.org.cn/web/xxk/ldxqById.tag?CNNVD=CNNVD-201805-077,目前厂商已发布升级补丁以修复漏洞，补丁获取链接：https://bst.cloudapps.cisco.com/bugsearch/bug/CSCvg99327,远程,Cisco Firepower System Software detection引擎加密问题漏洞,
Transport Layer Security,CVE-2018-0281,Cisco Firepower System Software是美国思科（Cisco）公司的一款下一代防火墙产品（NGFW）。,中危,加密问题,CNNVD-201805-078,http://www.cnnvd.org.cn/web/xxk/ldxqById.tag?CNNVD=CNNVD-201805-078,目前厂商已发布升级补丁以修复漏洞，补丁获取链接：https://bst.cloudapps.cisco.com/bugsearch/bug/CSCvg97808,远程,Cisco Firepower System Software 加密问题漏洞,
Transport Layer Security,CVE-2018-0277,Cisco Identity Services Engine（ISE）是美国思科（Cisco）公司的一款基于身份的环境感知平台（ISE身份服务引擎）。该平台通过收集网络、用户和设备中的实时信息，制定并实施相应策略来监管网络。ISE Express是一款提供动态客户功能的使用在ISE中的捆绑包。ISE Virtual Appliance是一款ISE虚拟设备。,高危,信任管理问题,CNNVD-201805-630,http://www.cnnvd.org.cn/web/xxk/ldxqById.tag?CNNVD=CNNVD-201805-630,目前厂商已发布升级补丁以修复漏洞，补丁获取链接：https://tools.cisco.com/security/center/content/CiscoSecurityAdvisory/cisco-sa-20180516-iseeap,远程,Cisco Identity Services Engine 安全漏洞,
Transport Layer Security,CVE-2018-0262,Cisco Meeting Server（CMS）Acano X-series是美国思科（Cisco）公司的一款会议服务器。Cisco Meeting Server（CMS）Software是运行在其中的一套视频会议系统。,高危,配置错误,CNNVD-201805-081,http://www.cnnvd.org.cn/web/xxk/ldxqById.tag?CNNVD=CNNVD-201805-081,目前厂商已发布升级补丁以修复漏洞，补丁获取链接：https://tools.cisco.com/security/center/content/CiscoSecurityAdvisory/cisco-sa-20180502-cms-cx,远程,Cisco Meeting Server Acano X-series Cisco Meeting Server Software 配置错误漏洞,
Transport Layer Security,CVE-2018-0231,Cisco Adaptive Security Virtual Appliance等都是美国思科（Cisco）公司的安全设备。Adaptive Security Appliance（ASA）Software和Firepower Threat Defense（FTD）Software都是运行在不同安全设备中的操作系统。Transport Layer Security（TLS）是其中的一个传输层安全协议库。,高危,缓冲区错误,CNNVD-201804-1107,http://www.cnnvd.org.cn/web/xxk/ldxqById.tag?CNNVD=CNNVD-201804-1107,目前厂商已发布升级补丁以修复漏洞，补丁获取链接：https://tools.cisco.com/security/center/content/CiscoSecurityAdvisory/cisco-sa-20180418-asa3,远程,Cisco Adaptive Security Appliance Software和Firepower Threat Defense Software Transport Layer Security库输入验证漏洞,
Transport Layer Security,CVE-2017-6791,Cisco Unified Communications Manager（CUCM，Unified CM，CallManager）是美国思科（Cisco）公司的一款统一通信系统中的呼叫处理组件。该组件提供了一种可扩展、可分布和高可用的企业IP电话呼叫处理解决方案。,高危,资料不足,CNNVD-201709-218,http://www.cnnvd.org.cn/web/xxk/ldxqById.tag?CNNVD=CNNVD-201709-218,目前厂商已发布升级补丁以修复漏洞，补丁获取链接：https://bst.cloudapps.cisco.com/bugsearch/bug/CSCux21905,远程,Cisco Unified Communications Manager 安全漏洞,
Transport Layer Security,CVE-2017-6628,Cisco Wide Area Application Services（WAAS）是美国思科（Cisco）公司的一套广域网链路加速软件。该软件主要用于带宽小和延时大的链路环境。,中危,资源管理错误,CNNVD-201705-203,http://www.cnnvd.org.cn/web/xxk/ldxqById.tag?CNNVD=CNNVD-201705-203,目前厂商已经发布了升级补丁以修复此安全问题，补丁获取链接：https://bst.cloudapps.cisco.com/bugsearch/bug/CSCvb71133,远程,Cisco Wide Area Application Services 安全漏洞,
Transport Layer Security,CVE-2017-6608,Cisco ASA 1000V Cloud Firewall等都是美国思科（Cisco）公司的产品。Cisco ASA 1000V Cloud Firewall是一套云防火墙解决方案。Cisco ASA 5500 Series Adaptive Security Appliances是下一代防火墙安全设备。Cisco ASA（Adaptive Security Appliances，自适应安全设备）Software是其中的一套防火墙和网络安全平台。该平台提供了对数据和网络资源的高度安全的访问等功能。,高危,资源管理错误,CNNVD-201704-1063,http://www.cnnvd.org.cn/web/xxk/ldxqById.tag?CNNVD=CNNVD-201704-1063,目前厂商已经发布了升级补丁以修复此安全问题，补丁获取链接：https://bst.cloudapps.cisco.com/bugsearch/bug/CSCuv48243,远程,Cisco ASA Software 资源管理错误漏洞,
Transport Layer Security,CVE-2017-5160,Schneider Electric Wonderware InTouch是法国施耐德电气（Schneider Electric）公司的一套开放的、可扩展的HMI和SCADA监控解决方案，它可创建标准化的、可重复使用的可视化应用程序。Schneider Electric Wonderware InTouch Access Anywhere Server是一款可通过Web浏览器访问InTouch应用程序的产品。Schneider Electric Wonderware InTouch Access Anywhere 11.5.2及之前的版本中存在安全漏洞，该漏洞源于程序没有正确验证SSL证书。攻击者可利用该漏洞执行恶意操作。,低危,资料不足,CNNVD-201703-1439,http://www.cnnvd.org.cn/web/xxk/ldxqById.tag?CNNVD=CNNVD-201703-1439,目前厂商已经发布了升级补丁以修复此安全问题，补丁获取链接：http://software.schneider-electric.com/pdf/security-bulletin/lfsec00000114/,远程,Schneider Electric Wonderware InTouch Access Anywhere 安全漏洞,
Transport Layer Security,CVE-2016-9212,Cisco Web Security Appliance（WSA）是美国思科（Cisco）公司的一套Web安全设备。该设备提供基于SaaS的访问控制、实时网络报告和追踪、制定安全策略等功能。Cisco WSA中存在安全漏洞。攻击者可通过发送特制的HTTP请求利用该漏洞访问被禁止的网站。,中危,输入验证,CNNVD-201612-203,http://www.cnnvd.org.cn/web/xxk/ldxqById.tag?CNNVD=CNNVD-201612-203,目前厂商已经发布了升级补丁以修复此安全问题，补丁获取链接：https://tools.cisco.com/security/center/content/CiscoSecurityAdvisory/cisco-sa-20161207-wsa1,远程,Cisco Web Security Appliance 安全漏洞,
Transport Layer Security,CVE-2010-2815,Cisco ASA系列自适应安全设备是思科专门设计的解决方案，能够将最高的安全性和VPN服务与全新的自适应识别和防御(AIM)架构有机地结合在一起。Cisco ASA 5500系列自适应安全设备和Cisco PIX 500系列安全设备中的传输层安全(TLS)功能存在未明漏洞。远程攻击者可以借助特制的TLS数据包(又名Bug ID CSCtf55259)导致服务拒绝(设备重载)。,高危,资料不足,CNNVD-201008-064,http://www.cnnvd.org.cn/web/xxk/ldxqById.tag?CNNVD=CNNVD-201008-064,目前厂商已经发布了升级补丁以修复此安全问题，补丁获取链接：http://www.cisco.com/en/US/products/products_security_advisory09186a0080b3f12f.shtml,远程,Cisco ASA 5500系列自适应安全设备和Cisco PIX 500系列安全设备传输层安全(TLS)功能未明漏洞,
Transport Layer Security,CVE-2010-2814,Cisco ASA系列自适应安全设备是思科专门设计的解决方案，能够将最高的安全性和VPN服务与全新的自适应识别和防御(AIM)架构有机地结合在一起。Cisco ASA 5500系列自适应安全设备和Cisco PIX 500系列安全设备中的传输层安全(TLS)实施存在未明漏洞。远程攻击者可以借助一连串的特制的TLS数据包(又名Bug ID CSCtf37506)导致服务拒绝(设备重载)。,高危,资料不足,CNNVD-201008-063,http://www.cnnvd.org.cn/web/xxk/ldxqById.tag?CNNVD=CNNVD-201008-063,目前厂商已经发布了升级补丁以修复此安全问题，补丁获取链接：http://www.cisco.com/en/US/products/products_security_advisory09186a0080b3f12f.shtml,远程,Cisco ASA 5500系列自适应安全设备和Cisco PIX 500系列安全设备传输层安全(TLS)功能未明漏洞,
Transport Layer Security,CVE-2010-1581,Cisco Adaptive Security Appliances（ASA，自适应安全设备）Software是美国思科（Cisco）公司的一套运行于防火墙中的操作系统。Cisco Adaptive (ASA)5500系列自适应安全设备和Cisco PIX 500系列安全设备的传输层安全(TLS)功能存在未明漏洞。远程攻击者可以借助特制的TLS数据包(又名Bug ID CSCtd32627)导致服务拒绝(设备重载)。,高危,资料不足,CNNVD-201008-056,http://www.cnnvd.org.cn/web/xxk/ldxqById.tag?CNNVD=CNNVD-201008-056,目前厂商已经发布了升级补丁以修复此安全问题，补丁获取链接：http://www.cisco.com/en/US/products/products_security_advisory09186a0080b3f12f.shtml,远程,Cisco Adaptive (ASA)5500系列自适应安全设备和Cisco PIX 500系列安全设备传输层安全(TLS)功能未明漏洞,
Transport Layer Security,CVE-2009-3555,传输层安全协议（TLS）是确保互联网上通信应用和其用户隐私的协议。Apache HTTP Server 2.2.14及之前版本，OpenSSL 0.9.8l之前版本，GnuTLS 2.8.5及之前版本，Mozilla Network Security Services (NSS) 3.12.4及之前版本，多个Cisco产品，以及其他产品的TLS协议和SSL协议中存在会话协商明文注入漏洞。由于TLS协议和SSL协议实现模块没有适当将会话协商与现存连接关联，中间人攻击者可以通过发送一个未认证的请求，将数据注入到受TLS和SSL协议保护的HTTP会话和其它类型会话中。,中危,加密问题,CNNVD-200911-069,http://www.cnnvd.org.cn/web/xxk/ldxqById.tag?CNNVD=CNNVD-200911-069,目前厂商已经发布了升级补丁以修复这个安全问题，补丁下载链接：http://cvs.openssl.org/chngview?cn=18790,远程,多个厂商TLS协议和SSL协议会话协商明文注入漏洞,
Transport Layer Security,CVE-2009-0630,Cisco IOS是美国思科（Cisco）公司为其网络设备开发的操作系统。如果运行以下功能之一，运行受影响的Cisco IOS软件和Cisco IOS XE软件版本的设备在处理IP套接字时受拒绝服务攻击的影响：,高危,设计错误,CNNVD-200903-482,http://www.cnnvd.org.cn/web/xxk/ldxqById.tag?CNNVD=CNNVD-200903-482,目前厂商已经发布了升级补丁以修复这个安全问题，补丁下载链接：http://www.cisco.com/warp/public/707/cisco-sa-20090325-ip.shtml,远程,Cisco IOS多个功能IP套接字拒绝服务漏洞,
Transport Layer Security,CVE-2009-0085,Microsoft Windows是美国微软（Microsoft）公司发布的一系列操作系统。,高危,授权问题,CNNVD-200903-191,http://www.cnnvd.org.cn/web/xxk/ldxqById.tag?CNNVD=CNNVD-200903-191,目前厂商已经发布了升级补丁以修复这个安全问题，补丁下载链接：http://www.microsoft.com/technet/security/bulletin/MS09-007.mspx?pf=true,远程,Microsoft Windows SChannel认证欺骗漏洞,
Transport Layer Security,CVE-2008-2056,PIX是一款防火墙设备，可为用户和应用提供策略强化、多载体攻击防护和安全连接服务；自适应安全设备(ASA)是可提供安全和VPN服务的模块化平台。Cisco ASA和Cisco PIX安全设备依赖于TLS保护各种情况下通讯的保密性。在所有这些情况下，PIX和ASA可能受TLS协议处理中安全漏洞的影响，导致在处理特制的TLS报文时设备重载。仅有发送到设备而不是通过设备的报文才能触发这个漏洞。这个漏洞在Cisco Bug ID中记录为CSCsm26841,高危,输入验证,CNNVD-200806-070,http://www.cnnvd.org.cn/web/xxk/ldxqById.tag?CNNVD=CNNVD-200806-070,目前厂商已经发布了升级补丁以修复这个安全问题，补丁下载链接：http://www.cisco.com/warp/public/707/cisco-sa-20080604-asa.shtml,远程,Cisco ASA/PIX安全设备TLS协议拒绝服务漏洞,
Transport Layer Security,CVE-2004-2531,"GnuTLS是一款提供可靠传输层加密的库。
GnuTLS库对X.509证书链验证存在问题，远程攻击者可以利用这个漏洞对使用GnuTLS的机器进行拒绝服务攻击。
GnuTLS库从开头到最后对root证书链的签字进行检查，不过没有限制KEYS的大小和证书链的长度，因此攻击者可以构建那些选定大小的RSA KEY签名的证书链进行验证。问题存在于选择的KEY大小，如使用复杂的RSA  KEYS(如使用32768位RSA KEY签名)进行校验时将比1024位RSA KEY多花1024倍时间，因此如果攻击者提供超大的KEY，当运行GnuTLS的服务对其进行校验时会消耗大量CPU资源而导致拒绝服务。",高危,设计错误,CNNVD-200412-141,http://www.cnnvd.org.cn/web/xxk/ldxqById.tag?CNNVD=CNNVD-200412-141,"厂商补丁：
GNU
---
目前厂商已经发布了升级补丁以修复这个安全问题，请到厂商的主页下载升级到GnuTLS库1.0.17版本：http://www.gnu.org/software/gnutls/",远程,GnuTLS证书链验证漏洞,
OpenBSD Secure Shell,CVE-2020-7247,OpenBSD是加拿大OpenBSD项目组的一套跨平台的、基于BSD的类UNIX操作系统。OpenSMTPD 6.6版本（用于OpenBSD 6.6版本和其他产品）中的smtp_session.c文件的‘smtp_mailaddr’函数存在安全漏洞。远程攻击者可通过特制的SMTP session利用该漏洞以root权限执行任意命令。,超危,其他,CNNVD-202001-1307,http://www.cnnvd.org.cn/web/xxk/ldxqById.tag?CNNVD=CNNVD-202001-1307,目前厂商已发布升级补丁以修复漏洞，补丁获取链接：https://github.com/openbsd/src/commit/9dcfda045474d8903224d175907bfc29761dcb45,,OpenSMTPD 安全漏洞,
OpenBSD Secure Shell,CVE-2020-5873,F5 BIG-IP是美国F5公司的一款集成了网络流量管理、应用程序安全管理、负载均衡等功能的应用交付平台。F5 BIG-IP和BIG-IQ中存在安全漏洞。本地攻击者可借助特制scp请求利用该漏洞执行任意命令。以下产品及版本受到影响：F5 BIG-IP 15.0.0版本至15.0.1版本，14.1.0版本至14.1.2.3版本，13.1.0版本至13.1.3.1版本，12.1.0版本至12.1.5版本，11.6.1版本至11.6.5版本；BIG-IQ 5.2.0版本至7.1.0版本。,高危,其他,CNNVD-202004-2468,http://www.cnnvd.org.cn/web/xxk/ldxqById.tag?CNNVD=CNNVD-202004-2468,目前厂商只发布了产品F5BIG-IP的升级补丁以修复漏洞，产品F5BIG-IQCentralizedManagement的升级补丁暂未发布，详情请参考链接：https://support.f5.com/csp/article/K03585731,远程,F5 BIG-IP 安全漏洞,
OpenBSD Secure Shell,CVE-2020-3336,Cisco RoomOS Software和Cisco TelePresence Collaboration Endpoint Software都是美国思科（Cisco）公司的产品。Cisco RoomOS Software是一套用于Cisco设备的自动管理软件。该软件主要用于升级、管理Cisco设备的主板固件。Cisco TelePresence Collaboration Endpoint Software是一套协作终端软件。Cisco TelePresence Collaboration Endpoint和RoomOS Software 2020-5-2之前版本中存在操作系统命令注入漏洞，该漏洞源于程序没有正确验证用户输入。远程攻击者可借助特制参数利用该漏洞导致拒绝服务或修改设备配置。,高危,操作系统命令注入,CNNVD-202006-1167,http://www.cnnvd.org.cn/web/xxk/ldxqById.tag?CNNVD=CNNVD-202006-1167,目前厂商已发布升级补丁以修复漏洞，补丁获取链接：https://tools.cisco.com/security/center/content/CiscoSecurityAdvisory/cisco-sa-tp-cmd-inj-7ZpWhvZb,远程,Cisco RoomOS Software和TelePresence Collaboration Endpoint Software 操作系统命令注入漏洞,
OpenBSD Secure Shell,CVE-2020-3207,Cisco IOS XE是美国思科（Cisco）公司的一套为其网络设备开发的操作系统。Cisco IOS XE Software中引导程序选项的处理存在命令注入漏洞，该漏洞源于处理引导程序选项时未充分验证输入信息。攻击者可通过修改设备引导程序选项利用该漏洞绕过安全启动过程，并以root权限在受影响的设备上执行恶意代码。以下产品及版本受到影响：Cisco Catalyst 3650 Series Switches；Catalyst 3850 Series Switches；Catalyst 9200 Series Switches；Catalyst 9300 Series Switches；Catalyst 9500 Series Switches。,中危,命令注入,CNNVD-202006-352,http://www.cnnvd.org.cn/web/xxk/ldxqById.tag?CNNVD=CNNVD-202006-352,目前厂商已发布升级补丁以修复漏洞，补丁获取链接：https://tools.cisco.com/security/center/content/CiscoSecurityAdvisory/cisco-sa-ngwc-cmdinj-KEwWVWR,本地,Cisco IOS XE 命令注入漏洞,
OpenBSD Secure Shell,CVE-2020-3200,Cisco IOS和IOS XE都是美国思科（Cisco）公司的一套为其网络设备开发的操作系统。Cisco IOS Software和Cisco IOS XE Software中的Secure Shell（SSH）服务器代码存在安全漏洞，该漏洞源于SSH状态机未正确表示内部状态。攻击者可通过建立与受影响设备的SSH连接利用该漏洞导致拒绝服务。,高危,其他,CNNVD-202006-345,http://www.cnnvd.org.cn/web/xxk/ldxqById.tag?CNNVD=CNNVD-202006-345,目前厂商已发布升级补丁以修复漏洞，补丁获取链接：https://tools.cisco.com/security/center/content/CiscoSecurityAdvisory/cisco-sa-ssh-dos-Un22sd2A,远程,Cisco IOS和IOS XE 安全漏洞,
OpenBSD Secure Shell,CVE-2020-11581,Pulse Secure Pulse Connect Secure（又名PCS，前称Juniper Junos Pulse）是美国Pulse Secure公司的一套SSL VPN解决方案。Pulse Secure PCS 2020-04-06及之前版本中存在操作系统命令注入漏洞。攻击者可利用该漏洞执行任意代码。,高危,操作系统命令注入,CNNVD-202004-166,http://www.cnnvd.org.cn/web/xxk/ldxqById.tag?CNNVD=CNNVD-202004-166,目前厂商暂未发布修复措施解决此安全问题，建议使用此软件的用户随时关注厂商主页或参考网址以获取解决办法：https://www.pulsesecure.net/,远程,Pulse Secure Pulse Connect Secure 操作系统命令注入漏洞,
OpenBSD Secure Shell,CVE-2020-0757,Microsoft Windows和Windows Server中存在提权漏洞，该漏洞源于程序没有正确处理Secure Socket Shell远程命令。攻击者可通过登录系统并运行特制的应用程序利用该漏洞以提升的权限执行任意代码。以下产品及版本受到影响：Microsoft Windows 10版本1809，Windows 10版本1809，Windows 10版本1903，Windows 10版本1909，Windows Server 2019，Windows Server版本1903，Windows Server版本1909。,高危,其他,CNNVD-202002-583,http://www.cnnvd.org.cn/web/xxk/ldxqById.tag?CNNVD=CNNVD-202002-583,目前厂商已发布升级补丁以修复漏洞，补丁获取链接：https://portal.msrc.microsoft.com/zh-CN/security-guidance/advisory/CVE-2020-0757,本地,Microsoft Windows和Windows Server 安全漏洞,
OpenBSD Secure Shell,CVE-2019-5672,NVIDIA Jetson TX2和NVIDIA Jetson TX1都是美国英伟达（NVIDIA）公司的产品。NVIDIA Jetson TX1是一款嵌入式系统开发模块。NVIDIA Jetson TX2是一款嵌入式系统开发模块。Linux for Tegra是运行在其中的一套Linux系统。NVIDIA Jetson TX1和TX2中的Linux for Tegra (L4T)存在安全漏洞。攻击者可利用该漏洞泄露信息。,超危,加密问题,CNNVD-201904-587,http://www.cnnvd.org.cn/web/xxk/ldxqById.tag?CNNVD=CNNVD-201904-587,目前厂商已发布升级补丁以修复漏洞，补丁获取链接：https://nvidia.custhelp.com/app/answers/detail/a_id/4787,远程,NVIDIA Jetson TX1和NVIDIA Jetson TX2 加密问题漏洞,
OpenBSD Secure Shell,CVE-2019-1859,多款Cisco产品中的Secure Shell (SSH)身份验证进程存在授权问题漏洞。该漏洞源于网络系统或产品中缺少身份验证措施或身份验证强度不足。以下产品及版本受到影响：Cisco Small Business 200 Series Smart Switches 1.4.10.6之前版本；Small Business 300 Series Managed Switches 1.4.10.6之前版本；Small Business 500 Series Managed Switches 1.4.10.6之前版本；250 Series Smart Switches 2.5.0.78之前版本；350 Series Managed Switches 2.5.0.78之前版本；350X Series Managed Switches 2.5.0.78之前版本；550X Series Stackable Managed Switches 2.5.0.78之前版本。,高危,授权问题,CNNVD-201905-054,http://www.cnnvd.org.cn/web/xxk/ldxqById.tag?CNNVD=CNNVD-201905-054,目前厂商已发布升级补丁以修复漏洞，补丁获取链接：https://tools.cisco.com/security/center/content/CiscoSecurityAdvisory/cisco-sa-20190501-scbv,远程,多款Cisco产品授权问题漏洞,
OpenBSD Secure Shell,CVE-2019-1842,Facebook WhatsApp是美国Facebook公司的一套利用网络传送短信的移动应用程序。该应用程序通过智能手机中的联络人信息，查找使用该软件的联络人传送文字、图片等。Facebook WhatsApp（桌面版）0.3.9309之前版本中存在跨站脚本漏洞。该漏洞源于WEB应用缺少对客户端数据的正确验证。攻击者可利用该漏洞执行客户端代码。,高危,跨站脚本,CNNVD-202001-940,http://www.cnnvd.org.cn/web/xxk/ldxqById.tag?CNNVD=CNNVD-202001-940,目前厂商已发布升级补丁以修复漏洞，补丁获取链接：https://www.facebook.com/security/advisories/cve-2019-18426,远程,Facebook WhatsApp 跨站脚本漏洞,
OpenBSD Secure Shell,CVE-2019-1805,Cisco Wireless LAN Controller（WLC）Software是美国思科（Cisco）公司的一套用于配置和管理WLC（无线局域网控制器）的软件。Cisco WLC Software中的访问控制机制存在访问控制错误漏洞，该漏洞源于网络系统或产品未正确限制来自未授权角色的资源访问。,中危,访问控制错误,CNNVD-201904-854,http://www.cnnvd.org.cn/web/xxk/ldxqById.tag?CNNVD=CNNVD-201904-854,目前厂商已发布升级补丁以修复漏洞，补丁获取链接：https://bst.cloudapps.cisco.com/bugsearch/bug/CSCvk79421,远程或本地,Cisco Wireless LAN Controller（WLC）Software 访问控制错误漏洞,
OpenBSD Secure Shell,CVE-2019-15998,Cisco IOS XR是美国思科（Cisco）公司的一套为其网络设备开发的操作系统。Cisco IOS XR 6.5.1版本和6.5.2版本中的NETCONF over Secure Shell (SSH) 的访问控制逻辑存在访问控制错误漏洞，该漏洞源于NETCONF over SSH访问列表缺少安检查。攻击者可利用该漏洞连接到设备上。,中危,访问控制错误,CNNVD-201911-1210,http://www.cnnvd.org.cn/web/xxk/ldxqById.tag?CNNVD=CNNVD-201911-1210,目前厂商已发布升级补丁以修复漏洞，补丁获取链接：https://tools.cisco.com/security/center/content/CiscoSecurityAdvisory/cisco-sa-20191120-iosxr-ssh-bypass,远程,Cisco IOS XR 访问控制错误漏洞,
OpenBSD Secure Shell,CVE-2019-1580,ZyXEL GS1900是中国台湾合勤（ZyXEL）公司的一款管理型交换机。使用2.50(AAHH.0)C0之前版本固件的Zyxel GS1900中存在安全漏洞。攻击者可借助借助串行控制台利用该漏洞访问密码恢复菜单。,中危,输入验证错误,CNNVD-201911-996,http://www.cnnvd.org.cn/web/xxk/ldxqById.tag?CNNVD=CNNVD-201911-996,目前厂商已发布升级补丁以修复漏洞，补丁获取链接：https://www.zyxel.com/support/gs1900-switch-vulnerabilities.shtml,远程,ZyXEL GS1900 输入验证错误漏洞,
OpenBSD Secure Shell,CVE-2019-15262,Cisco Wireless LAN Controller（WLC）Software是美国思科（Cisco）公司的一套用于配置和管理WLC（无线局域网控制器）的软件。Cisco WLC Software 8.5.140.0及之前版本中的Secure Shell会话管理存在输入验证错误漏洞，该漏洞源于当SSH连接断开时，程序没有正确删除SSH会话。远程攻击者可通过重复打开SSH连接利用该漏洞造成拒绝服务。,高危,输入验证错误,CNNVD-201910-1138,http://www.cnnvd.org.cn/web/xxk/ldxqById.tag?CNNVD=CNNVD-201910-1138,目前厂商已发布升级补丁以修复漏洞，补丁获取链接：https://tools.cisco.com/security/center/content/CiscoSecurityAdvisory/cisco-sa-20191016-wlc-ssh-dos,远程,Cisco Wireless LAN Controller Software 输入验证错误漏洞,
OpenBSD Secure Shell,CVE-2019-12700,Cisco FTD、Cisco FMC和FXOS Software中的Pluggable Authentication Module的配置存在资源管理错误漏洞。远程攻击者可通过连接到受影响设备并同时进行多个SSH登录利用该漏洞造成拒绝服务。,中危,资源管理错误,CNNVD-201910-083,http://www.cnnvd.org.cn/web/xxk/ldxqById.tag?CNNVD=CNNVD-201910-083,目前厂商已发布升级补丁以修复漏洞，补丁获取链接：https://tools.cisco.com/security/center/content/CiscoSecurityAdvisory/cisco-sa-20191002-ftd-fpmc-dos,远程,Cisco Firepower Threat Defense、Cisco Firepower Management Center和FXOS Software Pluggable Authentication Module 资源管理错误漏洞,
OpenBSD Secure Shell,CVE-2018-6441,Brocade Fabric OS（FOS）是美国博科通讯系统（Brocade）公司的一套使用在交换机和路由器等设备中的嵌入式操作系统。Secure Shell是其中的一个数据加密传输组件。,高危,权限许可和访问控制问题,CNNVD-201811-218,http://www.cnnvd.org.cn/web/xxk/ldxqById.tag?CNNVD=CNNVD-201811-218,目前厂商已发布升级补丁以修复漏洞，补丁获取链接：https://www.broadcom.com/support/fibre-channel-networking/security-advisories/brocade-security-advisory-2018-734,本地,Brocade Fabric OS Secure Shell 安全漏洞,
OpenBSD Secure Shell,CVE-2018-17317,FruityWifi是一款无线网络审计工具。,超危,操作系统命令注入,CNNVD-201809-1050,http://www.cnnvd.org.cn/web/xxk/ldxqById.tag?CNNVD=CNNVD-201809-1050,目前厂商暂未发布修复措施解决此安全问题，建议使用此软件的用户随时关注厂商主页或参考网址以获取解决办法：https://github.com/PatatasFritas/PatataWifi,远程,FruityWifi 安全漏洞,
OpenBSD Secure Shell,CVE-2018-15399,Cisco Adaptive Security Appliances（ASA，自适应安全设备）Software和Cisco Firepower Threat Defense（FTD）Software都是由美国思科（Cisco）公司开发的程序。前者是一套运行于防火墙中的操作系统。后者是一套提供下一代防火墙服务的统一软件。TCP syslog是其中的一个TCP系统日志模块。,中危,资源管理错误,CNNVD-201810-191,http://www.cnnvd.org.cn/web/xxk/ldxqById.tag?CNNVD=CNNVD-201810-191,目前厂商已发布升级补丁以修复漏洞，补丁获取链接：https://tools.cisco.com/security/center/content/CiscoSecurityAdvisory/cisco-sa-20181003-asa-syslog-dos,远程,Cisco Adaptive Security Appliance Software和Cisco Firepower Threat Defense Software 安全漏洞,
OpenBSD Secure Shell,CVE-2018-0484,Cisco IOS和IOS XE Software都是美国思科（Cisco）公司为其网络设备开发的操作系统。,中危,访问控制错误,CNNVD-201901-301,http://www.cnnvd.org.cn/web/xxk/ldxqById.tag?CNNVD=CNNVD-201901-301,目前厂商已发布升级补丁以修复漏洞，补丁获取链接：https://bst.cloudapps.cisco.com/bugsearch/bug/CSCvk37852,远程,Cisco IOS和Cisco IOS XE Software Secure Shell服务器访问控制错误漏洞,
OpenBSD Secure Shell,CVE-2018-0294,Cisco Firepower 4100 Series Next-Generation Firewalls等都是美国思科（Cisco）公司的产品。Cisco Firepower 4100 Series Next-Generation Firewalls是一款4100系列的防火墙设备。Nexus 1000V Series Switches是一款1000V系列的交换机设备。FXOS Software是一套运行在思科安全设备中的防火墙软件。NX-OS Software是运行在思科交换机设备中的一套数据中心级操作系统软件。,中危,权限许可和访问控制,CNNVD-201806-1053,http://www.cnnvd.org.cn/web/xxk/ldxqById.tag?CNNVD=CNNVD-201806-1053,目前厂商已发布升级补丁以修复漏洞，补丁获取链接：https://tools.cisco.com/security/center/content/CiscoSecurityAdvisory/cisco-sa-20180620-nxosadmin,本地,多款Cisco产品FXOS Software和NX-OS Software 权限许可和访问控制漏洞,
OpenBSD Secure Shell,CVE-2018-0279,Cisco Enterprise NFV Infrastructure Software（NFVIS）是美国思科（Cisco）公司的一套NVF基础架构软件平台。该平台可以通过中央协调器和控制器实现虚拟化服务的全生命周期管理。Secure Copy Protocol（SCP）server是其中的一个文件复制服务器。,高危,输入验证错误,CNNVD-201805-629,http://www.cnnvd.org.cn/web/xxk/ldxqById.tag?CNNVD=CNNVD-201805-629,目前厂商已发布升级补丁以修复漏洞，补丁获取链接：https://tools.cisco.com/security/center/content/CiscoSecurityAdvisory/cisco-sa-20180516-nfvis,远程,Cisco Enterprise NFV Infrastructure Software Secure Copy Protocol服务器输入验证漏洞,
OpenBSD Secure Shell,CVE-2018-0226,Cisco Aironet 1800、2800和3800 Series Access Points都是美国思科（Cisco）公司的不同系列的无线接入点设备。Mobility Express Software是运行在其中的一套管理控制软件。,高危,信任管理问题,CNNVD-201805-091,http://www.cnnvd.org.cn/web/xxk/ldxqById.tag?CNNVD=CNNVD-201805-091,目前厂商已发布升级补丁以修复漏洞，补丁获取链接：https://tools.cisco.com/security/center/content/CiscoSecurityAdvisory/cisco-sa-20180502-aironet-ssh,远程,Cisco Aironet 1800、2800和3800 Series Access Points 权限许可和访问控制漏洞,
OpenBSD Secure Shell,CVE-2018-0141,Cisco Prime Collaboration Provisioning（PCP）Software是美国思科（Cisco）公司的一套基于Web的下一代通信服务软件。该软件对IP电话、语音邮件和统一通信环境提供IP通信服务功能。,高危,信任管理问题,CNNVD-201803-263,http://www.cnnvd.org.cn/web/xxk/ldxqById.tag?CNNVD=CNNVD-201803-263,目前厂商已发布升级补丁以修复漏洞，补丁获取链接：https://tools.cisco.com/security/center/content/CiscoSecurityAdvisory/cisco-sa-20180307-cpcp,本地,Cisco Prime Collaboration Provisioning Software 安全漏洞,
OpenBSD Secure Shell,CVE-2017-6720,Cisco Small Business 300 Series Managed Switches等都是美国思科（Cisco）公司的交换机设备。Secure Shell(SSH)subsystem是其中的一个数据加密传输子系统。,高危,缓冲区错误,CNNVD-201709-1028,http://www.cnnvd.org.cn/web/xxk/ldxqById.tag?CNNVD=CNNVD-201709-1028,目前厂商已发布升级补丁以修复漏洞，补丁获取链接：https://tools.cisco.com/security/center/content/CiscoSecurityAdvisory/cisco-sa-20170920-sbms,远程,多款Cisco产品SSH子系统安全漏洞,
OpenBSD Secure Shell,CVE-2017-3834,Cisco Aironet 1830 Series和Cisco Aironet 1850 Series Access Points都是美国思科（Cisco）公司的产品。前者是一款路由器；后者是一款无线接入点产品。Mobility Express Software是其中的一个无线网络解决方案。,超危,信任管理问题,CNNVD-201704-278,http://www.cnnvd.org.cn/web/xxk/ldxqById.tag?CNNVD=CNNVD-201704-278,目前厂商已经发布了升级补丁以修复此安全问题，补丁获取链接：https://tools.cisco.com/security/center/content/CiscoSecurityAdvisory/cisco-sa-20170405-ame,远程,Cisco Aironet 1830 Series和Cisco Aironet 1850 Series Access Points Mobility Express Software 信任管理问题漏洞,
OpenBSD Secure Shell,CVE-2017-3819,Cisco ASR 5500 Series等都是美国思科（Cisco）公司的5500等系列路由器设备。StarOS是用于其中的一套Linux操作系统。,高危,访问控制错误,CNNVD-201703-638,http://www.cnnvd.org.cn/web/xxk/ldxqById.tag?CNNVD=CNNVD-201703-638,目前厂商已经发布了升级补丁以修复此安全问题，补丁获取链接：https://tools.cisco.com/security/center/content/CiscoSecurityAdvisory/cisco-sa-20170315-asr,远程,多款Cisco产品StarOS 权限许可和访问控制问题漏洞,
OpenBSD Secure Shell,CVE-2016-9684,Dell SonicWall Secure Remote Access（SRA）是美国戴尔（Dell）公司的一款Dell SonicWall安全移动访问解决方案中的SonicWALL安全远程访问系列设备。Dell SonicWall SRA服务器8.1.0.2-14sv版本中的Web管理界面的viewcert CGI (/cgi-bin/viewcert)组件存在远程命令注入漏洞。攻击者可利用该漏洞获取远程设备的shell访问权限。,超危,命令注入,CNNVD-201702-800,http://www.cnnvd.org.cn/web/xxk/ldxqById.tag?CNNVD=CNNVD-201702-800,目前厂商已经发布了升级补丁以修复此安全问题，补丁获取链接：http://documents.software.dell.com/sonicwall-sma-100-series/8.1.0.7/release-notes/resolved-issues?ParentProduct=868,远程,Dell SonicWall Secure Remote Access服务器命令注入漏洞,
OpenBSD Secure Shell,CVE-2016-9683,Dell SonicWall Secure Remote Access（SRA）是美国戴尔（Dell）公司的一款Dell SonicWall安全移动访问解决方案中的SonicWALL安全远程访问系列设备。Dell SonicWALL SRA服务器8.1.0.2-14sv版本中的Web管理界面的extensionsettings CGI (/cgi-bin/extensionsettings)组件存在远程命令注入漏洞。攻击者可利用该漏洞执行任意命令。,超危,命令注入,CNNVD-201702-801,http://www.cnnvd.org.cn/web/xxk/ldxqById.tag?CNNVD=CNNVD-201702-801,目前厂商已经发布了升级补丁以修复此安全问题，补丁获取链接：http://documents.software.dell.com/sonicwall-sma-100-series/8.1.0.7/release-notes/resolved-issues?ParentProduct=868,远程,Dell SonicWall Secure Remote Access服务器命令注入漏洞,
OpenBSD Secure Shell,CVE-2016-9682,Dell SonicWall Secure Remote Access（SRA）是美国戴尔（Dell）公司的一款Dell SonicWall安全移动访问解决方案中的SonicWALL安全远程访问系列设备。Dell SonicWall SRA服务器8.1.0.2-14sv版本中的Web管理界面的diagnostics CGI (/cgi-bin/diagnostics)组件存在远程命令注入漏洞。攻击者可利用该漏洞获取远程设备的shell访问权限。,超危,命令注入,CNNVD-201702-802,http://www.cnnvd.org.cn/web/xxk/ldxqById.tag?CNNVD=CNNVD-201702-802,目前厂商已经发布了升级补丁以修复此安全问题，补丁获取链接：http://documents.software.dell.com/sonicwall-sma-100-series/8.1.0.7/release-notes/resolved-issues?ParentProduct=868,远程,Dell SonicWall Secure Remote Access服务器命令注入漏洞,
OpenBSD Secure Shell,CVE-2016-9554,Sophos Web Appliance（SWA）是英国Sophos公司的一套Web安全网关产品。该产品支持实时网络威胁防护、自定义Web过滤和动态控制应用程序等。Sophos Web Appliance 4.2.1.3版本中的Web管理界面的MgrDiagnosticTools.php(/controllers/MgrDiagnosticTools.php)文件存在远程代码注入漏洞。攻击者可利用该漏洞获取远程机器的shell访问权限。,超危,代码注入,CNNVD-201702-108,http://www.cnnvd.org.cn/web/xxk/ldxqById.tag?CNNVD=CNNVD-201702-108,目前厂商已经发布了升级补丁以修复此安全问题，补丁获取链接：https://community.sophos.com/products/web-appliance/b/blog/posts/release-of-swa-version-4-3-1,远程,Sophos Web Appliance 安全漏洞,
OpenBSD Secure Shell,CVE-2016-9347,Emerson Electric SE4801T0X Redundant Wireless I/O Card和SE4801T1X Simplex Wireless I/O Card都是美国艾默生电气（Emerson Electric）公司的一套用于连接DeltaV（用于过程控制的软件）网络中的工作站和服务器的无线I/O卡。Emerson SE4801T0X Redundant Wireless I/O Card V13.3版本和SE4801T1X Simplex Wireless I/O Card V13.3版本中存在安全漏洞。远程攻击者可通过使用开放的端口利用该漏洞访问设备的文件系统。,中危,其他,CNNVD-201611-705,http://www.cnnvd.org.cn/web/xxk/ldxqById.tag?CNNVD=CNNVD-201611-705,目前厂商已经发布了升级补丁以修复此安全问题，详情请关注厂商主页：http://www.emerson.com/,特定网络环境,Emerson SE4801T0X Redundant Wireless I/O Card和SE4801T1X Simplex Wireless I/O Card 安全漏洞,
OpenBSD Secure Shell,CVE-2013-6830,PineApp Mail-SeCure是以色列PineApp公司的一套邮件安全保护软件。该软件可对所有进出邮件进行扫描，以保护用户远离定向或非定向的威胁。PineApp Mail-SeCure 5099SK及之前的版本中的admin/confnetworking.html页面中存在安全漏洞。当程序执行nslookup操作时，远程攻击者可借助‘nsserver’参数中的shell元字符利用该漏洞执行任意命令。,高危,代码注入,CNNVD-201311-300,http://www.cnnvd.org.cn/web/xxk/ldxqById.tag?CNNVD=CNNVD-201311-300,目前厂商还没有提供此漏洞的相关补丁或者升级程序，建议使用此软件的用户随时关注厂商的主页以获取最新版本：http://www2.pineapp.com/products/1/email-security,远程,PineApp Mail-SeCure 代码注入漏洞,
OpenBSD Secure Shell,CVE-2013-6829,PineApp Mail-SeCure是以色列PineApp公司的一套邮件安全保护软件。该软件可对所有进出邮件进行扫描，以保护用户远离定向或非定向的威胁。PineApp Mail-SeCure中的admin/confnetworking.html页面中存在安全漏洞。当程序执行ping操作时，远程攻击者可借助‘pinghost’参数中的shell元字符利用该漏洞执行任意命令。,高危,代码注入,CNNVD-201311-299,http://www.cnnvd.org.cn/web/xxk/ldxqById.tag?CNNVD=CNNVD-201311-299,目前厂商还没有提供此漏洞的相关补丁或者升级程序，建议使用此软件的用户随时关注厂商的主页以获取最新版本：http://archives.neohapsis.com/archives/fulldisclosure/2013-11/0133.html,远程,PineApp Mail-SeCure 代码注入漏洞,
OpenBSD Secure Shell,CVE-2013-4987,PineApp Mail-SeCure是以色列PineApp公司的一套邮件安全保护软件。该软件可对所有进出邮件进行扫描，以保护用户远离定向或非定向的威胁。PineApp Mail-SeCure 3.70之前的版本中存在本地提权漏洞。本地攻击者可借助控制台访问权限利用该漏洞在受影响应用设备上下文中获取root权限。,高危,权限许可和访问控制,CNNVD-201310-246,http://www.cnnvd.org.cn/web/xxk/ldxqById.tag?CNNVD=CNNVD-201310-246,目前厂商已经发布了升级补丁以修复此安全问题，补丁获取链接：http://www.coresecurity.com/advisories/pinapp-mail-secure-access-control-failure,远程,PineApp Mail-SeCure 本地提权漏洞,
OpenBSD Secure Shell,CVE-2013-4094,SecureSphere Operations Manager（SOM）是美国Imperva公司的一套多域管理解决方案，该解决方案主要用于提高当使用多个MX管理服务器来管理SecureSphere部署时的运营效率。SecureSphere是一套管理和报告框架平台，该平台提供物理和虚拟设备交付选择的功能，包含能将数据安全扩展到主机系统的服务器代理软件。Imperva SecureSphere 9.0.0.5版本中的SecureSphere Operations Manager (SOM) Management Server中的‘Key Management’功能中存在漏洞。经过授权的远程攻击者可通过T/keyManagement中的private_key或public_key参数请求到plain/settings.html，利用该漏洞上传可执行文件（如上传Linux ELF文件和shell脚本）。,中危,输入验证,CNNVD-201306-532,http://www.cnnvd.org.cn/web/xxk/ldxqById.tag?CNNVD=CNNVD-201306-532,目前厂商还没有提供此漏洞的相关补丁或者升级程序，建议使用此软件的用户随时关注厂商的主页以获取最新版本：http://ds3global.com/index.php/en/ds3-authentication-server/ds3-authentication-server,远程,Imperva SecureSphere Operations Manager ‘Key Management’功能安全漏洞,
OpenBSD Secure Shell,CVE-2013-1193,Cisco ASA是美国思科（Cisco）公司的一套防火墙设备。该设备还包括IPS（入侵防御系统）、SSL VPN、IPSec VPN、反垃圾邮件等功能。Cisco Adaptive Security Appliances (ASA)设备上，以及Cisco Firewall Services Module (FWSM)中的Secure Shell (SSH)实现中存在漏洞，该漏洞源于程序未正确终止会话。远程攻击者可通过反复建立与SSL的连接利用该漏洞造成拒绝服务（SSH服务器中断）。,中危,设计错误,CNNVD-201304-205,http://www.cnnvd.org.cn/web/xxk/ldxqById.tag?CNNVD=CNNVD-201304-205,目前厂商已经发布了升级补丁以修复此安全问题，补丁获取链接：http://tools.cisco.com/security/center/content/CiscoSecurityNotice/CVE-2013-1193,远程,Cisco ASA Software SSH 拒绝服务漏洞,
OpenBSD Secure Shell,CVE-2013-1125,Cisco Identity Services Engine（ISE）是美国思科（Cisco）公司的一款基于身份的环境感知平台（ISE身份服务引擎）。该平台通过收集网络、用户和设备中的实时信息，制定并实施相应策略来监管网络。Cisco Identity Services Engine Software，Secure Access Control System (ACS)，Application Networking Manager (ANM)，Prime LAN Management Solution (LMS)，Prime Network Control System，Quad，Context Directory Agent，Prime Collaboration，Unified Provisioning Manager，Network Services Manager中的命令行接口中存在漏洞，该漏洞源于程序没有正确验证输入。通过未明向量，本地攻击者利用该漏洞获得root权限。,中危,输入验证,CNNVD-201302-329,http://www.cnnvd.org.cn/web/xxk/ldxqById.tag?CNNVD=CNNVD-201302-329,目前厂商还没有提供此漏洞的相关补丁或者升级程序，建议使用此软件的用户随时关注厂商的主页以获取最新版本：http://tools.cisco.com/security/center/content/CiscoSecurityNotice/CVE-2013-1125,本地,Cisco多款产品命令行接口输入验证漏洞,
OpenBSD Secure Shell,CVE-2009-4646,Accellion Secure File Transfer Appliance 管理员web界面存在静态代码注入漏洞。远程认证管理员可以通过将shell命令附加在更新SNMP公共字符串的请求，注入任意的shell命令。,超危,代码注入,CNNVD-201002-191,http://www.cnnvd.org.cn/web/xxk/ldxqById.tag?CNNVD=CNNVD-201002-191,目前厂商还没有提供此漏洞的相关补丁或者升级程序，建议使用此软件的用户随时关注厂商的主页以获取最新版本：http://www.accellion.com/,远程,Accellion Secure File Transfer Appliance管理员web界面静态代码注入漏洞,
OpenBSD Secure Shell,CVE-2009-4644,Accellion Secure File Transfer Appliance存在多个远程安全漏洞。远程认证管理员可以通过shell命令ping匹配字符，绕过shell限制和执行任意代码，该漏洞通过修改cli程序证明。,超危,操作系统命令注入,CNNVD-201002-189,http://www.cnnvd.org.cn/web/xxk/ldxqById.tag?CNNVD=CNNVD-201002-189,目前厂商已经发布了升级补丁以修复这个安全问题，补丁下载链接：http://www.accellion.com/,远程,Accellion File Transfer Appliance多个远程安全漏洞,
OpenBSD Secure Shell,CVE-2008-1159,Cisco IOS是思科网络设备中所使用的互联网操作系统。Cisco IOS中SSH实现的服务端存在多个漏洞，允许未经认证的用户生成伪造的内存访问错误或在某些情况下重载设备。如果攻击者能够重载设备的话，就可以反复利用这些漏洞导致持续的拒绝服务。IOS SSH服务器是默认禁用的可选服务，但作为管理Cisco IOS设备的最佳安全实践，强烈建议使用这个服务。,高危,资料不足,CNNVD-200805-290,http://www.cnnvd.org.cn/web/xxk/ldxqById.tag?CNNVD=CNNVD-200805-290,目前厂商已经发布了升级补丁以修复这个安全问题，补丁下载链接：http://www.cisco.com/warp/public/707/cisco-sa-20080521-ssh.shtml,远程,Cisco IOS SSH服务器多个拒绝服务漏洞,
OpenBSD Secure Shell,CVE-2007-4752,OpenSSH是一种开放源码的SSH协议的实现，初始版本用于OpenBSD平台，现在已经被移植到多种Unix/Linux类操作系统下。OpenSSH X11在处理Cookie时存在漏洞，本地攻击者可能利用此漏洞提升自己的权限。,高危,输入验证,CNNVD-200709-122,http://www.cnnvd.org.cn/web/xxk/ldxqById.tag?CNNVD=CNNVD-200709-122,"HP已经为此发布了一个安全公告(HPSBUX02287)以及相应补丁:HPSBUX02287：SSRT071485 rev.1 - HP-UX Running HP Secure Shell, Remotely Gain Extended Privileges",远程,OpenSSH X11 Cookie本地绕过认证漏洞,
OpenBSD Secure Shell,CVE-2007-2791,HP Tru64 UNIX是惠普公司开发和维护的商业性质UNIX操作系统。HP Tru64 UNIX的SSH服务实现上存在漏洞，远程攻击者可能利用此漏洞猜测系统上的有效帐号。,超危,设计错误,CNNVD-200705-422,http://www.cnnvd.org.cn/web/xxk/ldxqById.tag?CNNVD=CNNVD-200705-422,目前厂商已经发布了升级补丁以修复这个安全问题，补丁下载链接：HP已经为此发布了一个安全公告(HPSBTU02209)以及相应补丁:,远程,HP Tru64有效用户枚举漏洞,
OpenBSD Secure Shell,CVE-2006-0705,在由多种SFTP服务器(包括(1) AttachmateWRQ Reflection for Secure IT UNIX Server 6.0.0.9之前的版本、(2) Reflection for Secure IT Windows Server 6.0 build 38之前的版本、(3) F-Secure SSH Server for Windows 5.3 build 35之前的版本、(4) F-Secure SSH Server for UNIX 3.0到5.0.8版、(5) SSH Tectia Server 4.3.6 及之前版本和4.4.0版以及(6) SSH Shell Server 3.2.9及之前版本)使用的日志功能中存在格式化字符串漏洞。远程认证用户可以借助涉及特制filenames和stat命令的未明向量执行任意命令。,中危,格式化字符串,CNNVD-200602-222,http://www.cnnvd.org.cn/web/xxk/ldxqById.tag?CNNVD=CNNVD-200602-222,供应商已发布了公告以及修补程序来解决此问题。请参阅引用的公告，了解关于获取修复补丁的更多信息。,远程,AttachmateWRQ Reflection for Secure IT远程格式化字符串漏洞,
OpenBSD Secure Shell,CVE-2006-0225,OpenSSH是一种开放源码的SSH协议的实现，初始版本用于OpenBSD平台，现在已经被移植到多种Unix/Linux类操作系统下。OpenSSH 4.2及以下版本的SCP工具实现上存在漏洞，本地攻击者可能利用此漏洞在主机以高权限执行任意命令，从而提升自己的权限。,中危,输入验证,CNNVD-200601-316,http://www.cnnvd.org.cn/web/xxk/ldxqById.tag?CNNVD=CNNVD-200601-316,目前厂商还没有提供补丁或者升级程序，我们建议使用此软件的用户随时关注厂商的主页以获取最新版本：http://www.openssh.com,本地,OpenSSH SCP本地Shell命令执行漏洞,
OpenBSD Secure Shell,CVE-2005-2146,Tectia Server是一款SSH服务端软件。SSH Tectia Server 4.3.1及之前版本和SSH Secure Shell for Windows Servers存在信息泄露漏洞。,中危,未知,CNNVD-200507-016,http://www.cnnvd.org.cn/web/xxk/ldxqById.tag?CNNVD=CNNVD-200507-016,目前厂商已经发布了升级补丁以修复这个安全问题，补丁下载链接：http://www.ssh.com/,本地,ssh.com TectiaServer 信息泄露漏洞,
OpenBSD Secure Shell,CVE-2005-1021,Cisco IOS 12.0至12.3的Secure Shell (SSH)存在内存泄露，当凭借TACACS+服务器进行身份验证时，远程攻击者可以通过不正确的用户名或密码引起拒绝服务(内存消耗)攻击。,高危,资源管理错误,CNNVD-200505-068,http://www.cnnvd.org.cn/web/xxk/ldxqById.tag?CNNVD=CNNVD-200505-068,,远程,Cisco IOS Secure Shell Server内存泄露拒绝服务漏洞,
OpenBSD Secure Shell,CVE-2005-1020,Secure Shell (SSH) 2 in Cisco IOS 12.0至12.3中的Secure Shell (SSH) 2使得远程攻击者可以通过 (1)在使用一个TACACS+服务器来做认证时的一个含有域名的用户名，(2)当一个新的SSH会话正处于登录阶段并且正在登录的用户发出了发送命令，或(3)当IOS正在登记信息并且在服务器发送数据时一个SSH会话终止时，发起拒绝服务攻击(设备重引导)。,高危,授权问题,CNNVD-200505-766,http://www.cnnvd.org.cn/web/xxk/ldxqById.tag?CNNVD=CNNVD-200505-766,,远程,Cisco IOS Secure Shell Server V2远程拒绝服务漏洞,
OpenBSD Secure Shell,CVE-2004-1357,"Sun Solaris 9版本的The Secure Shell (SSH) Daemon (SSHD)存在当sshd的配置ListenAddress为0.0.0.0
时不能正确记录IP地址的漏洞。远程攻击者借助该漏洞更容易隐藏其活动源。",中危,配置错误,CNNVD-200404-003,http://www.cnnvd.org.cn/web/xxk/ldxqById.tag?CNNVD=CNNVD-200404-003,"Sun has released patches to address this issue.
Sun Solaris 9_x86",远程,"Sun公司的Solaris安全Shell守护客户记录的弱点
的漏洞",
OpenBSD Secure Shell,CVE-2003-1119,SSH Secure Shell 3.2.9之前的版本存在漏洞。远程攻击者借助畸形BER/DER数据包导致服务拒绝。,中危,未知,CNNVD-200312-076,http://www.cnnvd.org.cn/web/xxk/ldxqById.tag?CNNVD=CNNVD-200312-076,,远程,SSH Secure Shell漏洞,
OpenBSD Secure Shell,CVE-2002-1646,"Secure Shell是一款由SSH Communications分发和维护的商业SSH实现。
Secure Shell中在处理配置文件中的""AllowedAuthentications""选项存在漏洞，可导致远程攻击者绕过其它强壮的认证机制。
在SSH Secure Shell for Servers中配置文件中选项""AllowedAuthentications"" 用来设置验证模式，如果""Password""关键词不包含在此选项中，就不能使用密码进行验证访问。但存在漏洞，可以导致某些基于secure shell协议2的客户端绕过此配置选项设置，仍旧使用密码方式进行验证。
这可导致攻击者绕过一些如SecurID或者数字证书方式的验证。",高危,设计错误,CNNVD-200212-240,http://www.cnnvd.org.cn/web/xxk/ldxqById.tag?CNNVD=CNNVD-200212-240,"临时解决方法：
如果您不能立刻安装补丁或者升级，CNNVD建议您采取以下措施以降低威胁：* 在sshd2_config配置文件中使用""RequiredAuthentications""来代替""AllowedAuthentications""关键词：",远程,SSH Communications SSH AllowedAuthentications配置存在漏洞,
OpenBSD Secure Shell,CVE-2002-1645,Workstations客户端3.1至3.2.0版本中SSH Secure Shell的URL catcher功能存在缓冲区溢出漏洞。远程攻击者可以借助超长URL执行任意代码。,超危,缓冲区溢出,CNNVD-200211-039,http://www.cnnvd.org.cn/web/xxk/ldxqById.tag?CNNVD=CNNVD-200211-039,"Fixes available:
SSH Communications Security SSH2 3.1",远程,SSH Communications Secure Shell Windows客户端URLCatcher缓冲区溢出漏洞,
OpenBSD Secure Shell,CVE-2002-1644,"Secure Shell是一款由SSH Communications分发和维护的商业SSH实现。
Secure Shell Servers在非交互命令执行之后没有正确从主进程组删除子进程，远程攻击者可以利用这个漏洞发送误导消息给syslog和其他应用程序。
当使用非交互连接时，在处理SSH Secure Shell主进程组时没有正确处理子进程，如果非交互命令不带pty执行(包含运行命令和子系统)，子进程就会保留在主进程组中而不被删除。
在依靠getlogin()平台上的恶意用户利用这个漏洞至少可以发送误导消息给SYSLOG和其他应用程序(getlogin()调用会返回""root"")。
目前认为此漏洞不能用于提升到root用户权限，但是如果某一个setuid应用程序依靠getlogin()输出就可能存在root用户权限获得的可能。",高危,设计错误,CNNVD-200211-038,http://www.cnnvd.org.cn/web/xxk/ldxqById.tag?CNNVD=CNNVD-200211-038,"厂商补丁：
SSH Communications Security
---------------------------
目前厂商已经发布了升级补丁以修复这个安全问题，请到厂商的主页下载：SSH Communications Security SSH2 2.0.13:",本地,SSH Communications SSH Server权限提升漏洞,
OpenBSD Secure Shell,CVE-2002-1547,运行ScreenOS 4.0.0r6及其更早版本的Netscreen存在漏洞。远程攻击者可以借助Secure Command Shell (SCS)管理界面的一个畸形SSH数据包导致服务拒绝，正如借助某些CRC32代码。,中危,未知,CNNVD-200303-090,http://www.cnnvd.org.cn/web/xxk/ldxqById.tag?CNNVD=CNNVD-200303-090,,远程,ScreenOS Netscreen拒绝服务漏洞,
OpenBSD Secure Shell,CVE-2002-0557,"OpenBSD是另一个BSD Unix的变种系统。
OpenBSD系统的几个应用认证方法实现上存在漏洞，远程攻击者可能利用此漏洞访问到其他用户的对象。
至少有三个用户域的程序rexecd、rshd、atrun受此漏洞影响，在某种情况下，这些程序可以允许攻击者访问到其他用户的对象，比如rexecd可能会以其他用户的shell运行，atrun可能chdir()到其他用户的目录，这些情况可能在使用YP/NIS的环境中发生。",高危,设计错误,CNNVD-200207-039,http://www.cnnvd.org.cn/web/xxk/ldxqById.tag?CNNVD=CNNVD-200207-039,"临时解决方法：
如果您不能立刻安装补丁或者升级，CNNVD建议您采取以下措施以降低威胁：* 如果不使用这些服务，关闭之。
厂商补丁：
OpenBSD
-------
目前厂商已经发布了升级补丁以修复这个安全问题，请到厂商的主页下载：",远程,OpenBSD rexecd、rshd、atrun BSD错误认证实现漏洞,
OpenBSD Secure Shell,CVE-2001-0572,OpenSSH和其他包上生效的SSH协议1和2(也称为SSH-2)具有许多缺陷。远程攻击者可以借助嗅探：(1)密码长度或长度范围简化蛮力密码猜测，（2）RSA或DSA认证是否被使用，（3）RSA认证的authorized_keys数目或（4）shell命令的长度获得下列信息。,高危,未知,CNNVD-200108-127,http://www.cnnvd.org.cn/web/xxk/ldxqById.tag?CNNVD=CNNVD-200108-127,,远程,OpenSSH SSH协议1和2漏洞,
OpenBSD Secure Shell,CVE-2001-0553,"Unix系统的SSH Secure Shell 3.0.0版本不能正确地对sshd2守护程序执行密码认证，本地用户可以获得带有短密码字段的账号的使用权，例如在密码字段中使用""NP""的锁定账户。",高危,输入验证,CNNVD-200108-075,http://www.cnnvd.org.cn/web/xxk/ldxqById.tag?CNNVD=CNNVD-200108-075,"A vendor-supplied update that rectifies this issue is available:
SSH Communications Security SSH2 3.0",本地,SSH短密码登陆漏洞,
OpenBSD Secure Shell,CVE-2001-0364,基于Windows的SSH Communications Security sshd 2.4版本存在漏洞。远程攻击者借助大量同步连接创建服务拒绝。,中危,未知,CNNVD-200106-177,http://www.cnnvd.org.cn/web/xxk/ldxqById.tag?CNNVD=CNNVD-200106-177,,远程,SSH Communications Security sshd漏洞,
OpenBSD Secure Shell,CVE-2000-0996,OpenBSD su程序（和可能其他基于BSD操作系统的程序）存在格式字符串漏洞。本地攻击者借助畸形shell提升根目录特权。,高危,格式化字符串,CNNVD-200012-131,http://www.cnnvd.org.cn/web/xxk/ldxqById.tag?CNNVD=CNNVD-200012-131,,本地,OpenBSD su程序格式字符串漏洞,
OpenBSD Secure Shell,CVE-2000-0585,ISC DHCP客户端程序dhclient存在漏洞。远程攻击者借助shell元字符可以执行任意命令。,超危,输入验证,CNNVD-200006-098,http://www.cnnvd.org.cn/web/xxk/ldxqById.tag?CNNVD=CNNVD-200006-098,"The newest patched versions are 2.0pl3 and 3.0b1pl17. Previous patches (2.0pl1 and 3.0b1pl14) did not completely fix this vulnerability.
FTP: ftp://ftp.isc.org/isc/dhcp
Anonymous CVS:
http://www.isc.org/products/DHCP/anoncvs.html.
An upgrade to FreeBSD 4.1 should resolve this problem. Below are patches for ports version of ISC dhcp:

FreeBSD FreeBSD 4.0",远程,ISC DHCP客户端缓冲区溢出漏洞,
