CVE-2020-14147,Redis Labs Redis是美国Redis Labs公司的一套开源的使用ANSI C编写、支持网络、可基于内存亦可持久化的日志型、键值（Key-Value）存储数据库，并提供多种语言的API。Redis Labs Redis 6.0.3之前版本中的lua_struct.c文件的‘getnum’函数存在输入验证错误漏洞。该漏洞源于网络系统或产品未对输入的数据进行正确的验证。,高危,输入验证错误,CNNVD-202006-1037,http://www.cnnvd.org.cn/web/xxk/ldxqById.tag?CNNVD=CNNVD-202006-1037,目前厂商已发布升级补丁以修复漏洞，补丁获取链接：https://github.com/antirez/redis/commit/ef764dde1cca2f25d00686673d1bc89448819571,远程,Redis Labs Redis 输入验证错误漏洞,redis,1
CVE-2019-9741,Google Go是美国谷歌（Google）公司的一款静态强类型、编译型、并发型，并具有垃圾回收功能的编程语言。Google Go 1.11.5版本中的net/http存在CRLF注入漏洞。远程攻击者可利用该漏洞操纵HTTP报头并攻击内部主机。,中危,注入,CNNVD-201903-487,http://www.cnnvd.org.cn/web/xxk/ldxqById.tag?CNNVD=CNNVD-201903-487,目前厂商已发布升级补丁以修复漏洞，补丁获取链接：https://github.com/golang/go/issues/30794,远程,Google Go 注入漏洞,redis,1
CVE-2019-9740,Python是Python软件基金会的一套开源的、面向对象的程序设计语言。该语言具有可扩展、支持模块和包、支持多种平台等特点。urllib是其中的一个用于处理URL的模块。urllib2是其中的一个用于获取URL（统一资源定位符）的模块。Python 2.x版本至2.7.16版本中的urllib2和Python 3.x版本至3.7.2版本中的urllib存在注入漏洞。该漏洞源于用户输入构造命令、数据结构或记录的操作过程中，网络系统或产品缺乏对用户输入数据的正确验证，未过滤或未正确过滤掉其中的特殊元素，导致系统或产品产生解析或解释方式错误。,中危,注入,CNNVD-201903-484,http://www.cnnvd.org.cn/web/xxk/ldxqById.tag?CNNVD=CNNVD-201903-484,目前厂商暂未发布修复措施解决此安全问题，建议使用此软件的用户随时关注厂商主页或参考网址以获取解决办法：https://www.python.org/,远程,Python urllib和urllib2 注入漏洞,redis,1
CVE-2019-10193,Redis Labs Redis是美国Redis Labs公司的一套开源的使用ANSI C编写、支持网络、可基于内存亦可持久化的日志型、键值（Key-Value）存储数据库，并提供多种语言的API。hyperloglog是其中的一个用于做基数统计的数据结构。Redis hyperloglog data structure 3.2.13之前的3.x版本、4.0.14之前的4.x版本和5.0.4之前的5.x版本中存在缓冲区错误漏洞。该漏洞源于网络系统或产品在内存上执行操作时，未正确验证数据边界，导致向关联的其他内存位置上执行了错误的读写操作。攻击者可利用该漏洞导致缓冲区溢出或堆溢出等。,高危,缓冲区错误,CNNVD-201907-660,http://www.cnnvd.org.cn/web/xxk/ldxqById.tag?CNNVD=CNNVD-201907-660,目前厂商已发布升级补丁以修复漏洞，详情请关注厂商主页：http://redis.io/,远程,Redis hyperloglog data structure 缓冲区错误漏洞,redis,1
CVE-2019-10192,Redis Labs Redis是美国Redis Labs公司的一套开源的使用ANSI C编写、支持网络、可基于内存亦可持久化的日志型、键值（Key-Value）存储数据库，并提供多种语言的API。hyperloglog是其中的一个用于做基数统计的数据结构。Redis Labs Redis hyperloglog 3.2.13之前的3.x版本、4.0.14之前的4.x版本和 5.0.4之前的5.x版本存在缓冲区错误漏洞。该漏洞源于网络系统或产品在内存上执行操作时，未正确验证数据边界，导致向关联的其他内存位置上执行了错误的读写操作。攻击者可利用该漏洞导致缓冲区溢出或堆溢出等。,高危,缓冲区错误,CNNVD-201907-562,http://www.cnnvd.org.cn/web/xxk/ldxqById.tag?CNNVD=CNNVD-201907-562,目前厂商已发布升级补丁以修复漏洞，补丁获取链接：https://github.com/antirez/redis/issues/6215,远程,Redis Labs Redis hyperloglog 缓冲区错误漏洞,redis,1
CVE-2018-12453,Redis是美国Redis Labs公司赞助的一套开源的使用ANSI C编写、支持网络、可基于内存亦可持久化的日志型、键值（Key-Value）存储数据库，并提供多种语言的API。Redis 5.0之前版本中的redis-server的t_stream.c文件的‘xgroupCommand’函数存在安全漏洞。远程攻击者可借助XGROUP命令利用该漏洞造成拒绝服务（类型混淆）。,中危,资料不足,CNNVD-201806-945,http://www.cnnvd.org.cn/web/xxk/ldxqById.tag?CNNVD=CNNVD-201806-945,目前厂商已发布升级补丁以修复漏洞，补丁获取链接：https://github.com/antirez/redis/commit/c04082cf138f1f51cedf05ee9ad36fb6763cafc6,远程,Redis 安全漏洞,redis,1
CVE-2018-12326,Redis是美国Redis Labs公司赞助的一套开源的使用ANSI C编写、支持网络、可基于内存亦可持久化的日志型、键值（Key-Value）存储数据库，并提供多种语言的API。redis-cli是其中的一个命令行工具。,中危,缓冲区错误,CNNVD-201806-943,http://www.cnnvd.org.cn/web/xxk/ldxqById.tag?CNNVD=CNNVD-201806-943,目前厂商已发布升级补丁以修复漏洞，补丁获取链接：https://github.com/antirez/redis/commit/9fdcc15962f9ff4baebe6fdd947816f43f730d50,本地,Redis redis-cli 缓冲区错误漏洞,redis,1
CVE-2018-11219,Redis是美国Redis Labs公司赞助的一套开源的使用ANSI C编写、支持网络、可基于内存亦可持久化的日志型、键值（Key-Value）存储数据库，并提供多种语言的API。,超危,输入验证错误,CNNVD-201806-927,http://www.cnnvd.org.cn/web/xxk/ldxqById.tag?CNNVD=CNNVD-201806-927,目前厂商已发布升级补丁以修复漏洞，补丁获取链接：https://github.com/antirez/redis/issues/5017,远程,Redis Lua子系统数字错误漏洞,redis,1
CVE-2018-11218,Redis是美国Redis Labs公司赞助的一套开源的使用ANSI C编写、支持网络、可基于内存亦可持久化的日志型、键值（Key-Value）存储数据库，并提供多种语言的API。Lua subsystem是其中的一个支持Lua脚本语言的子系统。,超危,缓冲区错误,CNNVD-201806-928,http://www.cnnvd.org.cn/web/xxk/ldxqById.tag?CNNVD=CNNVD-201806-928,目前厂商已发布升级补丁以修复漏洞，补丁获取链接：https://github.com/antirez/redis/issues/5017,远程,Redis Lua子系统缓冲区错误漏洞,redis,1
CVE-2018-1000536,Medis是一款使用于Mac平台的基于Web的Redis数据库管理应用程序。Medis 0.6.1及之前版本中新密钥创建页面的密钥参数存在跨站脚本漏洞。远程攻击者可利用该漏洞执行代码。,中危,跨站脚本,CNNVD-201806-1262,http://www.cnnvd.org.cn/web/xxk/ldxqById.tag?CNNVD=CNNVD-201806-1262,目前厂商暂未发布修复措施解决此安全问题，建议使用此软件的用户随时关注厂商主页或参考网址以获取解决办法：http://getmedis.com/,远程,Medis 跨站脚本漏洞,redis,1
CVE-2017-15047,Redis是美国Redis Labs公司赞助的一套开源的使用ANSI C编写、支持网络、可基于内存亦可持久化的日志型、键值（Key-Value）存储数据库，并提供多种语言的API。Redis 4.0.2版本中的cluster.c文件的‘clusterLoadConfig’函数存在安全漏洞。攻击者可利用该漏洞造成拒绝服务（越边界数组索引和应用程序崩溃）。,高危,缓冲区溢出,CNNVD-201710-360,http://www.cnnvd.org.cn/web/xxk/ldxqById.tag?CNNVD=CNNVD-201710-360,目前厂商已发布升级补丁以修复漏洞，补丁获取链接：https://github.com/antirez/redis/issues/4278,远程,Redis 安全漏洞,redis,1
CVE-2017-1000248,Redis-store是一套基于Ruby的应用程序专用的工具包，它支持分片、主从复制和编组等。Redis-store 1.3.0及之前的版本中存在安全漏洞。攻击者可利用该漏洞从redis中加载不安全的对象。,高危,资料不足,CNNVD-201711-745,http://www.cnnvd.org.cn/web/xxk/ldxqById.tag?CNNVD=CNNVD-201711-745,目前厂商已发布升级补丁以修复漏洞，补丁获取链接：https://github.com/redis-store/redis-store/commit/e0c1398d54a9661c8c70267c3a925ba6b192142e,远程,Redis-store 安全漏洞,redis,1
CVE-2016-8339,Redis是美国Redis Labs公司赞助的一套开源的使用ANSI C编写、支持网络、可基于内存亦可持久化的日志型、键值（Key-Value）存储数据库，并提供多种语言的API。Redis 3.2.4之前的3.2.x版本中存在缓冲区溢出漏洞。攻击者可通过发送特制的命令利用该漏洞造成任意代码执行，通过特制的Redis数据结构存储的CONFIG SET命令造成越边界写入。,高危,缓冲区溢出,CNNVD-201610-857,http://www.cnnvd.org.cn/web/xxk/ldxqById.tag?CNNVD=CNNVD-201610-857,目前厂商已经发布了升级补丁以修复此安全问题，补丁获取链接：https://github.com/antirez/redis/commit/6d9f8e2462fc2c426d48c941edeb78e5df7d2977,远程,Redis 缓冲区溢出漏洞,redis,1
CVE-2016-2121,Redis Labs Redis是美国Redis Labs公司的一套开源的使用ANSI C编写、支持网络、可基于内存亦可持久化的日志型、键值（Key-Value）存储数据库，并提供多种语言的API。Redis Labs Redis中存在权限许可和访问控制问题漏洞，该漏洞源于程序为带有敏感信息的文件或目录设置了较弱的权限。本地攻击者可利用该漏洞访问未授权的系统信息。,中危,权限许可和访问控制问题,CNNVD-201611-118,http://www.cnnvd.org.cn/web/xxk/ldxqById.tag?CNNVD=CNNVD-201611-118,目前厂商已发布升级补丁以修复漏洞，详情请关注厂商主页：https://redis.io/,本地,Redis Labs Redis 权限许可和访问控制问题漏洞,redis,1
CVE-2016-10672,cloudpub-redis是一款用于安装redis服务器的软件包。,高危,加密问题,CNNVD-201806-231,http://www.cnnvd.org.cn/web/xxk/ldxqById.tag?CNNVD=CNNVD-201806-231,目前厂商暂未发布修复措施解决此安全问题，建议使用此软件的用户随时关注厂商主页或参考网址以获取解决办法：https://www.npmjs.com/package/cloudpub-redis,远程,cloudpub-redis 安全漏洞,redis,1
CVE-2016-10639,redis-srvr是一款用于下载安装Redis的包。,高危,加密问题,CNNVD-201806-260,http://www.cnnvd.org.cn/web/xxk/ldxqById.tag?CNNVD=CNNVD-201806-260,目前厂商暂未发布修复措施解决此安全问题，建议使用此软件的用户随时关注厂商主页或参考网址以获取解决办法：https://www.npmjs.com/package/redis-srvr,远程,redis-srvr 安全漏洞,redis,1
CVE-2016-10517,Redis是美国Redis Labs公司赞助的一套开源的使用ANSI C编写、支持网络、可基于内存亦可持久化的日志型、键值（Key-Value）存储数据库，并提供多种语言的API。Redis 3.2.7之前的版本中的networking.c文件存在跨站脚本漏洞。远程攻击者可利用该漏洞在浏览器中执行任意的脚本代码。,中危,跨站脚本,CNNVD-201710-1131,http://www.cnnvd.org.cn/web/xxk/ldxqById.tag?CNNVD=CNNVD-201710-1131,目前厂商已发布升级补丁以修复漏洞，补丁获取链接：https://www.reddit.com/r/redis/comments/5r8wxn/redis_327_is_out_important_security_fixes_inside/,远程,Redis 跨站脚本漏洞,redis,1
CVE-2015-8080,Redis是美国Redis Labs公司赞助的一套开源的使用ANSI C编写、支持网络、可基于内存亦可持久化的日志型、键值（Key-Value）存储数据库，并提供多种语言的API。Redis 2.8.24之前2.8.x版本和3.0.6之前3.0.x版本的lua_struct.c文件中的‘getnum’函数存在整数溢出漏洞。远程攻击者可借助较大的数字利用该漏洞造成拒绝服务（内存损坏和应用程序崩溃）。,中危,数字错误,CNNVD-201511-360,http://www.cnnvd.org.cn/web/xxk/ldxqById.tag?CNNVD=CNNVD-201511-360,目前厂商已经发布了升级补丁以修复此安全问题，详情请关注厂商主页：http://redis.io/,远程,Redis 整数溢出漏洞,redis,1
CVE-2015-4335,Redis是美国Redis Labs公司赞助的一套开源的使用ANSI C编写、支持网络、可基于内存亦可持久化的日志型、键值（Key-Value）存储数据库，并提供多种语言的API。Redis 2.8.1之前版本和3.0.2之前3.x版本中存在安全漏洞。远程攻击者可执行eval命令利用该漏洞执行任意Lua字节码。,超危,,CNNVD-201506-128,http://www.cnnvd.org.cn/web/xxk/ldxqById.tag?CNNVD=CNNVD-201506-128,目前厂商已经发布了升级补丁以修复此安全问题，补丁获取链接：https://raw.githubusercontent.com/antirez/redis/3.0/00-RELEASENOTES,远程,Redis 安全漏洞,redis,1
CVE-2013-7458,Redis是美国Redis Labs公司赞助的一套开源的使用ANSI C编写、支持网络、可基于内存亦可持久化的日志型、键值（Key-Value）存储数据库，并提供多种语言的API。linenoise是一个命令行编辑库。Redis 3.2.3之前版本中使用的linenoise库中存在安全漏洞，该漏洞源于‘.rediscli_history’文件使用全局可读权限。本地攻击者可通过读取该文件利用该漏洞获取敏感信息。,低危,信息泄露,CNNVD-201607-1085,http://www.cnnvd.org.cn/web/xxk/ldxqById.tag?CNNVD=CNNVD-201607-1085,目前厂商已经发布了升级补丁以修复此安全问题，补丁获取链接：https://github.com/antirez/redis/blob/3.2/00-RELEASENOTES,本地,Redis linenoise 安全漏洞,redis,1
CVE-2013-0180,Redis Labs Redis是美国Redis Labs公司的一套开源的使用ANSI C编写、支持网络、可基于内存亦可持久化的日志型、键值（Key-Value）存储数据库，并提供多种语言的API。Redis Labs Redis 2.6版本中存在安全漏洞。该漏洞源于应用程序以不安全的方式使用临时文件。攻击者通过符号链接攻击利用该漏洞重写任意文件。,中危,输入验证错误,CNNVD-201301-265,http://www.cnnvd.org.cn/web/xxk/ldxqById.tag?CNNVD=CNNVD-201301-265,目前厂商已发布升级补丁以修复漏洞，补丁获取链接：http://redis.io/,本地,Redis Labs Redis 输入验证错误漏洞,redis,1
CVE-2013-0178,Redis Labs Redis是美国Redis Labs公司的一套开源的使用ANSI C编写、支持网络、可基于内存亦可持久化的日志型、键值（Key-Value）存储数据库，并提供多种语言的API。Redis Labs Redis 2.6之前版本中存在安全漏洞。该漏洞源于应用程序以不安全的方式使用临时文件。攻击者通过符号链接攻击利用该漏洞重写任意文件。,中危,输入验证错误,CNNVD-201301-264,http://www.cnnvd.org.cn/web/xxk/ldxqById.tag?CNNVD=CNNVD-201301-264,目前厂商已发布升级补丁以修复漏洞，补丁获取链接：http://redis.io/,本地,Redis Labs Redis 输入验证错误漏洞,redis,1
CVE-2020-15105,Django Two-Factor Authentication是荷兰Bouke Haarsma软件开发者的一款双因素身份验证软件包。Django Two-Factor Authentication 1.12之前版本中存在安全漏洞。攻击者可利用该漏洞获取敏感信息。,中危,其他,CNNVD-202007-522,http://www.cnnvd.org.cn/web/xxk/ldxqById.tag?CNNVD=CNNVD-202007-522,目前厂商已发布升级补丁以修复漏洞，补丁获取链接：https://github.com/Bouke/django-two-factor-auth/security/advisories/GHSA-vhr6-pvjm-9qwf,,Django Two-Factor Authentication 安全漏洞,redis,1
CVE-2020-15698,,,,,,,,,redis,1
