CVE-2020-0618,Microsoft SQL Server Reporting Services（SSRS）是美国微软（Microsoft）公司的一套基于服务器的报告平台，它支持创建、部署和管理移动和分页报表。Microsoft SQL Server Reporting Services中存在远程代码执行漏洞，该漏洞源于程序不正确的处理页面请求。攻击者可利用该漏洞在系统上执行代码。以下产品及版本受到影响：Microsoft SQL Server 2012，Microsoft SQL Server 2014 Service Pack 3，Microsoft SQL Server 2016。,高危,输入验证错误,CNNVD-202002-496,http://www.cnnvd.org.cn/web/xxk/ldxqById.tag?CNNVD=CNNVD-202002-496,目前厂商已发布升级补丁以修复漏洞，补丁获取链接：https://portal.msrc.microsoft.com/zh-CN/security-guidance/advisory/CVE-2020-0618,远程,Microsoft SQL Server Reporting Services 输入验证错误漏洞,microsoft sql sever,1
CVE-2019-16383,Progress Software MOVEit Transfer是美国Progress Software公司的一套自动化的文件传输软件。该软件支持文件传输，并提供文件传输活动监控功能。Progress Software MOVEit Transfer中的MOVEit.DMZ.WebApi.dll文件存在SQL注入漏洞。该漏洞源于基于数据库的应用缺少对外部输入SQL语句的验证。攻击者可利用该漏洞执行非法SQL命令。以下产品及版本受到影响：Progress Software MOVEit Transfer 2018 SP2 10.2.4之前版本，Progress Software MOVEit Transfer 2019 11.0.2之前版本，Progress Software MOVEit Transfer 2019.1 11.1.1之前的版本。,超危,SQL注入,CNNVD-201909-1084,http://www.cnnvd.org.cn/web/xxk/ldxqById.tag?CNNVD=CNNVD-201909-1084,目前厂商已发布升级补丁以修复漏洞，补丁获取链接：https://community.ipswitch.com/s/article/SQL-Injection-Vulnerability,远程,Progress Software MOVEit Transfer SQL注入漏洞,microsoft sql sever,1
CVE-2019-1332,Microsoft SQL Server Reporting Services中存在跨站脚本漏洞，该漏洞源于程序没有正确清理特制的Web请求。远程攻击者可借助特制的链接利用该漏洞读取未授权的内容，执行恶意代码并使用用户身份执行操作。以下产品及版本受到影响：Microsoft Power BI Report Server，QL Server 2017 Reporting Services，SQL Server 2019 Reporting Services。,中危,跨站脚本,CNNVD-201912-333,http://www.cnnvd.org.cn/web/xxk/ldxqById.tag?CNNVD=CNNVD-201912-333,目前厂商已发布升级补丁以修复漏洞，补丁获取链接：https://portal.msrc.microsoft.com/zh-CN/security-guidance/advisory/CVE-2019-1332,远程,Microsoft SQL Server Reporting Services 跨站脚本漏洞,microsoft sql sever,1
CVE-2019-0819,Microsoft SQL Server是美国微软（Microsoft）公司的一套应用在Microsoft Windows系统下的大型商业数据库系统。Microsoft SQL Server 2017中的Analysis Services存在信息泄露漏洞。该漏洞源于网络系统或产品在运行过程中存在配置等错误。未授权的攻击者可利用漏洞获取受影响组件敏感信息。,中危,信息泄露,CNNVD-201905-415,http://www.cnnvd.org.cn/web/xxk/ldxqById.tag?CNNVD=CNNVD-201905-415,目前厂商已发布升级补丁以修复漏洞，补丁获取链接：https://portal.msrc.microsoft.com/zh-CN/security-guidance/advisory/CVE-2019-0819,远程,Microsoft SQL Server 信息泄露漏洞,microsoft sql sever,1
CVE-2018-8273,Microsoft SQL Server是美国微软（Microsoft）公司开发和维护的一套应用在Microsoft Windows系统下的大型商业数据库系统。Microsoft SQL Server 2017、SQL Server SP1和SP2中存在缓冲区溢出漏洞。远程攻击者可通过提交特制的查询利用该漏洞在受影响系统上执行代码。,超危,缓冲区溢出,CNNVD-201808-414,http://www.cnnvd.org.cn/web/xxk/ldxqById.tag?CNNVD=CNNVD-201808-414,目前厂商已发布升级补丁以修复漏洞，补丁获取链接：https://portal.msrc.microsoft.com/zh-CN/security-guidance/advisory/CVE-2018-8273,远程,Microsoft SQL Server 缓冲区错误漏洞,microsoft sql sever,1
CVE-2017-8516,Microsoft SQL Server是美国微软（Microsoft）公司开发和维护的一套应用在Microsoft Windows系统下的大型商业数据库系统。Microsoft SQL Server中的Analysis Services存在信息泄露漏洞。攻击者可利用该漏洞获取数据库和文件信息。以下版本受到影响：Microsoft SQL Server 2012，Microsoft SQL Server 2014，Microsoft SQL Server 2016。,中危,信息泄露,CNNVD-201708-349,http://www.cnnvd.org.cn/web/xxk/ldxqById.tag?CNNVD=CNNVD-201708-349,目前厂商已发布升级补丁以修复漏洞，补丁获取链接：https://portal.msrc.microsoft.com/en-US/security-guidance/advisory/CVE-2017-8516,远程,Microsoft SQL Server 信息泄露漏洞,microsoft sql sever,1
CVE-2016-7254,Microsoft SQL Server是美国微软（Microsoft）公司开发和维护的一套应用在Microsoft Windows系统下的大型商业数据库系统。Microsoft SQL Server中存在引擎特权提升漏洞，该漏洞源于程序没有正确执行指针强制转换。攻击者可利用该漏洞访问受影响的数据库。以下版本受到影响：Microsoft SQL Server 2012 Service Pack 2，SQL Server 2012 Service Pack 3。,中危,权限许可和访问控制,CNNVD-201611-197,http://www.cnnvd.org.cn/web/xxk/ldxqById.tag?CNNVD=CNNVD-201611-197,目前厂商已经发布了升级补丁以修复此安全问题，补丁获取链接：http://technet.microsoft.com/security/bulletin/MS16-136,远程,Microsoft SQL RDBMS 引擎特权提升漏洞,microsoft sql sever,1
CVE-2016-7253,Microsoft SQL Server是美国微软（Microsoft）公司开发和维护的一套应用在Microsoft Windows系统下的大型商业数据库系统。Microsoft SQL Server的代理存在特权提升漏洞，该漏洞源于程序没有正确的检查atxcore.dll文件上的ACL。攻击者可利用该漏洞访问受影响的数据库。,中危,权限许可和访问控制,CNNVD-201611-196,http://www.cnnvd.org.cn/web/xxk/ldxqById.tag?CNNVD=CNNVD-201611-196,目前厂商已经发布了升级补丁以修复此安全问题，补丁获取链接：http://technet.microsoft.com/security/bulletin/MS16-136,远程,Microsoft SQL Server 代理特权提升漏洞,microsoft sql sever,1
CVE-2016-7252,Microsoft SQL Server是美国微软（Microsoft）公司开发和维护的一套应用在Microsoft Windows系统下的大型商业数据库系统。Microsoft SQL Server 2016版本中的Analysis Services中存在信息泄露漏洞，该漏洞源于程序没有正确检查FILESTREAM路径。攻击者可利用该漏洞访问受影响的数据库。,中危,信息泄露,CNNVD-201611-199,http://www.cnnvd.org.cn/web/xxk/ldxqById.tag?CNNVD=CNNVD-201611-199,目前厂商已经发布了升级补丁以修复此安全问题，补丁获取链接：http://technet.microsoft.com/security/bulletin/MS16-136,远程,Microsoft SQL 分析服务信息泄露漏洞,microsoft sql sever,1
CVE-2016-7251,Microsoft SQL Server是美国微软（Microsoft）公司开发和维护的一套应用在Microsoft Windows系统下的大型商业数据库系统。Microsoft SQL Server 2016版本的Master Data Services中存在跨站脚本漏洞，该漏洞源于程序没有正确验证SQL Server网址上的请求参数。攻击者可利用该漏洞将客户端脚本注入Internet Explorer用户实例。,中危,跨站脚本,CNNVD-201611-198,http://www.cnnvd.org.cn/web/xxk/ldxqById.tag?CNNVD=CNNVD-201611-198,目前厂商已经发布了升级补丁以修复此安全问题，补丁获取链接：http://technet.microsoft.com/security/bulletin/MS16-136,远程,Microsoft SQL RDBMS 引擎特权提升漏洞,microsoft sql sever,1
CVE-2016-7250,Microsoft SQL Server是美国微软（Microsoft）公司开发和维护的一套应用在Microsoft Windows系统下的大型商业数据库系统。Microsoft SQL Server中存在特权提升漏洞，该漏洞源于程序没有正确执行指针强制转换。攻击者可利用该漏洞访问受影响的SQL Server数据库。以下版本受到影响：Microsoft SQL Server 2014 Service Pack 1，Microsoft SQL Server 2014 Service Pack 2，SQL Server 2016。,中危,权限许可和访问控制,CNNVD-201611-200,http://www.cnnvd.org.cn/web/xxk/ldxqById.tag?CNNVD=CNNVD-201611-200,目前厂商已经发布了升级补丁以修复此安全问题，补丁获取链接：http://technet.microsoft.com/security/bulletin/MS16-136,远程,Microsoft SQL RDBMS 引擎特权提升漏洞,microsoft sql sever,1
CVE-2016-7249,Microsoft SQL Server是美国微软（Microsoft）公司开发和维护的一套应用在Microsoft Windows系统下的大型商业数据库系统。Microsoft SQL Server 2016版本中存在特权提升漏洞，该漏洞源于程序没有正确执行指针强制转换。攻击者可利用该漏洞访问受影响的SQL Server数据库。,中危,权限许可和访问控制,CNNVD-201611-201,http://www.cnnvd.org.cn/web/xxk/ldxqById.tag?CNNVD=CNNVD-201611-201,目前厂商已经发布了升级补丁以修复此安全问题，补丁获取链接：http://technet.microsoft.com/security/bulletin/MS16-136,远程,Microsoft SQL RDBMS 引擎特权提升漏洞,microsoft sql sever,1
CVE-2015-7404,IBM Tivoli Storage Manager（TSM）for Databases： Data Protection for Microsoft SQL Server等都是美国IBM公司的产品。IBM TSM for Databases（又名Spectrum Protect for Databases）是一套运行于数据库中的备份和恢复管理解决方案。IBM Tivoli Storage Manager for Mail（又名Spectrum Protect for Mail）是一个能够对运行Microsoft Exchange的电子邮件服务器自动进行数据保护的软件模块。Tivoli Storage FlashCopy Manager for Microsoft SQL Server（又名Spectrum Protect Snapshot）是一套通过使用集成的应用快照备份与恢复功能为应用和数据库提供高级数据保护的解决方案。多款IBM产品中存在安全漏洞。该漏洞源于当程序启用应用程序跟踪配置时，以明文的形式存储密码。本地攻击者可通过读取应用程序跟踪输出利用该漏洞获取敏感数据。以下产品及版本受到影响：IBM Tivoli Storage FlashCopy Manager For Windows 2.1版本，2.2版本，3.1版本，3.2版本，4.1版本，TSM for Mail： Data Protection for Microsoft Exchange Server 5.5版本，6.1版本，6.3版本，6.4版本，7.1版本，TSM for Databases： Data Protection for Microsoft SQL Server 5.5版本，6.3版本，6.4版本，7.1版本。,低危,信息泄露,CNNVD-201511-251,http://www.cnnvd.org.cn/web/xxk/ldxqById.tag?CNNVD=CNNVD-201511-251,目前厂商已经发布了升级补丁以修复此安全问题，补丁获取链接：http://www-01.ibm.com/support/docview.wss?uid=swg21969514,本地,多款IBM产品安全漏洞,microsoft sql sever,1
CVE-2015-4949,IBM Tivoli Storage Manager（TSM）for Databases： Data Protection for Microsoft SQL Server等都是美国IBM公司的产品。IBM TSM for Databases是一套运行于数据库中的备份和恢复管理解决方案。IBM Tivoli Storage Manager for Mail是一个能够对运行Microsoft Exchange的电子邮件服务器自动进行数据保护的软件模块。Tivoli Storage FlashCopy Manager for Microsoft SQL Server是一套通过使用集成的应用快照备份与恢复功能为应用和数据库提供高级数据保护的解决方案。多款IBM Tivoli Storage产品中存在本地信息泄露漏洞。物理位置邻近的攻击者可通过读取GUI弹出窗口利用该漏洞获取明文密码。以下产品及版本受到影响：IBM Tivoli Storage Manager for Databases： Data Protection for Microsoft SQL Server 5.5版本，6.3版本，6.4版本，7.1版本；Tivoli Storage Manager for Mail： Data Protection for Microsoft Exchange Server 5.5版本，6.1版本，6.3版本，6.4版本，7.1版本；Tivoli Storage FlashCopy Manager MMC Snapin and Base System Services 3.1版本，3.2版本，4.1版本；Tivoli Storage FlashCopy Manager for Microsoft SQL Server 3.1版本，3.2版本，4.1版本；Tivoli Storage FlashCopy Manager for Microsoft Exchange Server 3.1版本，3.2版本，4.1版本。,低危,信息泄露,CNNVD-201508-398,http://www.cnnvd.org.cn/web/xxk/ldxqById.tag?CNNVD=CNNVD-201508-398,目前厂商已经发布了升级补丁以修复此安全问题，补丁获取链接：http://www-01.ibm.com/support/docview.wss?uid=swg21963630,本地,多款IBM Tivoli Storage产品信息泄露漏洞,microsoft sql sever,1
CVE-2015-1763,"Microsoft SQL Server是美国微软（Microsoft）公司开发和维护的一套应用在Microsoft Windows系统下的大型商业数据库系统。Microsoft SQL Server不正确地处理对未初始化内容的内部函数调用时，存在远程代码执行漏洞。攻击者可通过运行经特殊设计的查询（旨在从错误地址执行虚拟函数，导致对未初始化的内存进行函数调用），利用此漏洞完全控制受影响的系统。以下版本受到影响：Microsoft SQL Server 2008 SP3 和SP4, 2008 R2 SP2和SP3，2012 SP1和SP2，2014。",高危,,CNNVD-201507-426,http://www.cnnvd.org.cn/web/xxk/ldxqById.tag?CNNVD=CNNVD-201507-426,目前厂商已经发布了升级补丁以修复此安全问题，补丁获取链接：http://technet.microsoft.com/security/bulletin/MS15-058,远程,Microsoft SQL Server 远程代码执行漏洞,microsoft sql sever,1
CVE-2015-1762,"Microsoft SQL Server是美国微软（Microsoft）公司开发和维护的一套应用在Microsoft Windows系统下的大型商业数据库系统。Microsoft SQL Server不正确地处理对未初始化内容的内部函数调用时，存在远程代码执行漏洞。攻击者可通过在启用特殊权限设置（如 VIEW SERVER STATE）的受影响的SQL Server上运行特制的查询，利用此漏洞完全控制受影响的系统。以下版本受到影响：Microsoft SQL Server 2008 SP3 和SP4, 2008 R2 SP2和SP3，2012 SP1和SP2，2014。",高危,,CNNVD-201507-425,http://www.cnnvd.org.cn/web/xxk/ldxqById.tag?CNNVD=CNNVD-201507-425,目前厂商已经发布了升级补丁以修复此安全问题，补丁获取链接：http://technet.microsoft.com/security/bulletin/MS15-058,远程,Microsoft SQL Server 远程执行代码漏洞,microsoft sql sever,1
CVE-2015-1761,"Microsoft SQL Server是美国微软（Microsoft）公司开发和维护的一套应用在Microsoft Windows系统下的大型商业数据库系统。Microsoft SQL Server不适宜地将指针强制转换到不正确的类中时，存在特权提升漏洞。当其凭据允许对受影响的SQL Server数据库的访问时，攻击者可利用此漏洞获得用于查看、更改或删除数据的提升特权；或创新新帐户。以下版本受到影响：Microsoft SQL Server 2008 SP3 和SP4, 2008 R2 SP2和SP3，2012 SP1和SP2，2014。",中危,权限许可和访问控制,CNNVD-201507-424,http://www.cnnvd.org.cn/web/xxk/ldxqById.tag?CNNVD=CNNVD-201507-424,目前厂商已经发布了升级补丁以修复此安全问题，补丁获取链接：http://technet.microsoft.com/security/bulletin/MS15-058,远程,Microsoft SQL Server 特权提升漏洞,microsoft sql sever,1
CVE-2014-4061,Microsoft SQL Server是美国微软（Microsoft）公司开发和维护的一套应用在Microsoft Windows系统下的大型商业数据库系统。Microsoft SQL Server中存在一个拒绝服务漏洞。成功利用此漏洞的攻击者可造成拒绝服务，导致服务器停止响应。以下软件受到影响：Microsoft SQL Server 2008 SP3，2008 R2 SP2，2012 SP1。,中危,资源管理错误,CNNVD-201408-210,http://www.cnnvd.org.cn/web/xxk/ldxqById.tag?CNNVD=CNNVD-201408-210,目前厂商已经发布了升级补丁以修复此安全问题，补丁获取链接：https://technet.microsoft.com/library/security/ms14-044,远程,Microsoft SQL Server 堆栈溢出漏洞,microsoft sql sever,1
CVE-2014-1820,Microsoft SQL Server是美国微软（Microsoft）公司开发和维护的一套应用在Microsoft Windows系统下的大型商业数据库系统。Master Data Services（MDS）是其中的一个主数据服务。用于x64位系统Microsoft SQL Server 2012 SP1和2014版本的SQL MDS中存在XSS漏洞，该漏洞可能允许攻击者在用户的Internet Explorer实例中注入客户端脚本。该脚本可能欺骗内容、泄露信息或执行用户可以在网站上代表目标用户执行的任何操作。,中危,跨站脚本,CNNVD-201408-182,http://www.cnnvd.org.cn/web/xxk/ldxqById.tag?CNNVD=CNNVD-201408-182,目前厂商已经发布了升级补丁以修复此安全问题，补丁获取链接：https://technet.microsoft.com/library/security/ms14-044,远程,Microsoft SQL Master Data Services XSS漏洞,microsoft sql sever,1
CVE-2012-2552,Microsoft SQL Server 2000是一款Microsoft公司开发和维护的商业性质大型数据库系统。Microsoft SQL Server 2000 Reporting Services SP2和SQL Server 2005 SP4、2008 SP2和SP3、2008 R2 SP1、2012版本中的SQL Server Report Manager中存在跨站脚本(XSS)漏洞。远程攻击者可利用该漏洞通过未明参数，注入任意web脚本或HTML，又名‘Reflected XSS漏洞’。,中危,跨站脚本,CNNVD-201210-141,http://www.cnnvd.org.cn/web/xxk/ldxqById.tag?CNNVD=CNNVD-201210-141,目前厂商已经发布了升级补丁以修复此安全问题，补丁获取链接：http://technet.microsoft.com/zh-cn/security/bulletin/ms12-070,远程,Microsoft SQL Server 跨站脚本漏洞,microsoft sql sever,1
CVE-2010-4121,,,,,,,,,microsoft sql sever,1
CVE-2008-5416,Microsoft SQL Server是一款流行的SQL数据库系统。SQL Server的sp_replwritetovarbin扩展存储过程中存在堆溢出漏洞。如果远程攻击者在参数中提供了未初始化变量的话，就可以触发这个溢出，向可控的位置写入内存，导致以有漏洞SQL Server进程的权限执行任意代码。,超危,缓冲区溢出,CNNVD-200812-170,http://www.cnnvd.org.cn/web/xxk/ldxqById.tag?CNNVD=CNNVD-200812-170,目前厂商已经发布了升级补丁以修复这个安全问题：补丁下载链接：http://www.microsoft.com/technet/security/Bulletin/MS09-004.mspx?pf=true,远程,Microsoft SQL Server sp_replwritetovarbin远程堆溢出漏洞,microsoft sql sever,1
CVE-2008-4110,Microsoft SQL 服务器 2000 (又称 SQL 服务器 8.0)的Tools＼Binn＼sqlvdir.dll的SQLVDIRLib.SQLVDirControl ActiveX 控件中存在缓冲区溢出。远程攻击者可以通过对连接方法的第二自变量中的一个长的URL来造成拒绝服务(浏览器崩溃)或可能执行任意代码。,高危,缓冲区溢出,CNNVD-200809-227,http://www.cnnvd.org.cn/web/xxk/ldxqById.tag?CNNVD=CNNVD-200809-227,"目前厂商还没有提供此漏洞的相关补丁或者升级程序，建议使用此软件的用户随时关注厂商的主页以获取最新版本：
http://www.microsoft.com/sqlserver/en/us/default.aspx",远程,Microsoft SQL Server 2000 ToolsBinnsqlvdir.dll模块 SQLVDIRLib.SQLVDirControl ActiveX 控件缓冲区错误漏洞,microsoft sql sever,1
CVE-2008-0107,Microsoft SQL Server是一款流行的SQL数据库系统。如果要利用这个漏洞，攻击者必须能够诱骗服务器加载特制的备份文件，可通过提交到远程文件的路径或使用SMB/WebDAV来实现。,超危,数字错误,CNNVD-200807-127,http://www.cnnvd.org.cn/web/xxk/ldxqById.tag?CNNVD=CNNVD-200807-127,目前厂商已经发布了升级补丁以修复这个安全问题，补丁下载链接：http://www.microsoft.com/technet/security/bulletin/ms08-040.mspx?pf=true,远程,Microsoft SQL Server磁盘数据结构整数溢出漏洞(MS08-040),microsoft sql sever,1
CVE-2008-0106,Microsoft SQL Server是一款流行的SQL数据库系统。SQL Server管理内存页面重用的方式存在漏洞，重新分配内存时，SQL Server未能初始化内存页面。具有数据库操作员权限并成功利用此漏洞的攻击者可以访问客户数据。,超危,缓冲区溢出,CNNVD-200807-126,http://www.cnnvd.org.cn/web/xxk/ldxqById.tag?CNNVD=CNNVD-200807-126,目前厂商已经发布了升级补丁以修复这个安全问题，补丁下载链接：http://www.microsoft.com/technet/security/bulletin/ms08-040.mspx?pf=true,远程,Microsoft SQL Server信息泄露及缓冲区溢出漏洞(MS08-040),microsoft sql sever,1
CVE-2008-0086,"Microsoft SQL Server是一款流行的SQL数据库系统。
SQL Server管理内存页面重用的方式存在漏洞，重新分配内存时，SQL Server未能初始化内存页面。具有数据库操作员权限并成功利用此漏洞的攻击者可以访问客户数据。
SQL Server中的转换功能没有充分地检查输入字符串，在处理INSERT语句前没有执行充分的检查。通过认证的攻击者可以利用这些漏洞触发缓冲区溢出，从而执行任意指令。",超危,缓冲区溢出,CNNVD-200807-125,http://www.cnnvd.org.cn/web/xxk/ldxqById.tag?CNNVD=CNNVD-200807-125,"目前厂商已经发布了升级补丁以修复这个安全问题，补丁下载链接：
http://www.microsoft.com/technet/security/bulletin/ms08-040.mspx?pf=true",远程,Microsoft SQL Server信息泄露及缓冲区溢出漏洞(MS08-040),microsoft sql sever,1
CVE-2008-0085,Microsoft SQL Server是一款流行的SQL数据库系统。,中危,信息泄露,CNNVD-200807-124,http://www.cnnvd.org.cn/web/xxk/ldxqById.tag?CNNVD=CNNVD-200807-124,目前厂商已经发布了升级补丁以修复这个安全问题，补丁下载链接：http://www.microsoft.com/technet/security/bulletin/ms08-040.mspx?pf=true,远程,Microsoft SQL Server信息泄露及缓冲区溢出漏洞(MS08-040),microsoft sql sever,1
CVE-2007-4814,Microsoft SQL Server是一款流行的SQL数据库系统。Microsoft SQL Server分布式管理对象OLE DLL(sqldmo.dll)中存在缓冲区溢出漏洞，远程攻击得可能利用此漏洞控制用户系统。,高危,缓冲区溢出,CNNVD-200709-115,http://www.cnnvd.org.cn/web/xxk/ldxqById.tag?CNNVD=CNNVD-200709-115,"目前厂商还没有提供此漏洞的相关补丁或者升级程序，建议使用此软件的用户随时关注厂商的主页以获取最新版本：
http://www.microsoft.com/technet/security/",远程,Microsoft SQL Server sqldmo.dll ActiveX控件缓冲区溢出漏洞,microsoft sql sever,1
CVE-2004-1560,Microsoft SQL Server 7.0版本存在漏洞。远程攻击者借助到TCP端口1433的超长请求导致服务拒绝（MSSQLServer服务暂停），还可能触发缓冲区溢出。,中危,缓冲区溢出,CNNVD-200412-305,http://www.cnnvd.org.cn/web/xxk/ldxqById.tag?CNNVD=CNNVD-200412-305,"Currently we are not aware of any vendor-supplied patches for this issue. If you feel we are in error or are aware of more recent information, please mail us at: vuldb@securityfocus.com .",远程,Microsoft SQL Server远程服务拒绝漏洞,microsoft sql sever,1
CVE-2003-0232,"Microsoft SQL Server是微软公司开发和维护的大型数据库系统。
Microsoft SQL Server在处理发送给LPC端口的畸形消息不正确，本地攻击者可以利用这个漏洞进行缓冲区溢出攻击，可能以数据库进行权限在系统上执行任意指令。
Microsoft SQL Server使用LPC(本地过程调用)来实现部分进程间通信，此端口提供的服务可以被任何用户访问。任何本地用户可以发送信息通过这个端口到SQL服务。通过发送特殊构建的消息到这个端口，可以覆盖堆栈中的信息，允许攻击者在SQL进程上下文执行任意代码。允许用户对数据库文件进行读写。",高危,边界条件错误,CNNVD-200308-122,http://www.cnnvd.org.cn/web/xxk/ldxqById.tag?CNNVD=CNNVD-200308-122,"厂商补丁：
Microsoft
---------
Microsoft已经为此发布了一个安全公告(MS03-031)以及相应补丁:MS03-031：Cumulative Patch for Microsoft SQL Server (Q815495)",本地,Microsoft SQL Server LPC端口本地缓冲区溢出漏洞(MS03-031),microsoft sql sever,1
CVE-2003-0231,"Microsoft SQL Server是微软公司开发和维护的大型数据库系统。
Microsoft SQL Server在处理超长有名管道请求时存在问题，远程攻击者可以利用这个漏洞对数据库服务进行拒绝服务攻击。
Microsoft SQL Server支持通过有名管到进行SQL查询，这个管道允许""Everyone""组进行写访问，因此可以被任何本地和远程用户无需验证进行访问。通过发送超大请求到这个管道(大小根据服务包的级别来定)，可导致服务停止响应。根据补丁包级别的不同，产生的效果也不同：
SQL Server 2000 pre-SP3：
SQL服务会崩溃，需要重新启动。
SQL Server 2000 SP3：
SQL服务看起来正常(没有不正常CPU或内存使用率)，但是不能响应任何请求。并且不能停掉服务，需要重新启动主机来获得正常功能。",中危,其他,CNNVD-200308-199,http://www.cnnvd.org.cn/web/xxk/ldxqById.tag?CNNVD=CNNVD-200308-199,"厂商补丁：
Microsoft
---------
Microsoft已经为此发布了一个安全公告(MS03-031)以及相应补丁:MS03-031：Cumulative Patch for Microsoft SQL Server (Q815495)",远程,Microsoft SQL Server远程拒绝服务攻击漏洞(MS03-031),microsoft sql sever,1
CVE-2003-0230,"Microsoft SQL Server 7，2000版本和MSDE存在漏洞。本地用户可以通过另一个用户认证时劫持已命名管道提升特权，也称为""Named Pipe Hijacking""漏洞。",高危,权限许可和访问控制,CNNVD-200308-197,http://www.cnnvd.org.cn/web/xxk/ldxqById.tag?CNNVD=CNNVD-200308-197,"The vendor has released a fix to address this issue.
Microsoft SQL Server 2000 SP3",本地,Microsoft SQL Server / MSDE命名管道权限提升漏洞,microsoft sql sever,1
CVE-2002-1981,"Microsoft SQL Server 2000是一款Microsoft公司开发和维护的商业性质大型数据库系统。使用了各种存储过程允许数据库管理员执行简单的管理。
Microsoft SQL Server中的两个存储过程可以由低权限用户访问，远程攻击者可以利用这个漏洞修改数据库系统数据。
sp_MSSetServerProperties是内部使用的存储过程，sp_MSSetServerProperties调用xp_instance_regwrite过程来改变SQL服务器是否自动启动或者手工启动，不过这个调用默认可以通过低权限用户调用并改变这个配置，这个问题风险程度不高，不允许攻击者破坏服务器或者数据，但是利用其他漏洞，可能对服务器造成危害。
sp_MSsetalertinfo存储过程也可以被低权限用户执行，可允许一般用户修改报警信息，如报警信息相关EMAIL地址等。",中危,设计错误,CNNVD-200212-468,http://www.cnnvd.org.cn/web/xxk/ldxqById.tag?CNNVD=CNNVD-200212-468,"临时解决方法：
如果您不能立刻安装补丁或者升级，CNNVD建议您采取以下措施以降低威胁：* 使用如下方法关闭这些存储过程的公共作用域，即不允许非特权用户访问：",远程,Microsoft SQL Server部分存储过程访问设计不充分漏洞,microsoft sql sever,1
CVE-2002-1872,SQL Authentication可用的Microsoft SQL Server 6.0版本和2000版本使用弱加密术(XOR)，远程攻击者可以发觉并且解密密码。,中危,设计错误,CNNVD-200212-509,http://www.cnnvd.org.cn/web/xxk/ldxqById.tag?CNNVD=CNNVD-200212-509,"Currently we are not aware of any vendor-supplied patches for this issue. If you feel we are in error or are aware of more recent information, please mail us at: vuldb@securityfocus.com .",远程,Microsoft SQL Server登录弱认证机制,microsoft sql sever,1
CVE-2002-1145,Microsoft SQL服务器7.0和2000版本，Microsoft Data Engine (MSDE) 1.0版本，和Microsoft Desktop Engine (MSDE) 2000版本中进程中储存的xp_runwebtas可以被PUBLIC执行。攻击者可以通过无强烈许可的msdb.dbo.mswebtasks表格的更新数据库拥有者拥有的webtask提升特权。,超危,配置错误,CNNVD-200210-306,http://www.cnnvd.org.cn/web/xxk/ldxqById.tag?CNNVD=CNNVD-200210-306,"Microsoft has released an updated cumulative patch for this and other security issues, which includes an installer.
Cisco has released an advisory. Information about obtaining and applying fixes is available in the referenced advisory.
Fixes available:
Microsoft SQL Server 2000",远程,Microsoft SQL Server Web Task Stored Procedure特权提升漏洞,microsoft sql sever,1
CVE-2002-1138,"Microsoft SQL Server是微软公司开发的一套商业数据库系统，应用在Microsoft Windows系统下。SQL Server 7.0和2000带了一个助手服务 - SQL Server Agent。这个代理程序用来在数据库意外停止之后重启之，另外，它也负责处理提交的作业。
通过提交一些作业让Agent执行，可能导致低权限用户执行它们进而完全控制数据库系统。
通过msdb数据库中的一些存储过程例如sp_add_job、sp_add_job_step等等，用户就可以提交作业让SQL Server Agent执行。由于SQL Server Agent在一个更高的权限下运行，通常是Local System权限，必须保证当提交一个T-SQL作业时它不能被滥用。因此管理员可以使用如下命令来防止这种攻击：
SETUSER N'guest' WITH NORESET
这样普通的低级别用户将不能提交这样的作业(执行系统命令)：
exec master..xp_cmdshell 'dir'
但这种限制很容被绕过，只需要在SQL Server Agent丢弃权限后重新连接到SQL Server即可。而结合""Microsoft SQL Server扩展存储过程权限提升漏洞""( http：//www.nsfocus.com/index.php?act=sec_bug＆do=view＆bug_id=3313 )中提到的几个扩展存储过程即可绕过这种限制。",高危,设计错误,CNNVD-200210-275,http://www.cnnvd.org.cn/web/xxk/ldxqById.tag?CNNVD=CNNVD-200210-275,"临时解决方法：
如果您不能立刻安装补丁或者升级，CNNVD建议您采取以下措施以降低威胁：* 数据库管理员应该禁止对MSDB数据库中的下列存储过程的公开(public)访问权限：",远程,Microsoft SQL Server Agent作业提交漏洞(MS02-043),microsoft sql sever,1
CVE-2002-1137,"Microsoft SQL Server /2000是一款由Microsoft公司开发的商业性质大型数据库系统。
SQL Server 2000自带的数据库控制台命令行工具(Database Console Commands，DBCCs)实现上存在缓冲区溢出漏洞，远程攻击者可能通过此漏洞以SQL进程的权限在服务器上执行任意指令。
此漏洞是MS02-038公告提及漏洞(NSFOCUS_ID：3151)的一个变种，可以被已登录访问的任意SQL用户所利用，使其能以SQL进程的权限在系统上执行任意指令。",高危,边界条件错误,CNNVD-200210-263,http://www.cnnvd.org.cn/web/xxk/ldxqById.tag?CNNVD=CNNVD-200210-263,"厂商补丁：
Microsoft
---------
Microsoft对MS02-056号公告作为修订，发布了MS02-061号公告，Microsoft建议所有使用SQL 2000或MSDE 2000的用户打上MS02-061公告中给出的补丁：http://support.microsoft.com/default.aspx?scid=kb;en-us;Q316333&sd=tech",远程,Microsoft SQL Server 2000 DBCC远程缓冲区溢出漏洞(MS02-061),microsoft sql sever,1
CVE-2002-1123,"Microsoft SQL Server是一款由Microsoft开发的大型数据库系统。
Microsoft SQL Server在预验证处理时存在漏洞，远程攻击者可以利用这个漏洞进行缓冲区溢出攻击。
Microsoft SQL Server的预验证过程存在问题，远程攻击者通过连接TCP 1433端口可以进行缓冲区溢出攻击，由于问题发生在验证之前，所以攻击这无需验证就可以进行攻击，可能使攻击者以SQL进程权限在系统上执行任意指令。",高危,边界条件错误,CNNVD-200209-058,http://www.cnnvd.org.cn/web/xxk/ldxqById.tag?CNNVD=CNNVD-200209-058,"临时解决方法：
如果您不能立刻安装补丁或者升级，CNNVD建议您采取以下措施以降低威胁：* 在防火墙或者服务器上禁止不可信IP访问SQL Server服务端口
厂商补丁：
Microsoft
---------
Microsoft已经为此发布了一个安全公告(MS02-056)以及相应补丁:",远程,Microsoft SQL Server预验证过程远程缓冲区溢出漏洞(MS02-056),microsoft sql sever,1
CVE-2002-0982,Microsoft SQL Server 2000 SP2版本在配置为分配器存在漏洞。攻击者借助sp_Mscopyscript预存程序的@scriptfile参数执行任意代码。,高危,未知,CNNVD-200209-045,http://www.cnnvd.org.cn/web/xxk/ldxqById.tag?CNNVD=CNNVD-200209-045,,远程,Microsoft SQL Server漏洞,microsoft sql sever,1
CVE-2002-0859,"Microsoft SQL Server是一款由Microsoft公司开发的商业性质大型数据库系统。
Microsoft SQL Server当和MS JET引擎组合使用时OpenDataSource函数存在漏洞，远程攻击者可以利用这个漏洞进行缓冲区溢出攻击。
通过提交特殊构建的使用OpenDataSource函数的SQL查询可使SQL服务进程产生缓冲区溢出，同时溢出属于UNICODE性质，精心构建数据可容易的以SQL服务进程的权限在系统上执行任意指令。
攻击者可以通过WEB应用程序使用SQL指令插入进行攻击，所以没有与Internet连接的SQL服务程序就不表示一定安全。
由于问题存在于MS JET引擎组件，所以其他依靠此引擎组件的产品也应该存在此漏洞。",高危,边界条件错误,CNNVD-200209-003,http://www.cnnvd.org.cn/web/xxk/ldxqById.tag?CNNVD=CNNVD-200209-003,"临时解决方法：
如果您不能立刻安装补丁或者升级，CNNVD建议您采取以下措施以降低威胁：* 使用防火墙，对Microsoft SQL Server进行访问控制，只允许可信用户访问。
厂商补丁：
Microsoft
---------
目前厂商已经发布了升级补丁以修复这个安全问题，请到厂商的主页下载：",远程,Microsoft SQL MS Jet引擎OpenDataSource远程缓冲区溢出漏洞,microsoft sql sever,1
CVE-2002-0729,Microsoft SQL Server 2000是一款由Microsoft公司开发的商业性质大型数据库系统。Microsoft SQL Server 2000的Resolution服务对用户提交的UDP包缺少正确的处理，远程攻击者可以利用这个漏洞进行基于堆的缓冲区溢出攻击。,中危,边界条件错误,CNNVD-200208-046,http://www.cnnvd.org.cn/web/xxk/ldxqById.tag?CNNVD=CNNVD-200208-046,临时解决方法：如果您不能立刻安装补丁或者升级，CNNVD建议您采取以下措施以降低威胁：,远程,Microsoft SQL Server 2000 Resolution服务远程堆缓冲区溢出漏洞(MS02-039),microsoft sql sever,1
CVE-2002-0721,"Microsoft SQL Server是微软公司开发的一套商业数据库系统，应用在Microsoft Windows系统下。SQL Server 7.0 和 SQL Server 2000提供了对扩展存储过程的支持，扩展存储过程是一些由C或C＃等编程语言编写的外部程序。SQL Server可以象调用正常的存储过程那样使用这些扩展存储过程。SQL Server 7.0 和 SQL Server 2000缺省带了一些外部存储过程。
SQL Server 7.0 和 SQL Server 2000缺省带的几个外部存储过程缺少必要的权限限制，可能导致低权限用户执行它们进而完全控制数据库系统。
SQL Server缺省带了下列外部存储过程：
xp_execresultset
xp_printstatements
xp_displayparamstmt
缺省它们允许任意用户访问，因此本地的低权限用户可以直接向它们发送SQL请求。由于这些存储过程执行时会重新连回SQL数据库，并且会以SQL Server运行帐号的身份执行SQL查询请求。这就带来了一个权限提升问题，未授权用户可以获得SQL Server运行帐号权限，这可能允许攻击者插入、删除、修改数据库数据，甚至完全控制操作系统。
有本地用户权限的攻击者可以直接进行攻击，攻击者也可能利用Web前端的SQL注入漏洞来进行攻击。",超危,设计错误,CNNVD-200209-016,http://www.cnnvd.org.cn/web/xxk/ldxqById.tag?CNNVD=CNNVD-200209-016,"临时解决方法：
如果您不能立刻安装补丁或者升级，CNNVD建议您采取以下措施以降低威胁：* 数据库管理员应该限制下列三个外部存储过程的访问权限，只允许数据库管理员访问：",远程,Microsoft SQL Server扩展存储过程权限提升漏洞(MS02-043),microsoft sql sever,1
CVE-2002-0650,"Microsoft SQL Server 2000是一款由Microsoft公司开发的商业性质大型数据库系统。
Microsoft SQL Server 2000的Resolution服务的在操作keep-alive机制时对请求端缺少正确的检查，远程攻击者可以利用这个漏洞进行拒绝服务攻击。
Microsoft SQL Server 2000支持在单个物理主机上伺服多个SQL服务器的实例，每个实例操作需要通过单独的服务，不过多个实例不能全部使用标准SQL服务会话会话端口(TCP 1433)，所以SQL Server Resolution服务操作监听在UDP 1434端口，提供一种使客户端查询适当的网络末端用于特殊的SQL服务实例的途径。
SQL使用一种keep-alive机制来区别主动和被动的实例，当SQL服务程序在UDP 1434端口接收到单字节为0x0A的UDP包时，会以0x0A应答发送端，但是这种应答只以源IP地址和源端口作为参照信息，攻击者可以伪造发送来自其他SQL服务器的0x0A单字节UDP包给目标SQL服务器，可导致两个SQL服务器进入无限循环的keep-alive包交换中，使的大量系统资源消耗，产生拒绝服务攻击。",中危,其他,CNNVD-200208-124,http://www.cnnvd.org.cn/web/xxk/ldxqById.tag?CNNVD=CNNVD-200208-124,"临时解决方法：
如果您不能立刻安装补丁或者升级，CNNVD建议您采取以下措施以降低威胁：* 在边界防火墙、网关设备或者SQL Server主机上限制对UDP/1434端口的访问。由于UDP报文的源地址很容易伪造，所以不能简单地限制只允许可信IP访问。
厂商补丁：
Microsoft
---------
Microsoft已经为此发布了一个安全公告(MS02-039)以及相应补丁:",远程,Microsoft SQL Server 2000 Resolution服务远程拒绝服务攻击漏洞(MS02-039),microsoft sql sever,1
CVE-2002-0649,Microsoft SQL Server 2000是一款由Microsoft公司开发的商业性质大型数据库系统。Microsoft SQL Server 2000的Resolution服务对用户提交的UDP包缺少正确的处理，远程攻击者可以利用这个漏洞进行基于堆的缓冲区溢出攻击。,高危,缓冲区溢出,CNNVD-200208-006,http://www.cnnvd.org.cn/web/xxk/ldxqById.tag?CNNVD=CNNVD-200208-006,临时解决方法：如果您不能立刻安装补丁或者升级，CNNVD建议您采取以下措施以降低威胁：,远程,Microsoft SQL Server 2000 Resolution服务远程堆缓冲区溢出漏洞(MS02-039),microsoft sql sever,1
CVE-2002-0645,"Microsoft SQL Server 2000是一款由Microsoft公司开发的商业性质大型数据库系统。
Microsoft SQL Server中的用于复制的存储过程Sp_MScopyscriptfile对用户提交的参数缺少正确的过滤，远程攻击者可以利用这个漏洞以SQL Server Agent Proxy帐户权限在系统上执行任意命令。
Sp_MScopyscriptfile存储过程可以在SQL服务器复制目录中建立目录，然后拷贝脚本到此木中，这个存储过程包含@scriptfile输入参数，用于要拷贝脚本文件的名称，Sp_MScopyscriptfile存储过程对这个外部提供的参数缺少正确的过滤，远程攻击者可以在这个参数中插入操作系统命令并通过xp_cmdshell执行，如果SQL Server Agent Proxy帐户在系统中存储的情况下，攻击者可以以SQL Server Agent Proxy帐户的权限在系统中执行任意命令，不过默认SQL Server Agent Proxy帐户需要SQL管理员权限激活。",高危,输入验证,CNNVD-200208-154,http://www.cnnvd.org.cn/web/xxk/ldxqById.tag?CNNVD=CNNVD-200208-154,"临时解决方法：
如果您不能立刻安装补丁或者升级，CNNVD建议您采取以下措施以降低威胁：* 如果您已经手工启用了SQL Server Agent Proxy账号的话，您应该立刻禁用此帐号。
厂商补丁：
Microsoft
---------
Microsoft已经为此发布了一个安全公告(MS02-038)以及相应补丁:",远程,Microsoft SQL Server 2000复制存储过程远程可插入漏洞(MS02-038),microsoft sql sever,1
CVE-2002-0644,"Microsoft SQL Server 2000是一款由Microsoft公司开发的商业性质大型数据库系统，数据库一致性检查器(Database Consistency Checkers (DBCCs))是命令控制台工具，允许对SQL服务器进行维护和其他操作。
数据库一致性检查器(Database Consistency Checkers (DBCCs))中一些用于数据库复制功能的存储过程对用户提交的参数数据缺少正确的边界检查，远程攻击者可以利用这个漏洞进行缓冲区溢出攻击。
多个DBCC函数中对用户提交的参数缺少正确的缓冲区边界检查，提交超长字符串作为参数提交给如下存储过程，可导致缓冲区溢出，可能可以以SQL Server Agent Proxy帐户的进程在系统中执行任意指令：
DBCC ADDEXTENDEDPROC ('xp_storedproc'，'XXX...') (a)
DBCC INDEXFRAG (''，'XXX...') (b)
DBCC UPDATEUSAGE (''，'XXX...') (c)
DBCC CHECKCONSTRAINTS ('XXX...') (c)
DBCC SHOWCONTIG ('XXX...') (d)
DBCC CLEANTABLE (''，'XXX...') (d)
(a)只有sysadmin fixed server role成员才能运行此命令。
(b)只有sysadmin fixed server role， db_owner或者db_ddladmin fixed database role能运行此命令。
(c)只有sysadmin fixed server role或者db_owner fixed database role能运行此命令。
(d)所有用户可以运行此命令。",高危,边界条件错误,CNNVD-200208-163,http://www.cnnvd.org.cn/web/xxk/ldxqById.tag?CNNVD=CNNVD-200208-163,"临时解决方法：
如果您不能立刻安装补丁或者升级，CNNVD建议您采取以下措施以降低威胁：* 暂时没有合适的临时解决方法。
厂商补丁：
Microsoft
---------
Microsoft已经为此发布了一个安全公告(MS02-038)以及相应补丁:",远程,Microsoft SQL Server 2000数据库一致性检查器远程缓冲区溢出漏洞(MS02-038),microsoft sql sever,1
CVE-2002-0643,"Microsoft SQL Server 7.0/2000是微软公司开发和维护的商业SQL数据库系统。
Microsoft SQL Server安装过程中存在漏洞，本地攻击者可能利用此问题得到访问数据库的认证信息。
在MS-SQL Server 7.0/2000(包括MSDE 1.0)的安装或打服务补丁过程中，相关的信息包括口令会被收集并存放在主机上的一个名为""setup.iss""的文件中。在SQL Server 7.0和MSDE 1.0中此文件位于%windir%目录(默认为C：＼Winnt)，在SQL Server 2000中此文件位于SQL安装目录的install子目录下(默认为：C：＼Program
       Files＼Microsoft SQL Server＼mssql＼install)。此文件在程序安装完成以后并不删除，而且任何人可读。在MS-SQL Server 7.0 SP4以前的版本中，口令信息是以明文的形式存放的，在SP4版本以后采用了很弱的加密方式进行存放。本地攻击者可能通过读取此文件得到数据库访问的认证信息。",中危,设计错误,CNNVD-200207-074,http://www.cnnvd.org.cn/web/xxk/ldxqById.tag?CNNVD=CNNVD-200207-074,"临时解决方法：
如果您不能立刻安装补丁或者升级，CNNVD建议您采取以下措施以降低威胁：* 删除setup.iss文件。
厂商补丁：
Microsoft
---------
Microsoft已经为此发布了一个安全公告(MS02-035)以及相应补丁:",本地,Microsoft MS-SQL Server安装过程中明文缓存口令漏洞(MS02-035),microsoft sql sever,1
CVE-2002-0642,"Microsoft SQL Server 2000是微软公司开发和维护的一种商业SQL数据库系统。
SQL Server 2000的默认注册表表项权限设置存在漏洞，远程可以执行查询操作的用户可能利用此问题修改下次启动SQL服务进程的权限。
在默认情况下，指定SQL服务进程所运行帐号的注册表项的权限设置不正确，能在服务器上执行SQL查询的远程攻击者可以无需管理员权限通过SQL查询修改此注册表表项，使SQL服务在下次启动时以较高的权限执行。",高危,访问验证错误,CNNVD-200207-068,http://www.cnnvd.org.cn/web/xxk/ldxqById.tag?CNNVD=CNNVD-200207-068,"临时解决方法：
如果您不能立刻安装补丁或者升级，CNNVD建议您采取以下措施以降低威胁：* 严格控制对用户对SQL服务器的访问，只允许可信用户登录查询SQL服务。
厂商补丁：
Microsoft
---------
Microsoft已经为此发布了一个安全公告(MS02-034)以及相应补丁:
MS02-034：Cumulative Patch for SQL Server (Q316333)
链接：
http://www.microsoft.com/technet/security/bulletin/MS02-034.asp
补丁下载：
    * Microsoft SQL Server 2000:",本地,Microsoft SQL Server 2000注册表表项权限设置不正确漏洞(MS02-034),microsoft sql sever,1
CVE-2002-0641,"SQL Server 2000是一款Microsoft公司分发的商业性质企业级数据库产品。
SQL Server 2000存在漏洞，可导致远程攻击者进行缓冲区溢出和拒绝服务攻击。
Microsoft SQL Server 2000存在多个基于堆和栈的缓冲区溢出，攻击者可以精心构建攻击数据而以SQL Server进程的权限在目标系统上执行任意指令或者进行网络拒绝服务攻击。
在Microsoft提供补丁之后，NGSSoftware将提供详细技术细节。",高危,边界条件错误,CNNVD-200207-084,http://www.cnnvd.org.cn/web/xxk/ldxqById.tag?CNNVD=CNNVD-200207-084,"临时解决方法：
如果您不能立刻安装补丁或者升级，CNNVD建议您采取以下措施以降低威胁：* 在防火墙上设置访问控制，只允许可信用户访问。
厂商补丁：
Microsoft
---------
目前厂商还没有提供补丁或者升级程序，我们建议使用此软件的用户随时关注厂商的主页以获取最新版本：",远程,Microsoft SQL Server 2000多个缓冲区溢出漏洞,microsoft sql sever,1
CVE-2002-0624,"Microsoft SQL Server 2000是微软公司开发和维护的一种商业SQL数据库系统。
MS-SQL 2000的口令加密过程实现上存在缓冲区溢出漏洞，远程攻击者可能利用此漏洞在目标系统上执行任意指令。
在MS-SQL 2000的口令加密过程被管理员用来储存SQL服务器的认证信息，其实现存在缓冲区溢出漏洞，一个未检查边界的数据拷贝操作会导致缓冲区溢出。远程攻击者可能通过提交超长的输入数据进行溢出攻击从而执行任意指令。SQL服务器进程的运行权限是管理员指定的，默认情况下是一个域用户的权限，如果攻击者攻击成功就可以取得相应的权限。要利用此漏洞攻击者必须能先合法地登录进SQL服务，然后发起查询操作。",高危,边界条件错误,CNNVD-200207-083,http://www.cnnvd.org.cn/web/xxk/ldxqById.tag?CNNVD=CNNVD-200207-083,"临时解决方法：
如果您不能立刻安装补丁或者升级，CNNVD建议您采取以下措施以降低威胁：* 严格控制对用户对SQL服务器的访问，只允许可信用户登录查询SQL服务。
厂商补丁：
Microsoft
---------
Microsoft已经为此发布了一个安全公告(MS02-034)以及相应补丁:
MS02-034：Cumulative Patch for SQL Server (Q316333)
链接：
http://www.microsoft.com/technet/security/bulletin/MS02-034.asp
补丁下载：
    * Microsoft SQL Server 2000:",远程,Microsoft SQL Server 2000口令加密过程远程缓冲区溢出漏洞(MS02-034),microsoft sql sever,1
CVE-2002-0154,"Microsoft SQL Server是Windows平台下流行的SQL服务器程序。Microsoft SQL Server支持外部存储过程来方便地扩展数据库的功能。
Microsoft SQL Server自带的多个扩展存储过程在处理用户请求数据里存在输入验证漏洞，远程攻击者可能利用这个漏洞在主机上执行任意指令。
Microsoft SQL Server的多个扩展存储过程没有充分检查过滤用户提交的数据，远程攻击者可能通过提交精心构造的超长参数值在服务器上执行任意指令。比如xp_dirtree存储过程用于得到一个指定目录或驱动器下的子目录信息。当它被调用的时候，它让一个叫Srv_paraminfo()的函数解释处理用户参数。如果提交给xp_dirtree存储过程一个超长的是字串，可能会导致缓冲区溢出，造成拒绝服务攻击或者在主机上以SQL进程的权限执行任意指令。",高危,边界条件错误,CNNVD-200205-020,http://www.cnnvd.org.cn/web/xxk/ldxqById.tag?CNNVD=CNNVD-200205-020,"临时解决方法：
如果您不能立刻安装补丁或者升级，CNNVD建议您采取以下措施以降低威胁：* 设置禁止xp_dirtree存储过程，并删除相关的DLL文件。
厂商补丁：
Microsoft
---------
Microsoft已经为此发布了一个安全公告(MS02-020)以及相应补丁:",远程,Microsoft SQL Server 7.0及2000多个扩展存储过程缓冲区溢出漏洞(MS02-020),microsoft sql sever,1
CVE-2001-0542,"Microsoft SQL Server是Microsoft公司开发的Windows平台下的SQL服务器。
Microsoft SQL Server存在多个溢出漏洞，可以使攻击者通过构造特殊的SQL请求在服务器上以服务器程序进程的权限执行代码或者使服务器程序崩溃。
在SQL Server 7.0/2000以及MSDE中提供的RAISERROR语句，发现存在一个缓冲溢出问题。
RAISERROR提供了返回用户定义错误及将@@error变量设置成用户定义错误号的能力。错误消息可以被动态地建立，或者基于错误号从""sysmessages""表中检索到。一旦出现了错误，错误就会以一种服务器错误消息的方式返回到客户机。RAISERROR的语法：
RAISERROR (msg_id | msg_str， severity， state
[， argument ][，…n]])
[WITH options]
Msg_id指明用户定义消息的id，该消息存储在""sysmessages""系统表中。
Msg_str用于动态创建消息的消息字符串。这与C语言中的""printf""非常相似。
Severity定义用户赋值的错误消息严重程度。
State是从1到127的任意整数值，它表示错误的调用状态信息。负数的state值将缺省为1。
OPTIONS指明错误的定制选项。OPTIONS的有效值如下：
1)  LOG。
将错误记录到服务器错误日志和NT事件日志中。该选项需要消息带有从19到25的严重程度。而只有系统管理员才能发出这种消息。
2)  NOWAIT。
将消息立即发送到客户端服务器。
3)  SETERROR。
不管其严重级别如何，将@@error的值设置为msg_id或5000。
当传递给RAISERROR一个相当长的参数时会触发一个溢出，可能导致入侵者获得local system权限。",高危,边界条件错误,CNNVD-200112-115,http://www.cnnvd.org.cn/web/xxk/ldxqById.tag?CNNVD=CNNVD-200112-115,"临时解决方法：
如果您不能立刻安装补丁或者升级，CNNVD建议您采取以下措施以降低威胁：* 设备防火墙规则只允许可信的主机连接SQL服务器。",远程,Microsoft SQL Server RAISERROR语句缓冲区溢出漏洞(MS01-060),microsoft sql sever,1
CVE-2001-0509,多款Microsoft产品中的RPC服务器存在输入验证错误漏洞。远程攻击者可借助畸形的输入利用该漏洞造成拒绝服务。以下产品及版本受到影响：Microsoft Exchange Server 2000及之前版本；Microsoft SQL Server 2000及之前版本；Windows NT 4.0版本；Windows 2000版本。,中危,输入验证错误,CNNVD-200109-115,http://www.cnnvd.org.cn/web/xxk/ldxqById.tag?CNNVD=CNNVD-200109-115,目前厂商已发布升级补丁以修复漏洞，补丁获取链接：https://docs.microsoft.com/en-us/security-updates/securitybulletins/2001/ms01-041,远程,多款Microsoft产品输入验证错误漏洞,microsoft sql sever,1
CVE-2001-0344,Microsoft SQL Server 2000 Gold和7.0版本的SQL查询方法使用Mixed Mode，本地数据库用户可以通过再利用sa管理员账户的缓存连接重复使用获取权限。,高危,未知,CNNVD-200107-149,http://www.cnnvd.org.cn/web/xxk/ldxqById.tag?CNNVD=CNNVD-200107-149,,本地,Microsoft SQL Server 2000权限提升漏洞,microsoft sql sever,1
CVE-2000-1088,"在微软SQL Server 7.0/2000以及MSDE中以及提供了一个API函数srv_paraminfo()，它用来为扩展存储过程调用解释输入参数。由于它没有对输入参数长度进行检查，因此如果输入参数长度超过一定限制，就可能发生缓冲区溢出。任何在调用srv_paraminfo()前没有进行长度检查的扩展存储过程都可能受到此问题影响。
调用扩展存储过程的语法如下所示：
exec ＜存储过程名＞ ＜参数1＞， ＜参数2＞， ...
例如，如下的查询将返回""c：＼winnt""的目录树：
exec xp_dirtree 'c：＼winnt'
通过给各个参数传递超长的字符串，有可能覆盖为这些参数所分配的缓冲区并执行任意代码。
目前已知受影响的扩展存储过程如下：
1、xp_peekqueue (xpqueue.dll)
   xp_printstatements (xprepl.dll)
  
    给第一个参数传递超长的串将导致非法操作并覆盖异常处理程序所保存的返回地址。
2、xp_proxiedmetadata (xprepl.dll)
    该存储过程使用4个参数。给第二个参数传递超长的串将导致非法操作并覆盖异常处理程序所保存的返回地址。
    
3、xp_SetSQLSecurity (xpstar.dll)
    该存储过程使用4个参数。给第三个参数传递超长的串将引发异常并导致整个SQL Server进程立即终止。
    
4、xp_displayparamstmt(xprepl.dll)
   xp_enumresultset(xprepl.dll)
   xp_showcolv (xprepl.dll)
   xp_updatecolvbm (xprepl.dll)
  
   给第一个参数传递超长的串将导致非法操作并覆盖异常处理程序所保存的返回地址。
  
扩展存储过程可以被任何客户组件调用，只要这些客户组件能够执行普通的SQLServer查询，比如Microsoft Access或者MSQuery。SQL Server中提供的ISQL实用程序也可以用来调用扩展存储过程。运行于IIS之上的web应用程序频繁地使用ADO(ActiveX Data Objects)API来连接SQL Server数据库。
攻击者可能通过两种途径进行攻击：
1. 如果攻击者可以登录进入SQL Server数据库，就可以通过直接调用有问题的扩展存储过程来进行攻击。如果溢出成功，可能获取SYSTEM权限。
2. 攻击者也可能通过Web应用程序来进行攻击，但是需要攻击者了解应用程序在何处调用了有问题的扩展存储过程，同时提供有效的参数。",中危,边界条件错误,CNNVD-200101-064,http://www.cnnvd.org.cn/web/xxk/ldxqById.tag?CNNVD=CNNVD-200101-064,"临时解决方法：
如果您不能立刻安装补丁或者升级，CNNVD建议您采取以下措施以降低威胁：* 数据库管理员应该限制这些有问题的存储过程的访问权限，只允许数据库管理员访问。
厂商补丁：
Microsoft
---------
Microsoft已经为此发布了一个安全公告(MS00-092)以及相应补丁:",本地,Microsoft SQL Server/MSDE扩展存储过程远程缓冲区溢出漏洞(MS00-092),microsoft sql sever,1
CVE-2000-1087,"Microsoft SQL Server 2000和SQL Server Desktop Engine (MSDE)中的xp_proxiedmetadata函数在调用Extended Stored Procedures (XP)的SQL Server API for中的srv_paraminfo函数之前不正确的限制缓冲区的长度，攻击者利用该漏洞拒绝服务或者执行任意命令，该漏洞又称为""Extended Stored Procedure Parameter Parsing""漏洞。",中危,边界条件错误,CNNVD-200101-084,http://www.cnnvd.org.cn/web/xxk/ldxqById.tag?CNNVD=CNNVD-200101-084,"Microsoft has released the following patches which eliminate the vulnerability:
Microsoft SQL Server 2000",本地,Microsoft SQL Server / Data Engine xp_proxiedmetadata缓冲区溢出漏洞,microsoft sql sever,1
CVE-2000-1086,"Microsoft SQL Server 2000和 SQL服务器桌面引擎(MSDE)在调用 Extended Stored Procedures (XP)的srv_paraminfo函数前不正确限制缓冲区长度。攻击者可以利用该漏洞导致服务拒绝或执行任意命令，也称为""Extended Stored Procedure Parameter Parsing""漏洞。",中危,边界条件错误,CNNVD-200101-016,http://www.cnnvd.org.cn/web/xxk/ldxqById.tag?CNNVD=CNNVD-200101-016,"Microsoft has released the following patches which eliminate the vulnerability:
Microsoft SQL Server 2000",本地,Microsoft SQL Server / Data引擎xp_printstatements缓冲区溢出漏洞,microsoft sql sever,1
CVE-2000-1085,"Microsoft SQL Server 2000和SQL Server Desktop Engine (MSDE)中的xp_peekqueue函数在调用Extended Stored Procedures (XP)的SQL Server API中的srv_paraminfo函数之前不正确的限制缓冲区的长度，攻击者利用该漏洞导致服务拒绝或者执行任意命令，该漏洞又称为""Extended Stored Procedure Parameter Parsing""漏洞。",中危,边界条件错误,CNNVD-200101-079,http://www.cnnvd.org.cn/web/xxk/ldxqById.tag?CNNVD=CNNVD-200101-079,"Microsoft has released the following patches which eliminate the vulnerability:
Microsoft SQL Server 2000",本地,Microsoft SQL Server / Data Engine xp_peekqueue缓冲区溢出漏洞,microsoft sql sever,1
CVE-2000-1084,"SQL Server和Microsoft SQL服务器桌面引擎(MSDE)的xp_updatecolvbm函数在调用Extended Stored Procedures(XP)SQL Server API的srv_paraminfo函数前不正确限制缓冲区长度。攻击者可以利用该漏洞导致服务拒绝并执行任意代码，也称为""Extended Stored Procedure Parameter Parsing"" 漏洞。",中危,边界条件错误,CNNVD-200101-039,http://www.cnnvd.org.cn/web/xxk/ldxqById.tag?CNNVD=CNNVD-200101-039,"Microsoft has released the following patches which eliminate the vulnerability:
Microsoft SQL Server 2000",本地,Microsoft SQL Server / Data引擎xp_updatecolvbm缓冲区溢出漏洞,microsoft sql sever,1
CVE-2000-1083,"SQL Server和Microsoft SQL Server Desktop Engine (MSDE)的xp_showcolv函数在调用Extended Stored Procedures (XP)的SQL Server API中的srv_paraminfo函数之前不能正确地限制缓冲区的长度，攻击者可以导致服务拒绝或者执行任意命令，也称为""Extended Stored Procedure Parameter Parsing""漏洞。",低危,边界条件错误,CNNVD-200101-112,http://www.cnnvd.org.cn/web/xxk/ldxqById.tag?CNNVD=CNNVD-200101-112,"Microsoft has released the following patches which eliminate the vulnerability:
Microsoft SQL Server 2000",本地,Microsoft SQL Server / Data Engine xp_showcolv缓冲区溢出漏洞,microsoft sql sever,1
CVE-2000-1082,"SQL服务器和Microsoft SQL服务器桌面引擎(MSDE)调用Extended Stored进程(XP)的srv_paraminfo函数前不正确限制缓冲区长度。攻击者可以利用该漏洞导致服务拒绝，也称为""Extended Stored Procedure Parameter Parsing""漏洞。",中危,边界条件错误,CNNVD-200101-048,http://www.cnnvd.org.cn/web/xxk/ldxqById.tag?CNNVD=CNNVD-200101-048,"Microsoft has released the following patches which eliminate the vulnerability:
Microsoft SQL Server 2000",本地,Microsoft SQL Server / Data引擎xp_enumresultset缓冲区溢出漏洞,microsoft sql sever,1
CVE-2000-1081,"在微软SQL Server 7.0/2000以及MSDE中以及提供了一个API函数srv_paraminfo()，它用来为扩展存储过程调用解释输入参数。由于它没有对输入参数长度进行检查，因此如果输入参数长度超过一定限制，就可能发生缓冲区溢出。任何在调用srv_paraminfo()前没有进行长度检查的扩展存储过程都可能受到此问题影响。
调用扩展存储过程的语法如下所示：
exec ＜存储过程名＞ ＜参数1＞， ＜参数2＞， ...
例如，如下的查询将返回""c：＼winnt""的目录树：
exec xp_dirtree 'c：＼winnt'
通过给各个参数传递超长的字符串，有可能覆盖为这些参数所分配的缓冲区并执行任意代码。
目前已知受影响的扩展存储过程如下：
1、xp_peekqueue (xpqueue.dll)
   xp_printstatements (xprepl.dll)
  
    给第一个参数传递超长的串将导致非法操作并覆盖异常处理程序所保存的返回地址。
2、xp_proxiedmetadata (xprepl.dll)
    该存储过程使用4个参数。给第二个参数传递超长的串将导致非法操作并覆盖异常处理程序所保存的返回地址。
    
3、xp_SetSQLSecurity (xpstar.dll)
    该存储过程使用4个参数。给第三个参数传递超长的串将引发异常并导致整个SQL Server进程立即终止。
    
4、xp_displayparamstmt(xprepl.dll)
   xp_enumresultset(xprepl.dll)
   xp_showcolv (xprepl.dll)
   xp_updatecolvbm (xprepl.dll)
  
   给第一个参数传递超长的串将导致非法操作并覆盖异常处理程序所保存的返回地址。
  
扩展存储过程可以被任何客户组件调用，只要这些客户组件能够执行普通的SQLServer查询，比如Microsoft Access或者MSQuery。SQL Server中提供的ISQL实用程序也可以用来调用扩展存储过程。运行于IIS之上的web应用程序频繁地使用ADO(ActiveX Data Objects)API来连接SQL Server数据库。
攻击者可能通过两种途径进行攻击：
1. 如果攻击者可以登录进入SQL Server数据库，就可以通过直接调用有问题的扩展存储过程来进行攻击。如果溢出成功，可能获取SYSTEM权限。
2. 攻击者也可能通过Web应用程序来进行攻击，但是需要攻击者了解应用程序在何处调用了有问题的扩展存储过程，同时提供有效的参数。",中危,边界条件错误,CNNVD-200101-037,http://www.cnnvd.org.cn/web/xxk/ldxqById.tag?CNNVD=CNNVD-200101-037,"临时解决方法：
如果您不能立刻安装补丁或者升级，CNNVD建议您采取以下措施以降低威胁：* 数据库管理员应该限制这些有问题的存储过程的访问权限，只允许数据库管理员访问。
厂商补丁：
Microsoft
---------
Microsoft已经为此发布了一个安全公告(MS00-092)以及相应补丁:",本地,Microsoft SQL Server/MSDE扩展存储过程远程缓冲区溢出漏洞(MS00-092),microsoft sql sever,1
CVE-2000-0603,"Microsoft SQL Server 7.0版本存在漏洞。本地用户可以借助暂时存储过程通过引用来绕过存储过程的许可，该漏洞也称为""Stored Procedure Permissions""漏洞。",中危,未知,CNNVD-200007-015,http://www.cnnvd.org.cn/web/xxk/ldxqById.tag?CNNVD=CNNVD-200007-015,,本地,Microsoft SQL Server 许可绕过漏洞,microsoft sql sever,1
CVE-2000-0485,"Microsoft SQL Server存在漏洞。本地用户借助Data Transformation Service (DTS)包的属性对话框可以获得数据库密码，又称为""DTS Password""漏洞。",低危,设计错误,CNNVD-200005-105,http://www.cnnvd.org.cn/web/xxk/ldxqById.tag?CNNVD=CNNVD-200005-105,Microsoft SQL Server 7.0,本地,Microsoft SQL Server DTS 密码泄露漏洞,microsoft sql sever,1
CVE-2000-0402,"Microsoft SQL Server 7.0版本中Mixed Mode认证功能在任意用户可读的超长文件的明文中存储了系统管理员账户，又称为""SQL Server 7.0 Service Pack Password""漏洞。",低危,设计错误,CNNVD-200005-108,http://www.cnnvd.org.cn/web/xxk/ldxqById.tag?CNNVD=CNNVD-200005-108,"Microsoft has released a patch for Service Pack 2 and 3 which rectifies this issue. For those running Service Pack 1, search for SQLSP.LOG and SETUP.ISS and delete them. If Service Pack 1 is reinstalled, be sure to delete SQLSP.LOG and SETUP.ISS again and if Service Pack 2 is re-deployed, apply the patch again.
Microsoft SQL Server 7.0 SP3",本地,Microsoft SQL Server 7.0系统管理员密码泄露漏洞,microsoft sql sever,1
CVE-2000-0202,Microsoft SQL Server 7.0版本和Microsoft Data Engine (MSDE) 1.0版本存在漏洞 。远程攻击者借助SQL查询中畸形的选择语句可以提升特权。,高危,输入验证,CNNVD-200003-016,http://www.cnnvd.org.cn/web/xxk/ldxqById.tag?CNNVD=CNNVD-200003-016,"Microsoft has released a patch for this issue, available at the following location:
http://www.microsoft.com/downloads/release.asp?ReleaseID=19132
Note that the patch will not work on SQL Servers with the Beta version of SP2 installed.
Microsoft Data Engine 1.0",远程,Microsoft SQL Server无效查询漏洞,microsoft sql sever,1
CVE-2000-0199,"Microsoft SQL 7.0存在漏洞，企业管理员在注册时，如果""Always prompt for login name and password"" 选项没有设置，就可以使用一个弱强度的用户名和密码登陆。",高危,设计错误,CNNVD-200003-028,http://www.cnnvd.org.cn/web/xxk/ldxqById.tag?CNNVD=CNNVD-200003-028,"Microsoft suggests using Windows Integrated Security. In this mode, SQL user access is tied to Windows user accounts, and no seperate IDs are created. In addition, selecting the option Always prompt for login name and password will prevent passwords from being written to the registry.",本地,Microsoft SQL密码弱加密漏洞,microsoft sql sever,1
CVE-1999-1556,Microsoft SQL Server 6.5对SQLExecutiveCmdExec账户使用弱加密并且将账户存储于注册表的访问部分，本地用户通过读取和解密CmdExecAccount的值获取特权。,高危,其他,CNNVD-199806-023,http://www.cnnvd.org.cn/web/xxk/ldxqById.tag?CNNVD=CNNVD-199806-023,"Currently the SecurityFocus staff are not aware of any vendor supplied patches for this issue. If you feel we are in error or are aware of more recent information, please mail us at: vuldb@securityfocus.com.",本地,NT SQL服务器密码漏洞,microsoft sql sever,1
CVE-1999-0999,Microsoft SQL 7.0服务器存在漏洞。远程攻击者可以通过有问题的TDS包引起拒绝服务。,中危,输入验证,CNNVD-199911-063,http://www.cnnvd.org.cn/web/xxk/ldxqById.tag?CNNVD=CNNVD-199911-063,"Microsoft has released patches which address this issue:
Microsoft SQL Server 7.0 SP1",远程,Microsoft SQL Server 7.0空数据DoS漏洞,microsoft sql sever,1
