Apache Tomcat,CVE-2020-9484,Apache Tomcat是美国阿帕奇（Apache）软件基金会的一款轻量级Web应用服务器。该程序实现了对Servlet和JavaServer Page（JSP）的支持。Apache Tomcat中存在安全漏洞。攻击者可通过控制服务器上文件的内容和名称等方法利用该漏洞执行代码。以下产品及版本受到影响：Apache Tomcat 10.0.0-M1版本至10.0.0-M4版本，9.0.0.0.M1版本至9.0.34版本，8.5.0版本至8.5.54版本，7.0.0版本至7.0.103版本。,高危,代码问题,CNNVD-202005-1078,http://www.cnnvd.org.cn/web/xxk/ldxqById.tag?CNNVD=CNNVD-202005-1078,目前厂商已发布升级补丁以修复漏洞，补丁获取链接：https://tomcat.apache.org/security.html,本地,Apache Tomcat 代码问题漏洞,1
Apache Tomcat,CVE-2020-1938,Apache Tomcat是美国阿帕奇（Apache）软件基金会的一款轻量级Web应用服务器。该程序实现了对Servlet和JavaServer Page（JSP）的支持。Apache Tomcat 7.0.100之前的7.*版本、8.5.51之前的8.*版本和9.0.31之前的9.*版本中的Tomcat AJP协议存在文件包含漏洞。攻击者可利用该漏洞读取或包含Tomcat上所有webapp目录下的任意文件，如：webapp 配置文件或源代码等。,超危,输入验证错误,CNNVD-202002-1052,http://www.cnnvd.org.cn/web/xxk/ldxqById.tag?CNNVD=CNNVD-202002-1052,目前厂商已发布升级补丁以修复漏洞，详情请关注厂商主页：http://tomcat.apache.org/,远程,Apache Tomcat 输入验证错误漏洞,1
Apache Tomcat,CVE-2020-1935,Apache Tomcat是美国阿帕奇（Apache）软件基金会的一款轻量级Web应用服务器。该程序实现了对Servlet和JavaServer Page（JSP）的支持。Apache Tomcat 9.0.0.M1版本至9.0.30版本、8.5.0版本至8.5.50版本和7.0.0版本至7.0.99版本中存在环境问题漏洞。该漏洞源于网络系统或产品的环境因素不合理。,中危,环境问题,CNNVD-202002-1130,http://www.cnnvd.org.cn/web/xxk/ldxqById.tag?CNNVD=CNNVD-202002-1130,目前厂商已发布升级补丁以修复漏洞，补丁获取链接：https://lists.apache.org/thread.html/r127f76181aceffea2bd4711b03c595d0f115f63e020348fe925a916c%40%3Cannounce.tomcat.apache.org%3E,远程,Apache Tomcat 环境问题漏洞,1
Apache Tomcat,CVE-2020-13935,Apache Tomcat是美国阿帕奇（Apache）软件基金会的一款轻量级Web应用服务器。该程序实现了对Servlet和JavaServer Page（JSP）的支持。Apache Tomcat中的WebSocket存在安全漏洞，该漏洞源于程序没有正确验证payload的长度。攻击者可利用该漏洞造成拒绝服务（无限循环）。以下产品及版本受到影响：Apache Tomcat 10.0.0-M1版本至10.0.0-M6版本，9.0.0.M1版本至9.0.36版本，8.5.0版本至8.5.56版本，7.0.27版本至7.0.104版本。,,其他,CNNVD-202007-571,http://www.cnnvd.org.cn/web/xxk/ldxqById.tag?CNNVD=CNNVD-202007-571,目前厂商已发布升级补丁以修复漏洞，补丁获取链接：https://lists.apache.org/thread.html/rd48c72bd3255bda87564d4da3791517c074d94f8a701f93b85752651%40%3Cannounce.tomcat.apache.org%3E,,Apache Tomcat 安全漏洞,1
Apache Tomcat,CVE-2020-13934,Apache Tomcat是美国阿帕奇（Apache）软件基金会的一款轻量级Web应用服务器。该程序实现了对Servlet和JavaServer Page（JSP）的支持。Apache Tomcat 10.0.0-M1版本至10.0.0-M6版本，9.0.0.M5版本至9.0.36版本和8.5.1版本至8.5.56中存在缓冲区错误漏洞。攻击者可借助大量请求利用该漏洞造成拒绝服务。,,其他,CNNVD-202007-570,http://www.cnnvd.org.cn/web/xxk/ldxqById.tag?CNNVD=CNNVD-202007-570,目前厂商已发布升级补丁以修复漏洞，补丁获取链接：https://lists.apache.org/thread.html/r61f411cf82488d6ec213063fc15feeeb88e31b0ca9c29652ee4f962e%40%3Cannounce.tomcat.apache.org%3E,,Apache Tomcat 安全漏洞,1
Apache Tomcat,CVE-2020-11996,Apache Tomcat是美国阿帕奇（Apache）软件基金会的一款轻量级Web应用服务器。该程序实现了对Servlet和JavaServer Page（JSP）的支持。Apache Tomcat 10.0.0-M1版本至10.0.0-M5版本、9.0.0.M1版本至9.0.35版本和8.5.0版本至8.5.55版本中存在安全漏洞。攻击者可通过发出大量请求利用该漏洞导致服务器无法响应。,高危,资源管理错误,CNNVD-202006-1717,http://www.cnnvd.org.cn/web/xxk/ldxqById.tag?CNNVD=CNNVD-202006-1717,目前厂商已发布升级补丁以修复漏洞，补丁获取链接：https://lists.apache.org/thread.html/r5541ef6b6b68b49f76fc4c45695940116da2bcbe0312ef204a00a2e0%40%3Cannounce.tomcat.apache.org%3E,远程,Apache Tomcat 资源管理错误漏洞,1
Apache Tomcat,CVE-2019-17569,Apache Tomcat是美国阿帕奇（Apache）软件基金会的一款轻量级Web应用服务器。该程序实现了对Servlet和JavaServer Page（JSP）的支持。Apache Tomcat 9.0.28版本至9.0.30版本、8.5.48版本至8.5.50版本和7.0.98版本至7.0.99版本中存在安全漏洞，该漏洞源于程序没有正确处理无效的Transfer-Encoding标头。攻击者可利用该漏洞造成Web缓存中毒，绕过Web应用程序防火墙保护及实施跨站脚本攻击。,中危,环境问题,CNNVD-202002-1126,http://www.cnnvd.org.cn/web/xxk/ldxqById.tag?CNNVD=CNNVD-202002-1126,目前厂商已发布升级补丁以修复漏洞，补丁获取链接：https://lists.apache.org/thread.html/r88def002c5c78534674ca67472e035099fbe088813d50062094a1390%40%3Cannounce.tomcat.apache.org%3E,远程,Apache Tomcat 环境问题漏洞,1
Apache Tomcat,CVE-2019-17563,Apache Tomcat是美国阿帕奇（Apache）软件基金会的一款轻量级Web应用服务器。该程序实现了对Servlet和JavaServer Page（JSP）的支持。Apache Tomcat 9.0.0.M1版本至9.0.29版本、8.5.0版本至8.5.49版本和7.0.0版本至7.0.98版本中存在授权问题漏洞。攻击者可借助FORM身份验证功能利用该漏洞访问其他用户的会话。,高危,授权问题,CNNVD-201912-927,http://www.cnnvd.org.cn/web/xxk/ldxqById.tag?CNNVD=CNNVD-201912-927,目前厂商已发布升级补丁以修复漏洞，补丁获取链接：http://tomcat.apache.org/security-9.html,远程,Apache Tomcat 授权问题漏洞,1
Apache Tomcat,CVE-2019-12418,Apache Tomcat是美国阿帕奇（Apache）软件基金会的一款轻量级Web应用服务器。该程序实现了对Servlet和JavaServer Page（JSP）的支持。Apache Tomcat 9.0.0.M1版本至9.0.28版本、8.5.0版本至8.5.47版本和7.0.0版本至7.0.97版本中存在安全漏洞。攻击者可通过实施中间人攻击利用该漏洞获取用户名和密码，访问JMX界面，控制Tomcat实例。,高危,其他,CNNVD-201912-924,http://www.cnnvd.org.cn/web/xxk/ldxqById.tag?CNNVD=CNNVD-201912-924,目前厂商已发布升级补丁以修复漏洞，补丁获取链接：http://tomcat.apache.org/security-8.html,本地,Apache Tomcat 安全漏洞,1
Apache Tomcat,CVE-2019-10072,Apache Tomcat是美国阿帕奇（Apache）软件基金会的一款轻量级Web应用服务器。该程序实现了对Servlet和JavaServer Page（JSP）的支持。Apache Tomcat 9.0.0.M1版本至9.0.19版本和8.5.0版本至8.5.40版本中存在安全漏洞。攻击者可利用该漏洞造成拒绝服务（线程耗尽）。,高危,资源管理错误,CNNVD-201906-852,http://www.cnnvd.org.cn/web/xxk/ldxqById.tag?CNNVD=CNNVD-201906-852,目前厂商已发布升级补丁以修复漏洞，补丁获取链接：https://lists.apache.org/thread.html/df1a2c1b87c8a6c500ecdbbaf134c7f1491c8d79d98b48c6b9f0fa6a@%3Cannounce.tomcat.apache.org%3E,远程,Apache Tomcat 资源管理错误漏洞,1
Apache Tomcat,CVE-2019-0232,Apache Tomcat是美国阿帕奇（Apache）软件基金会的一款轻量级Web应用服务器。该程序实现了对Servlet和JavaServer Page（JSP）的支持。Apache Tomcat 9.0.0.M1版本至9.0.17版本、8.5.0版本至8.5.39版本和7.0.0版本至7.0.93版本中的CGI Servlet存在输入验证错误漏洞。远程攻击者可利用该漏洞执行代码。,高危,输入验证错误,CNNVD-201904-525,http://www.cnnvd.org.cn/web/xxk/ldxqById.tag?CNNVD=CNNVD-201904-525,目前厂商已发布升级补丁以修复漏洞，补丁获取链接：http://mail-archives.apache.org/mod_mbox/www-announce/201904.mbox/%3C13d878ec-5d49-c348-48d4-25a6c81b9605@apache.org%3E,远程,Apache Tomcat 输入验证错误漏洞,1
Apache Tomcat,CVE-2019-0221,Apache Tomcat是美国阿帕奇（Apache）软件基金会的一款轻量级Web应用服务器。该程序实现了对Servlet和JavaServer Page（JSP）的支持。Apache Tomcat 9.0.0.M1版本至9.0.0.17版本、8.5.0版本至8.5.39版本和7.0.0版本至7.0.93版本中存在跨站脚本漏洞。该漏洞源于WEB应用缺少对客户端数据的正确验证。攻击者可利用该漏洞执行客户端代码。,中危,跨站脚本,CNNVD-201905-794,http://www.cnnvd.org.cn/web/xxk/ldxqById.tag?CNNVD=CNNVD-201905-794,目前厂商已发布升级补丁以修复漏洞，补丁获取链接：http://mail-archives.apache.org/mod_mbox/www-announce/201905.mbox/%3Cb1905aa6-f340-8d0b-58c4-8ac3ebcbfa54@apache.org%3E,远程,Apache Tomcat 跨站脚本漏洞,1
Apache Tomcat,CVE-2019-0199,Apache Tomcat是美国阿帕奇（Apache）软件基金会的一款轻量级Web应用服务器。该程序实现了对Servlet和JavaServer Page（JSP）的支持。Apache Tomcat中存在安全漏洞。攻击者可利用该漏洞造成拒绝服务。,高危,资源管理错误,CNNVD-201903-919,http://www.cnnvd.org.cn/web/xxk/ldxqById.tag?CNNVD=CNNVD-201903-919,目前厂商已发布升级补丁以修复漏洞，补丁获取链接：https://tomcat.apache.org/security-8.html,远程,Apache Tomcat 资源管理错误漏洞,1
Apache Tomcat,CVE-2018-8037,Apache Tomcat是美国阿帕奇（Apache）软件基金会的一款轻量级Web应用服务器。该程序实现了对Servlet和JavaServer Page（JSP）的支持。Apache Tomcat 8.5.5版本至8.5.31版本和9.0.0.M9版本至9.0.9版本中存在竞争条件问题漏洞。远程攻击者可利用该漏洞查看到发送给其他用户的响应。,中危,竞争条件问题,CNNVD-201807-1993,http://www.cnnvd.org.cn/web/xxk/ldxqById.tag?CNNVD=CNNVD-201807-1993,目前厂商已发布升级补丁以修复漏洞，补丁获取链接：http://mail-archives.us.apache.org/mod_mbox/www-announce/201807.mbox/%3C20180722090623.GA92700%40minotaur.apache.org%3E,远程,Apache Tomcat 竞争条件问题漏洞,1
Apache Tomcat,CVE-2018-8034,Apache Tomcat是美国阿帕奇（Apache）软件基金会下属的Jakarta项目的一款轻量级Web应用服务器，它主要用于开发和调试JSP程序，适用于中小型系统。Apache Tomcat 7.0.25版本至7.0.88版本、8.5.0版本至8.5.31版本和9.0.0.M1版本和9.0.9版本中存在安全绕过漏洞，该漏洞源于程序没有验证主机名称。远程攻击者可利用该漏洞绕过安全限制，执行未授权的操作,高危,信任管理问题,CNNVD-201807-1992,http://www.cnnvd.org.cn/web/xxk/ldxqById.tag?CNNVD=CNNVD-201807-1992,目前厂商已发布升级补丁以修复漏洞，补丁获取链接:http://tomcat.apache.org/security-7.html,远程,Apache Tomcat 安全漏洞,1
Apache Tomcat,CVE-2018-8020,Apache Tomcat是美国阿帕奇（Apache）软件基金会下属的Jakarta项目的一款轻量级Web应用服务器，它主要用于开发和调试JSP程序，适用于中小型系统。Apache Tomcat Native是一个支持利用本机资源提高Tomcat性能、兼容性的Tomcat可选组件。Apache Tomcat Native 1.2.0版本至1.2.16版本和1.1.23版本至1.1.34版本中存在安全漏洞，该漏洞源于程序没有正确的检测OCSP预产生的响应，进而无法正确的识别被撤销的客户端证书。攻击者可借助被撤销的证书利用该漏洞进行身份验证。,高危,信任管理问题,CNNVD-201807-2027,http://www.cnnvd.org.cn/web/xxk/ldxqById.tag?CNNVD=CNNVD-201807-2027,目前厂商已发布升级补丁以修复漏洞，补丁获取链接：http://mail-archives.us.apache.org/mod_mbox/www-announce/201807.mbox/%3C20180721101944.GA45239@minotaur.apache.org%3E,远程,Apache Tomcat Native 安全漏洞,1
Apache Tomcat,CVE-2018-8019,Apache Tomcat是美国阿帕奇（Apache）软件基金会下属的Jakarta项目的一款轻量级Web应用服务器，它主要用于开发和调试JSP程序，适用于中小型系统。Apache Tomcat Native是一个支持利用本机资源提高Tomcat性能、兼容性的Tomcat可选组件。,高危,信任管理问题,CNNVD-201807-2028,http://www.cnnvd.org.cn/web/xxk/ldxqById.tag?CNNVD=CNNVD-201807-2028,目前厂商已发布升级补丁以修复漏洞，补丁获取链接：http://mail-archives.apache.org/mod_mbox/www-announce/201807.mbox/%3C20180721095943.GA24320%40minotaur.apache.org%3E,远程,Apache Tomcat Native 安全漏洞,1
Apache Tomcat,CVE-2018-8014,Apache Tomcat是美国阿帕奇（Apache）软件基金会下属的Jakarta项目的一款轻量级Web应用服务器，它主要用于开发和调试JSP程序，适用于中小型系统。CORS Filter是其中的一个提供跨源资源共享功能的组件。Apache Tomcat中存在安全漏洞，该漏洞源于不安全的CORS过滤器默认设置。远程攻击者可利用该漏洞对系统发起攻击。以下版本受到影响：Apache Tomcat 9.0.0.M1版本至9.0.8版本，8.5.0版本至8.5.31版本，8.0.0.RC1版本至8.0.52版本，7.0.41版本至7.0.88版本。,超危,安全特征问题,CNNVD-201805-475,http://www.cnnvd.org.cn/web/xxk/ldxqById.tag?CNNVD=CNNVD-201805-475,目前厂商已发布升级补丁以修复漏洞，补丁获取链接：https://lists.apache.org/thread.html/fbfb713e4f8a4c0f81089b89450828011343593800cae3fb629192b1@%3Cannounce.tomcat.apache.org%3E,远程,Apache Tomcat CORS Filter 安全漏洞,1
Apache Tomcat,CVE-2018-1336,Fortinet FortiOS是美国飞塔（Fortinet）公司的一套专用于FortiGate网络安全平台上的安全操作系统。该系统为用户提供防火墙、防病毒、IPSec/SSLVPN、Web内容过滤和反垃圾邮件等多种安全功能。Fortinet FortiOS 6.2.0及之前版本和6.2.3版本中的WEB UI存在信息泄露漏洞。攻击者可通过解析JavaScript文件利用该漏洞获取平台信息，例如版本。,中危,信息泄露,CNNVD-201908-655,http://www.cnnvd.org.cn/web/xxk/ldxqById.tag?CNNVD=CNNVD-201908-655,目前厂商已发布升级补丁以修复漏洞，补丁获取链接：https://fortiguard.com/psirt/FG-IR-18-173,远程,Fortinet FortiOS 信息泄露漏洞,1
Apache Tomcat,CVE-2018-11784,Apache Tomcat是美国阿帕奇（Apache）软件基金会的一款轻量级Web应用服务器。该程序实现了对Servlet和JavaServer Page（JSP）的支持。Apache Tomcat 9.0.0.M1版本至9.0.11版本，8.5.0版本至8.5.33版本和7.0.23版本至7.0.90版本中的默认servlet存在安全漏洞。攻击者可借助特制的URL利用该漏洞重定向用户至任意web站点。,中危,输入验证错误,CNNVD-201810-135,http://www.cnnvd.org.cn/web/xxk/ldxqById.tag?CNNVD=CNNVD-201810-135,目前厂商已发布升级补丁以修复漏洞，补丁获取链接：https://lists.apache.org/thread.html/23134c9b5a23892a205dc140cdd8c9c0add233600f76b313dda6bd75@%3Cannounce.tomcat.apache.org%3E,远程,Apache Tomcat 输入验证错误漏洞,1
Apache Tomcat,CVE-2017-7675,Apache Tomcat是美国阿帕奇（Apache）软件基金会下属的Jakarta项目的一款轻量级Web应用服务器，它主要用于开发和调试JSP程序，适用于中小型系统。Apache Tomcat 9.0.0.M1版本至9.0.0.M21版本和8.5.0版本至8.5.15版本中的HTTP/2实现存在目录遍历漏洞。攻击者可借助特制的URL利用该漏洞绕过安全限制。,高危,路径遍历,CNNVD-201704-576,http://www.cnnvd.org.cn/web/xxk/ldxqById.tag?CNNVD=CNNVD-201704-576,目前厂商已发布升级补丁以修复漏洞，补丁获取链接：https://lists.apache.org/thread.html/d3a5818e8af731bde6a05ef031ed3acc093c6dd7c4bfcc4936eafd6c@%3Cannounce.tomcat.apache.org%3E,远程,Apache Tomcat 安全漏洞,1
Apache Tomcat,CVE-2017-7674,Apache Tomcat是美国阿帕奇（Apache）软件基金会下属的Jakarta项目的一款轻量级Web应用服务器，它主要用于开发和调试JSP程序，适用于中小型系统。CORS Filter是其中的一个提供跨源资源共享功能的组件。Apache Tomcat中的CORS Filter存在安全漏洞，该漏洞源于程序没有添加特定的HTTP Vary包头。攻击者可利用该漏洞造成客户端和服务器端缓存中毒。以下版本受到影响：Apache Tomcat 9.0.0.M1版本至9.0.0.M21版本，8.5.0版本至8.5.15版本，8.0.0.RC1版本至8.0.44版本，7.0.41版本至7.0.78版本。,中危,数据伪造问题,CNNVD-201704-577,http://www.cnnvd.org.cn/web/xxk/ldxqById.tag?CNNVD=CNNVD-201704-577,目前厂商已发布升级补丁以修复漏洞，补丁获取链接：https://lists.apache.org/thread.html/22b4bb077502f847e2b9fcf00b96e81e734466ab459780ff73b60c0f@%3Cannounce.tomcat.apache.org%3E,远程,Apache Tomcat CORS Filter 安全漏洞,1
Apache Tomcat,CVE-2017-6056,Apache Tomcat是美国阿帕奇（Apache）软件基金会的一款轻量级Web应用服务器。该程序实现了对Servlet和JavaServer Page（JSP）的支持。Apache Tomcat 7.0.0至7.0.60版本存在代码问题漏洞。攻击者可利用该漏洞造成拒绝服务（应用程序无限循环）。,高危,代码问题,CNNVD-201702-643,http://www.cnnvd.org.cn/web/xxk/ldxqById.tag?CNNVD=CNNVD-201702-643,目前厂商已经发布了升级补丁以修复此安全问题，补丁获取链接：https://bz.apache.org/bugzilla/show_bug.cgi?id=60578,远程,Apache Tomcat 代码问题漏洞,1
Apache Tomcat,CVE-2017-5664,Apache Tomcat是美国阿帕奇（Apache）软件基金会下属的Jakarta项目的一款轻量级Web应用服务器，它主要用于开发和调试JSP程序，适用于中小型系统。Default Servlet是其中的一个对静态资源进行处理的类。Apache Tomcat中的Default Servlet存在安全漏洞。攻击者可利用该漏洞绕过安全限制，执行未授权的操作。以下版本受到影响：Apache Tomcat 9.0.0.M1版本至9.0.0.M20版本，8.5.0版本至8.5.14版本，8.0.0.RC1版本至8.0.43版本，7.0.0版本至7.0.77版本。,高危,安全特征问题,CNNVD-201706-192,http://www.cnnvd.org.cn/web/xxk/ldxqById.tag?CNNVD=CNNVD-201706-192,目前厂商已发布升级补丁以修复漏洞，补丁获取链接：http://tomcat.apache.org/security-7.html,远程,Apache Tomcat Default Servlet 安全漏洞,1
Apache Tomcat,CVE-2017-5651,Apache Tomcat是美国阿帕奇（Apache）软件基金会下属的Jakarta项目的一款轻量级Web应用服务器，它主要用于开发和调试JSP程序，适用于中小型系统。Apache Tomcat 9.0.0.M1版本至9.0.0.M18版本和8.5.0版本至8.5.12版本中存在安全漏洞。攻击者可利用该漏洞造成响应混乱。,超危,代码问题,CNNVD-201704-861,http://www.cnnvd.org.cn/web/xxk/ldxqById.tag?CNNVD=CNNVD-201704-861,目前厂商已经发布了升级补丁以修复此安全问题，补丁获取链接：https://bz.apache.org/bugzilla/show_bug.cgi?id=60918,远程,Apache Tomcat 安全漏洞,1
Apache Tomcat,CVE-2017-5650,Apache Tomcat是美国阿帕奇（Apache）软件基金会下属的Jakarta项目的一款轻量级Web应用服务器，它主要用于开发和调试JSP程序，适用于中小型系统。Apache Tomcat 9.0.0.M1版本至9.0.0.M18版本和8.5.0版本至8.5.12版本中存在安全漏洞。攻击者可通过发送大量HTTP/2请求利用该漏洞造成拒绝服务,高危,资源管理错误,CNNVD-201704-595,http://www.cnnvd.org.cn/web/xxk/ldxqById.tag?CNNVD=CNNVD-201704-595,目前厂商已经发布了升级补丁以修复此安全问题，补丁获取链接：http://tomcat.apache.org/security-8.html,远程,Apache Tomcat 安全漏洞,1
Apache Tomcat,CVE-2017-5648,Apache Tomcat是美国阿帕奇（Apache）软件基金会下属的Jakarta项目的一款轻量级Web应用服务器，它主要用于开发和调试JSP程序，适用于中小型系统。Apache Tomcat中存在安全漏洞。攻击者可利用该漏洞访问或更改其他Web应用程序的信息。以下版本受到影响：Apache Tomcat 9.0.0.M1版本至9.0.0.M17版本，8.5.0版本至8.5.11版本，8.0.0.RC1版本至8.0.41版本，7.0.0版本至7.0.75版本。,超危,访问控制错误,CNNVD-201704-593,http://www.cnnvd.org.cn/web/xxk/ldxqById.tag?CNNVD=CNNVD-201704-593,目前厂商已经发布了升级补丁以修复此安全问题，补丁获取链接：https://bz.apache.org/bugzilla/show_bug.cgi?id=60718,远程,Apache Tomcat 安全漏洞,1
Apache Tomcat,CVE-2017-5647,Apache Tomcat是美国阿帕奇（Apache）软件基金会下属的Jakarta项目的一款轻量级Web应用服务器，它主要用于开发和调试JSP程序，适用于中小型系统。Apache Tomcat中的pipelined请求的处理过程存在安全漏洞。攻击者可利用该漏洞读取其他请求的数据。以下版本受到影响：Apache Tomcat 9.0.0.M1版本至9.0.0.M18版本，8.5.0版本至8.5.12版本，8.0.0.RC1版本至8.0.42版本，7.0.0版本至7.0.76版本，6.0.0版本至6.0.52版本。,高危,信息泄露,CNNVD-201704-862,http://www.cnnvd.org.cn/web/xxk/ldxqById.tag?CNNVD=CNNVD-201704-862,目前厂商已发布升级补丁以修复漏洞，补丁获取链接：https://lists.apache.org/thread.html/5796678c5a773c6f3ff57c178ac247d85ceca0dee9190ba48171451a@%3Cusers.tomcat.apache.org%3E,远程,Apache Tomcat 安全漏洞,1
Apache Tomcat,CVE-2017-15706,Apache Tomcat是美国阿帕奇（Apache）软件基金会下属的Jakarta项目的一款轻量级Web应用服务器，它主要用于开发和调试JSP程序，适用于中小型系统。Apache Tomcat中存在安全漏洞。攻击者可利用该漏洞执行代码。以下版本受到影响：Apache Tomcat 9.0.0.M22版本至9.0.1版本，8.5.16版本至8.5.23版本，8.0.45版本至8.0.47版本，7.0.79版本至7.0.82版本。,中危,安全特征问题,CNNVD-201710-1020,http://www.cnnvd.org.cn/web/xxk/ldxqById.tag?CNNVD=CNNVD-201710-1020,目前厂商已发布升级补丁以修复漏洞，补丁获取链接：https://lists.apache.org/thread.html/e1ef853fc0079cdb55befbd2dac042934e49288b476d5f6a649e5da2@%3Cannounce.tomcat.apache.org%3E,远程,Apache Tomcat 安全漏洞,1
Apache Tomcat,CVE-2017-15698,Apache Tomcat是美国阿帕奇（Apache）软件基金会下属的Jakarta项目的一款轻量级Web应用服务器，它主要用于开发和调试JSP程序，适用于中小型系统。Native Connector是其中的一个本地连接器。Apache Tomcat Native Connector 1.2.0版本至1.2.14版本和1.1.23版本至1.1.34版本中存在安全漏洞，该漏洞源于程序没有正确的处理长度大于127字节的字段。攻击者可利用该漏洞绕过OCSP检测。,中危,资料不足,CNNVD-201801-1135,http://www.cnnvd.org.cn/web/xxk/ldxqById.tag?CNNVD=CNNVD-201801-1135,目前厂商已发布升级补丁以修复漏洞，补丁获取链接：https://lists.apache.org/thread.html/6eb0a53e5827d97db1a05c736d01101fec21202a5b8fc77bb0eaaed8@%3Cannounce.tomcat.apache.org%3E,远程,Apache Tomcat Native Connector 安全漏洞,1
Apache Tomcat,CVE-2017-13990,HPE ArcSight ESM（Enterprise Security Manager）和ESM Express都是美国惠普企业（Hewlett Packard Enterprise，HPE）公司的兼具事件关联和安全分析功能的企业安全管理软件。该软件可实时收集、关联和报告企业范围内的安全事件，以便能够及时检测到异常或未授权的活动。HPE ArcSight ESM和ArcSight ESM Express 6.9.1c Patch 4和6.11.0 Patch 1之前的6.x版本中存在信息泄露漏洞。远程攻击者可利用该漏洞获取Apache Tomcat应用程序服务器的版本。,中危,信息泄露,CNNVD-201709-1046,http://www.cnnvd.org.cn/web/xxk/ldxqById.tag?CNNVD=CNNVD-201709-1046,目前厂商已发布升级补丁以修复漏洞，补丁获取链接：https://softwaresupport.hpe.com/km/KM02944672,远程,HPE ArcSight Enterprise Security Manager和Enterprise Security Manager Express 信息泄露漏洞,1
Apache Tomcat,CVE-2017-12617,Apache Tomcat是美国阿帕奇（Apache）软件基金会下属的Jakarta项目的一款轻量级Web应用服务器，它主要用于开发和调试JSP程序，适用于中小型系统。Apache Tomcat中存在安全漏洞。攻击者可通过发送特制的请求利用该漏洞向服务器上传JSP文件，并执行文件中包含的代码。以下版本受到影响：Apache Tomcat 9.0.0.M1版本至9.0.0版本，8.5.0版本至8.5.22版本，8.0.0.RC1版本至8.0.46版本，7.0.0版本至7.0.81版本。,高危,代码问题,CNNVD-201709-1092,http://www.cnnvd.org.cn/web/xxk/ldxqById.tag?CNNVD=CNNVD-201709-1092,目前厂商已发布升级补丁以修复漏洞，补丁获取链接：https://bz.apache.org/bugzilla/show_bug.cgi?id=61542,远程,Apache Tomcat 安全漏洞,1
Apache Tomcat,CVE-2017-12616,Apache Tomcat是美国阿帕奇（Apache）软件基金会下属的Jakarta项目的一款轻量级Web应用服务器，它主要用于开发和调试JSP程序，适用于中小型系统。Apache Tomcat 7.0.0版本至7.0.80版本中存在安全漏洞。当Tomcat使用VirtualDirContext时，攻击者可借助特制的请求利用该漏洞绕过安全限制，查看由VirtualDirContext提供的资源的JSPs源代码。,高危,信息泄露,CNNVD-201709-898,http://www.cnnvd.org.cn/web/xxk/ldxqById.tag?CNNVD=CNNVD-201709-898,目前厂商已发布升级补丁以修复漏洞，补丁获取链接：https://lists.apache.org/thread.html/1df9b4552464caa42047062fe7175da0da06c18ecc8daf99258bbda6@%3Cannounce.tomcat.apache.org%3E,远程,Apache Tomcat 安全漏洞,1
Apache Tomcat,CVE-2017-12615,Apache Tomcat是美国阿帕奇（Apache）软件基金会下属的Jakarta项目的一款轻量级Web应用服务器，它主要用于开发和调试JSP程序，适用于中小型系统。Apache Tomcat 7.0.0版本至7.0.79版本存在远程代码执行漏洞。当上述版本的Tomcat启用HTTP PUT请求方法时，远程攻击者可以构造恶意请求利用该漏洞向服务器上传包含任意代码执行的jsp文件，并被服务器执行该文件，导致攻击者可以执行任意代码。,高危,代码问题,CNNVD-201709-899,http://www.cnnvd.org.cn/web/xxk/ldxqById.tag?CNNVD=CNNVD-201709-899,目前厂商已发布升级补丁以修复漏洞，补丁获取链接：https://lists.apache.org/thread.html/8fcb1e2d5895413abcf266f011b9918ae03e0b7daceb118ffbf23f8c@%3Cannounce.tomcat.apache.org%3E,远程,Apache Tomcat 安全漏洞,1
Apache Tomcat,CVE-2016-8747,Apache Tomcat是美国阿帕奇（Apache）软件基金会下属的Jakarta项目的一款轻量级Web应用服务器，它主要用于开发和调试JSP程序，适用于中小型系统。Apache Tomcat 8.5.7版本至8.5.9版本和9.0.0.M11版本至9.0.0.M15版本存在信息泄露漏洞。远程攻击者可利用该漏洞泄露用户之间的信息。,高危,信息泄露,CNNVD-201703-594,http://www.cnnvd.org.cn/web/xxk/ldxqById.tag?CNNVD=CNNVD-201703-594,目前厂商已经发布了升级补丁以修复此安全问题，补丁获取链接：http://tomcat.apache.org/security-8.html,远程,Apache Tomcat 信息泄露漏洞,1
Apache Tomcat,CVE-2016-8745,Apache Tomcat是美国阿帕奇（Apache）软件基金会下属的Jakarta项目的一款轻量级Web应用服务器，它主要用于开发和调试JSP程序，适用于中小型系统。Apache Tomcat 9.0.0.M1至9.0.0.M13版本和8.5.0至8.5.8版本中存在信息泄露漏洞。攻击者可利用该漏洞获取敏感信息。,高危,代码问题,CNNVD-201612-330,http://www.cnnvd.org.cn/web/xxk/ldxqById.tag?CNNVD=CNNVD-201612-330,目前厂商已发布升级补丁以修复漏洞，补丁获取链接：http://tomcat.apache.org/security-9.html,远程,Apache Tomcat 信息泄露漏洞,1
Apache Tomcat,CVE-2016-8735,Apache Tomcat是美国阿帕奇（Apache）软件基金会下属的Jakarta项目的一款轻量级Web应用服务器，它主要用于开发和调试JSP程序，适用于中小型系统。Apache Tomcat中存在远程代码执行漏洞。远程攻击者可利用该漏洞执行代码。以下版本受到影响：Apache Tomcat 6.0.48之前的版本，7.0.73之前的7.x版本，8.0.39之前的8.x版本，8.5.7之前的8.5.x版本，9.0.0.M12之前的9.x版本。,超危,访问控制错误,CNNVD-201611-609,http://www.cnnvd.org.cn/web/xxk/ldxqById.tag?CNNVD=CNNVD-201611-609,目前厂商已经发布了升级补丁以修复此安全问题，补丁获取链接：http://tomcat.apache.org/security-6.html,远程,Apache Tomcat 安全漏洞,1
Apache Tomcat,CVE-2016-6817,Apache Tomcat是美国阿帕奇（Apache）软件基金会下属的Jakarta项目的一款轻量级Web应用服务器，它主要用于开发和调试JSP程序，适用于中小型系统。Apache Tomcat 9.0.0.M1至9.0.0.M11版本和8.5.0至8.5.6版本中存在拒绝服务漏洞。攻击者可利用该漏洞造成拒绝服务。,高危,缓冲区错误,CNNVD-201611-611,http://www.cnnvd.org.cn/web/xxk/ldxqById.tag?CNNVD=CNNVD-201611-611,目前厂商已发布升级补丁以修复漏洞，补丁获取链接：http://tomcat.apache.org/security-9.html,远程,Apache Tomcat 拒绝服务漏洞,1
Apache Tomcat,CVE-2016-6816,Apache Tomcat是美国阿帕奇（Apache）软件基金会下属的Jakarta项目的一款轻量级Web应用服务器，它主要用于开发和调试JSP程序，适用于中小型系统。Apache Tomcat中存在安全漏洞，该漏洞源于程序没有正确过滤HTTP请求。攻击者可利用该漏洞实施跨站脚本攻击，获取敏感信息。以下版本受到影响：Apache Tomcat 9.0.0.M1至9.0.0.M11版本，8.5.0至8.5.6版本，8.0.0.RC1至8.0.38版本，7.0.0至7.0.72版本，6.0.0至6.0.47版本。,高危,输入验证错误,CNNVD-201611-610,http://www.cnnvd.org.cn/web/xxk/ldxqById.tag?CNNVD=CNNVD-201611-610,目前厂商已经发布了升级补丁以修复此安全问题，补丁获取链接：https://tomcat.apache.org/security-8.html#Fixed_in_Apache_Tomcat_8.5.8,远程,Apache Tomcat 安全漏洞,1
Apache Tomcat,CVE-2016-6797,Apache Tomcat是美国阿帕奇（Apache）软件基金会下属的Jakarta项目的一款轻量级Web应用服务器，它主要用于开发和调试JSP程序，适用于中小型系统。Apache Tomcat存在安全漏洞，该漏洞源于ResourceLinkFactory没有限制Web应用程序访问global JNDI资源。攻击者可利用该漏洞访问任意global JNDI资源。以下版本受到影响：Apache Tomcat 9.0.0.M1至9.0.0.M9版本，8.5.0至8.5.4版本，8.0.0.RC1至8.0.36版本，7.0.0至7.0.70版本，6.0.0至6.0.45版本。,高危,访问控制错误,CNNVD-201610-830,http://www.cnnvd.org.cn/web/xxk/ldxqById.tag?CNNVD=CNNVD-201610-830,目前厂商已发布升级补丁以修复漏洞，补丁获取链接：http://tomcat.apache.org/security-9.html,远程,Apache Tomcat 安全漏洞,1
Apache Tomcat,CVE-2016-6796,Apache Tomcat是美国阿帕奇（Apache）软件基金会下属的Jakarta项目的一款轻量级Web应用服务器，它主要用于开发和调试JSP程序，适用于中小型系统。Apache Tomcat中的存在安全漏洞。攻击者可通过操作配置参数利用该漏洞绕过已配置的SecurityManager。以下版本受到影响：Apache Tomcat 9.0.0.M1版本至9.0.0.M9版本，8.5.0版本至8.5.4版本，8.0.0.RC1版本至8.0.36版本，7.0.0版本至7.0.70版本，6.0.0版本至6.0.45版本。,高危,安全特征问题,CNNVD-201610-827,http://www.cnnvd.org.cn/web/xxk/ldxqById.tag?CNNVD=CNNVD-201610-827,目前厂商已发布升级补丁以修复漏洞，补丁获取链接：https://lists.apache.org/thread.html/5a2105a56b2495ab70fa568f06925bd861f0d71ffab4fb38bb4fdc45@%3Cannounce.tomcat.apache.org%3E,远程,Apache Tomcat 安全漏洞,1
Apache Tomcat,CVE-2016-6794,Apache Tomcat是美国阿帕奇（Apache）软件基金会下属的Jakarta项目的一款轻量级Web应用服务器，它主要用于开发和调试JSP程序，适用于中小型系统。Apache Tomcat中存在安全漏洞。攻击者可利用该漏洞绕过安全限制。以下版本受到影响：Apache Tomcat 9.0.0.M1至9.0.0.M9版本，8.5.0至8.5.4版本，8.0.0.RC1至8.0.36版本，7.0.0至7.0.70版本，6.0.0至6.0.45版本。,中危,信息泄露,CNNVD-201610-828,http://www.cnnvd.org.cn/web/xxk/ldxqById.tag?CNNVD=CNNVD-201610-828,目前厂商已发布升级补丁以修复漏洞，补丁获取链接：http://tomcat.apache.org/security-9.html,远程,Apache Tomcat 安全漏洞,1
Apache Tomcat,CVE-2016-5425,Apache Tomcat是美国阿帕奇（Apache）软件基金会下属的Jakarta项目的一款轻量级Web应用服务器，它主要用于开发和调试JSP程序，适用于中小型系统。Apache Tomcat数据包存在安全漏洞，该漏洞源于程序对/usr/lib/tmpfiles.d/tomcat.conf分配弱权限。本地攻击者可利用该漏洞获取root权限。使用Tomcat数据包的以下平台受到影响：Red Hat Enterprise Linux 7版本，Fedora，CentOS，Oracle Linux。,高危,权限许可和访问控制问题,CNNVD-201610-269,http://www.cnnvd.org.cn/web/xxk/ldxqById.tag?CNNVD=CNNVD-201610-269,目前厂商暂未发布修复措施解决此安全问题，建议使用此软件的用户随时关注厂商主页或参考网址以获取解决办法：http://tomcat.apache.org/,本地,Apache Tomcat 安全漏洞,1
Apache Tomcat,CVE-2016-5388,Apache Apache Tomcat是美国阿帕奇（Apache）软件基金会下属的Jakarta项目的一款轻量级Web应用服务器，它主要用于开发和调试JSP程序，适用于中小型系统。Apache Tomcat 8.5.4及之前的版本中存在安全漏洞，该漏洞源于程序没有解决RFC 3875模式下的命名空间冲突。程序没有正确处理来自HTTP_PROXY环境变量中不可信客户端数据应用程序。远程攻击者借助HTTP请求中特制的Proxy header消息利用该漏洞实施中间人攻击，指引服务器发送连接到任意主机。,高危,访问控制错误,CNNVD-201607-541,http://www.cnnvd.org.cn/web/xxk/ldxqById.tag?CNNVD=CNNVD-201607-541,目前厂商已经发布了升级补丁以修复此安全问题，补丁获取链接：https://www.apache.org/security/asf-httpoxy-response.txt,远程,Apache Tomcat httpoxy 安全漏洞,1
Apache Tomcat,CVE-2016-5018,Apache Tomcat是美国阿帕奇（Apache）软件基金会下属的Jakarta项目的一款轻量级Web应用服务器，它主要用于开发和调试JSP程序，适用于中小型系统。Apache Tomcat中存在安全绕过漏洞。攻击者可借助恶意的Web应用程序利用该漏洞绕过安全限制。以下版本受到影响：Apache Tomcat 9.0.0.M1至9.0.0.M9版本，8.5.0至8.5.4版本，8.0.0.RC1至8.0.36版本，7.0.0至7.0.70版本，6.0.0至6.0.45版本。,高危,安全特征问题,CNNVD-201610-829,http://www.cnnvd.org.cn/web/xxk/ldxqById.tag?CNNVD=CNNVD-201610-829,目前厂商已发布升级补丁以修复漏洞，补丁获取链接：http://tomcat.apache.org/security-9.html,远程,Apache Tomcat 安全绕过漏洞,1
Apache Tomcat,CVE-2016-3092,Apache Tomcat是美国阿帕奇（Apache）软件基金会的一款轻量级Web应用服务器。该程序实现了对Servlet和JavaServer Page（JSP）的支持。Apache Commons FileUpload是使用在其中的一个可将文件上传到Servlet和Web应用程序的软件包。Apache Tomcat的Apache Commons Fileupload 1.3.2之前版本中存在输入验证错误漏洞。该漏洞源于网络系统或产品未对输入的数据进行正确的验证。以下版本受到影响：Apache Tomcat 9.0.0.M1版本至9.0.0M6版本，8.5.0版本至8.5.2版本，8.0.0.RC1版本至8.0.35版本，7.0.0版本至7.0.69版本。,高危,输入验证错误,CNNVD-201606-555,http://www.cnnvd.org.cn/web/xxk/ldxqById.tag?CNNVD=CNNVD-201606-555,目前厂商已经发布了升级补丁以修复此安全问题，补丁获取链接：http://tomcat.apache.org/security-7.html,远程,Apache Tomcat 输入验证错误漏洞,1
Apache Tomcat,CVE-2016-0763,Apache Apache Tomcat是美国阿帕奇（Apache）软件基金会下属的Jakarta项目的一款轻量级Web应用服务器，它主要用于开发和调试JSP程序，适用于中小型系统。Apache Tomcat的org/apache/naming/factory/ResourceLinkFactory.java文件中的‘setGlobalContext’方法存在安全漏洞，该漏洞源于程序运行在安全管理器下时，Web应用程序仍可调用‘ResourceLinkFactory.setGlobalContext’方法。远程攻击者可借助设置全局配置指令的Web应用程序利用该漏洞绕过既定的SecurityManager限制，读取或写入任意应用程序数据，或造成拒绝服务（应用程序中断）。以下版本受到影响;Apache Tomcat 7.0.68之前7.x版本，8.0.31之前8.x版本，9.0.0.M3之前9.x版本。,中危,权限许可和访问控制,CNNVD-201602-400,http://www.cnnvd.org.cn/web/xxk/ldxqById.tag?CNNVD=CNNVD-201602-400,目前厂商已经发布了升级补丁以修复此安全问题，补丁获取链接：http://tomcat.apache.org/security-7.html,远程,Apache Tomcat 安全漏洞,1
Apache Tomcat,CVE-2016-0762,Apache Tomcat是美国阿帕奇（Apache）软件基金会下属的Jakarta项目的一款轻量级Web应用服务器，它主要用于开发和调试JSP程序，适用于中小型系统。Apache Tomcat中存在信息泄露漏洞。攻击者可利用该漏洞获取有效的用户名。以下版本受到影响：Apache Tomcat 9.0.0.M1至9.0.0.M9版本，8.5.0至8.5.4版本，8.0.0.RC1至8.0.36版本，7.0.0至7.0.70版本，6.0.0至6.0.45版本。,中危,权限许可和访问控制问题,CNNVD-201610-831,http://www.cnnvd.org.cn/web/xxk/ldxqById.tag?CNNVD=CNNVD-201610-831,目前厂商已发布升级补丁以修复漏洞，补丁获取链接：http://tomcat.apache.org/security-9.html,远程,Apache Tomcat 信息泄露漏洞,1
Apache Tomcat,CVE-2016-0714,Apache Tomcat是美国阿帕奇（Apache）软件基金会的一款轻量级Web应用服务器。该程序实现了对Servlet和JavaServer Page（JSP）的支持。Apache Tomcat的session-persistence实现过程中存在安全漏洞，该漏洞源于程序没有正确处理会话属性。远程攻击者可借助将特制的对象放到会话中的Web应用程序利用该漏洞绕过既定的SecurityManager限制，以提升的权限执行任意代码。以下版本受到影响：Apache Tomcat 6.0.45之前6.x版本，7.0.68之前7.x版本，8.0.31之前8.x版本，9.0.0.M2之前9.x版本。,高危,权限许可和访问控制问题,CNNVD-201602-402,http://www.cnnvd.org.cn/web/xxk/ldxqById.tag?CNNVD=CNNVD-201602-402,目前厂商已经发布了升级补丁以修复此安全问题，补丁获取链接：http://tomcat.apache.org/security-7.html,远程,Apache Tomcat 权限许可和访问控制问题漏洞,1
Apache Tomcat,CVE-2016-0706,Apache Tomcat是美国阿帕奇（Apache）软件基金会的一款轻量级Web应用服务器。该程序实现了对Servlet和JavaServer Page（JSP）的支持。Apache Tomcat中存在安全漏洞，该漏洞源于程序没有将org.apache.catalina.manager.StatusManagerServlet放到org/apache/catalina/core/RestrictedServlets.properties列表中。远程攻击者可借助特制的Web应用程序利用该漏洞绕过既定的SecurityManager限制，读取任意HTTP请求，发现会话ID。以下版本受到影响：Apache Tomcat 6.0.45之前6.x版本，7.0.68之前7.x版本，8.0.31之前8.x版本，9.0.0.M2之前9.x版本。,中危,信息泄露,CNNVD-201602-447,http://www.cnnvd.org.cn/web/xxk/ldxqById.tag?CNNVD=CNNVD-201602-447,目前厂商已经发布了升级补丁以修复此安全问题，补丁获取链接：http://tomcat.apache.org/security-6.html,远程,Apache Tomcat 信息泄露漏洞,1
Apache Tomcat,CVE-2015-5351,Apache Apache Tomcat是美国阿帕奇（Apache）软件基金会下属的Jakarta项目的一款轻量级Web应用服务器，它主要用于开发和调试JSP程序，适用于中小型系统。Apache Tomcat的Manager和Host Manager应用程序中存在安全漏洞，该漏洞源于程序为任意新的请求建立会话并发送CSRF令牌。远程攻击者可通过使用令牌利用该漏洞绕过CSRF保护机制。以下版本受到影响：Apache Tomcat 7.0.68之前7.x版本，8.0.31之前8.x版本，9.0.0.M2之前9.x版本。,中危,跨站请求伪造,CNNVD-201602-442,http://www.cnnvd.org.cn/web/xxk/ldxqById.tag?CNNVD=CNNVD-201602-442,目前厂商已经发布了升级补丁以修复此安全问题，补丁获取链接：http://tomcat.apache.org/security-7.html,远程,Apache Tomcat Manager和Host Manager应用程序安全漏洞,1
Apache Tomcat,CVE-2015-5346,Apache Apache Tomcat是美国阿帕奇（Apache）软件基金会下属的Jakarta项目的一款轻量级Web应用服务器，它主要用于开发和调试JSP程序，适用于中小型系统。Apache Tomcat中存在会话固定漏洞。当程序为相同Web应用程序的多个版本的部署使用不同的会话设置时，远程攻击者可通过使用请求中的‘requestedSessionSSL’字段利用该漏洞劫持Web会话。以下版本受到影响：Apache Tomcat 7.0.66之前7.x版本，8.0.30之前8.x版本，9.0.0.M2之前9.x版本。,中危,其他,CNNVD-201602-401,http://www.cnnvd.org.cn/web/xxk/ldxqById.tag?CNNVD=CNNVD-201602-401,目前厂商已经发布了升级补丁以修复此安全问题，补丁获取链接：http://tomcat.apache.org/security-7.html,远程,Apache Tomcat 会话固定漏洞,1
Apache Tomcat,CVE-2015-5345,Apache Tomcat是美国阿帕奇（Apache）软件基金会的一款轻量级Web应用服务器。该程序实现了对Servlet和JavaServer Page（JSP）的支持。Apache Tomcat的Mapper组件中存在安全漏洞，该漏洞源于程序实现重定向前没有处理安全约束和过滤器。远程攻击者可借助缺少‘/’字符结尾的URL利用该漏洞确定目录的存在。以下版本受到影响：Apache Tomcat 6.0.45之前6.x版本，7.0.67之前7.x版本，8.0.30之前8.x版本，9.0.0.M2之前9.x版本。,中危,路径遍历,CNNVD-201602-397,http://www.cnnvd.org.cn/web/xxk/ldxqById.tag?CNNVD=CNNVD-201602-397,目前厂商已经发布了升级补丁以修复此安全问题，补丁获取链接：http://tomcat.apache.org/security-6.html,远程,Apache Tomcat Mapper组件路径遍历漏洞,1
Apache Tomcat,CVE-2015-5174,Apache Tomcat是美国阿帕奇（Apache）软件基金会的一款轻量级Web应用服务器。该程序实现了对Servlet和JavaServer Page（JSP）的支持。Apache Tomcat的RequestUtil.java文件中存在目录遍历漏洞，该漏洞源于getResource、getResourceAsStream和getResourcePaths函数没有充分过滤路径名中的目录遍历字符‘..’。远程攻击者可利用该漏洞绕过既定的SecurityManager限制，列出父目录。以下版本受到影响：Apache Tomcat 6.0.45之前6.x版本，7.0.65之前7.x版本，8.0.27之前8.x版本。,中危,路径遍历,CNNVD-201602-443,http://www.cnnvd.org.cn/web/xxk/ldxqById.tag?CNNVD=CNNVD-201602-443,目前厂商已经发布了升级补丁以修复此安全问题，补丁获取链接：http://tomcat.apache.org/security-6.html,远程,Apache Tomcat 路径遍历漏洞,1
Apache Tomcat,CVE-2014-8111,Apache Tomcat是美国阿帕奇（Apache）软件基金会的一款轻量级Web应用服务器。该程序实现了对Servlet和JavaServer Page（JSP）的支持。Apache Tomcat Connectors 1.2.41之前版本中存在安全漏洞，远程攻击者可利用该漏洞泄露受限制的数据。,中危,信息泄露,CNNVD-201504-431,http://www.cnnvd.org.cn/web/xxk/ldxqById.tag?CNNVD=CNNVD-201504-431,目前厂商已经发布了升级补丁以修复此安全问题，补丁获取链接：https://rhn.redhat.com/errata/RHSA-2015-0847.html,远程,Apache Tomcat Connectors 信息泄露漏洞,1
Apache Tomcat,CVE-2014-7810,Apache Tomcat是美国阿帕奇（Apache）软件基金会的一款轻量级Web应用服务器。该程序实现了对Servlet和JavaServer Page（JSP）的支持。Apache Tomcat中存在访问控制错误漏洞。该漏洞源于网络系统或产品未正确限制来自未授权角色的资源访问。,中危,访问控制错误,CNNVD-201505-273,http://www.cnnvd.org.cn/web/xxk/ldxqById.tag?CNNVD=CNNVD-201505-273,目前厂商已经发布了升级补丁以修复此安全问题，补丁获取链接：http://tomcat.apache.org/security-8.html,远程,Apache Tomcat 访问控制错误漏洞,1
Apache Tomcat,CVE-2014-0230,Apache Tomcat是美国阿帕奇（Apache）软件基金会的一款轻量级Web应用服务器。该程序实现了对Servlet和JavaServer Page（JSP）的支持。Apache Tomcat中存在安全漏洞，该漏洞源于程序在完全读取请求体前返回HTTP响应。远程攻击者可借助一系列失败的上传尝试利用该漏洞造成拒绝服务（内存消耗）。以下版本受到影响：Apache Tomcat 6.0.44之前6.x版本，7.0.55之前7.x版本，8.0.9之前8.x版本。,高危,资源管理错误,CNNVD-201505-034,http://www.cnnvd.org.cn/web/xxk/ldxqById.tag?CNNVD=CNNVD-201505-034,目前厂商已经发布了升级补丁以修复此安全问题，补丁获取链接：http://tomcat.apache.org/security-7.html,远程,Apache Tomcat 资源管理错误漏洞,1
Apache Tomcat,CVE-2014-0227,Apache Tomcat是美国阿帕奇（Apache）软件基金会的一款轻量级Web应用服务器。该程序实现了对Servlet和JavaServer Page（JSP）的支持。Apache Tomcat中的java/org/apache/coyote/http11/filters/ChunkedInputFilter.java文件存在安全漏洞，该漏洞源于程序出现错误时，没有正确限制读取数据。远程攻击者可通过发送带有畸形编码块的流数据利用该漏洞实施HTTP请求走私攻击，或造成拒绝服务（资源耗尽）。以下版本受到影响：Apache Tomcat 6.0.42之前的6.x版本，7.0.55之前的7.x版本，8.0.9之前的8.x版本。,中危,代码问题,CNNVD-201502-328,http://www.cnnvd.org.cn/web/xxk/ldxqById.tag?CNNVD=CNNVD-201502-328,目前厂商已经发布了升级补丁以修复此安全问题，补丁获取链接：http://tomcat.apache.org/security-6.html,远程,Apache Tomcat 代码问题漏洞,1
Apache Tomcat,CVE-2014-0119,Apache Tomcat是美国阿帕奇（Apache）软件基金会的一款轻量级Web应用服务器。该程序实现了对Servlet和JavaServer Page（JSP）的支持。Apache Tomcat中存在安全漏洞，该漏洞源于程序没有正确限制类加载器访问使用XSLT样式表的XML解析器。远程攻击者可借助特制的Web应用程序利用该漏洞读取任意文件，或读取不同Web应用程序相关的文件。以下版本受到影响：Apache Tomcat 6.0.39及之前的版本，7.0.54之前的7.x版本，8.0.6之前的8.x版本。,中危,权限许可和访问控制问题,CNNVD-201405-589,http://www.cnnvd.org.cn/web/xxk/ldxqById.tag?CNNVD=CNNVD-201405-589,目前厂商已经发布了升级补丁以修复此安全问题，补丁获取链接：http://tomcat.apache.org/security-7.html#Fixed_in_Apache_Tomcat_7.0.54,远程,Apache Tomcat 权限许可和访问控制问题漏洞,1
Apache Tomcat,CVE-2014-0099,Apache Tomcat是美国阿帕奇（Apache）软件基金会的一款轻量级Web应用服务器。该程序实现了对Servlet和JavaServer Page（JSP）的支持。Apache Tomcat中的java/org/apache/tomcat/util/buf/Ascii.java文件存在整数溢出漏洞。远程攻击者可借助特制的Content-Length HTTP头利用该漏洞实施HTTP请求走私攻击。以下版本受到影响：Apache Tomcat 6.0.39及之前的版本，7.0.53之前的7.x版本，8.0.4之前的8.x版本。,中危,数字错误,CNNVD-201405-588,http://www.cnnvd.org.cn/web/xxk/ldxqById.tag?CNNVD=CNNVD-201405-588,目前厂商已经发布了升级补丁以修复此安全问题，补丁获取链接：http://tomcat.apache.org/security-7.html#Fixed_in_Apache_Tomcat_7.0.53,远程,Apache Tomcat 数字错误漏洞,1
Apache Tomcat,CVE-2014-0096,Apache Tomcat是美国阿帕奇（Apache）软件基金会的一款轻量级Web应用服务器。该程序实现了对Servlet和JavaServer Page（JSP）的支持。Apache Tomcat的默认servlet中的java/org/apache/catalina/servlets/DefaultServlet.java文件存在安全漏洞，该漏洞源于程序没有正确限制XSLT样式表。远程攻击者可借助特制的应用程序利用该漏洞绕过安全限制，读取任意文件。以下版本受到影响：Apache Tomcat 6.0.39及之前的版本，7.0.53之前的7.x版本，8.0.4之前的8.x版本。,中危,权限许可和访问控制问题,CNNVD-201405-587,http://www.cnnvd.org.cn/web/xxk/ldxqById.tag?CNNVD=CNNVD-201405-587,目前厂商已经发布了升级补丁以修复此安全问题，补丁获取链接：http://tomcat.apache.org/security-7.html#Fixed_in_Apache_Tomcat_7.0.53,远程,Apache Tomcat 权限许可和访问控制问题漏洞,1
Apache Tomcat,CVE-2014-0095,Apache Apache Tomcat是美国阿帕奇（Apache）软件基金会下属的Jakarta项目的一款轻量级Web应用服务器，它主要用于开发和调试JSP程序，适用于中小型系统。Apache Tomcat 8.0.4之前的8.x版本中的java/org/apache/coyote/ajp/AbstractAjpProcessor.java文件中存在安全漏洞。远程攻击者可通过使用‘Content-Length： 0’AJP请求利用该漏洞造成拒绝服务。,中危,输入验证,CNNVD-201405-586,http://www.cnnvd.org.cn/web/xxk/ldxqById.tag?CNNVD=CNNVD-201405-586,目前厂商已经发布了升级补丁以修复此安全问题，补丁获取链接：http://tomcat.apache.org/security-8.html#Fixed_in_Apache_Tomcat_8.0.5,远程,Apache Tomcat 输入验证漏洞,1
Apache Tomcat,CVE-2014-0075,Apache Tomcat是美国阿帕奇（Apache）软件基金会的一款轻量级Web应用服务器。该程序实现了对Servlet和JavaServer Page（JSP）的支持。Apache Tomcat中的java/org/apache/coyote/http11/filters/ChunkedInputFilter.java文件中的‘parseChunkHeader’函数存在整数溢出漏洞。远程攻击者可借助畸形的块数据利用该漏洞造成拒绝服务（资源消耗）。以下版本受到影响：Apache Tomcat 6.0.39及之前的版本，7.0.53之前的7.x版本，8.0.4之前的8.x版本。,中危,数字错误,CNNVD-201405-585,http://www.cnnvd.org.cn/web/xxk/ldxqById.tag?CNNVD=CNNVD-201405-585,目前厂商已经发布了升级补丁以修复此安全问题，补丁获取链接：http://tomcat.apache.org/security-7.html#Fixed_in_Apache_Tomcat_7.0.53,远程,Apache Tomcat 数字错误漏洞,1
Apache Tomcat,CVE-2014-0033,Apache Tomcat是美国阿帕奇（Apache）软件基金会的一款轻量级Web应用服务器。该程序实现了对Servlet和JavaServer Page（JSP）的支持。Apache Tomcat 6.0.33至6.0.37版本中的org/apache/catalina/connector/CoyoteAdapter.java文件存在输入验证漏洞，该漏洞源于当处理URL中的会话ID时，程序设置‘disableURLRewriting’值为‘true’。远程攻击者可借助特制的URL利用该漏洞实施会话固定攻击。,中危,输入验证错误,CNNVD-201402-408,http://www.cnnvd.org.cn/web/xxk/ldxqById.tag?CNNVD=CNNVD-201402-408,目前厂商已经发布了升级补丁以修复此安全问题，补丁获取链接：http://tomcat.apache.org/security-6.html,远程,Apache Tomcat 输入验证错误漏洞,1
Apache Tomcat,CVE-2013-6357,Apache Apache Tomcat是美国阿帕奇（Apache）软件基金会下属的Jakarta项目的一款轻量级Web应用服务器，它主要用于开发和调试JSP程序，适用于中小型系统。Apache Tomcat 5.5.25及之前的版本中存在跨站请求伪造漏洞。攻击者可借助‘POST’函数利用该漏洞在受影响应用程序上下文中执行未授权操作，也可能存在其他形式的攻击。,中危,跨站请求伪造,CNNVD-201311-173,http://www.cnnvd.org.cn/web/xxk/ldxqById.tag?CNNVD=CNNVD-201311-173,目前厂商还没有提供此漏洞的相关补丁或者升级程序，建议使用此软件的用户随时关注厂商的主页以获取最新版本：http://www.webapp-security.com/wp-content/uploads/2013/11/Apache-Tomcat-5.5.25-CSRF-Vulnerabilities.txt,远程,Apache Tomcat Manager组件跨站请求伪造漏洞,1
Apache Tomcat,CVE-2013-4590,Apache Tomcat是美国阿帕奇（Apache）软件基金会的一款轻量级Web应用服务器。该程序实现了对Servlet和JavaServer Page（JSP）的支持。Apache Tomcat中存在XML外部实体信息泄露漏洞，该漏洞源于当解析XML数据时，程序没有正确配置XML解析器。攻击者可借助特制的XML文档（如web.xml，context.xml，*.tld，*.tagx，*.jspx）利用该漏洞获取内部信息。以下版本受到影响：Apache Tomcat 6.0.37及之前的版本，7.0.47之前的7.x版本，8.0.0-RC3之前的8.x版本。,中危,信息泄露,CNNVD-201402-401,http://www.cnnvd.org.cn/web/xxk/ldxqById.tag?CNNVD=CNNVD-201402-401,目前厂商已经发布了升级补丁以修复此安全问题，补丁获取链接：http://tomcat.apache.org/security-6.html,远程,Apache Tomcat 信息泄露漏洞,1
Apache Tomcat,CVE-2013-4444,Apache Apache Tomcat是美国阿帕奇（Apache）软件基金会下属的Jakarta项目的一款轻量级Web应用服务器，它主要用于开发和调试JSP程序，适用于中小型系统。Apache Tomcat 7.0.39及之前版本的java.io.File文件和自定义JMX配置中存在任意文件上传漏洞。远程攻击者可通过上传恶意的JSP文件到Tomcat服务器利用该漏洞执行任意代码。,中危,代码注入,CNNVD-201409-496,http://www.cnnvd.org.cn/web/xxk/ldxqById.tag?CNNVD=CNNVD-201409-496,目前厂商已经发布了升级补丁以修复此安全问题，补丁获取链接：http://tomcat.apache.org/security-7.html#Fixed_in_Apache_Tomcat_7.0.40,远程,Apache Tomcat 代码注入漏洞,1
Apache Tomcat,CVE-2013-4322,Apache Tomcat是美国阿帕奇（Apache）软件基金会的一款轻量级Web应用服务器。该程序实现了对Servlet和JavaServer Page（JSP）的支持。Apache Tomcat中存在输入验证漏洞。当处理分块传输编码时，远程攻击者可借助大量的分块数据或使用畸形的HTTP头利用该漏洞造成拒绝服务。以下版本受到影响：Apache Tomcat 6.0.37及之前的版本，7.0.47之前的7.x版本，8.0.0-RC3之前的8.x版本。,中危,输入验证错误,CNNVD-201402-400,http://www.cnnvd.org.cn/web/xxk/ldxqById.tag?CNNVD=CNNVD-201402-400,目前厂商已经发布了升级补丁以修复此安全问题，补丁获取链接：http://tomcat.apache.org/security-6.html,远程,Apache Tomcat 输入验证错误漏洞,1
Apache Tomcat,CVE-2013-4286,Apache Tomcat是美国阿帕奇（Apache）软件基金会的一款轻量级Web应用服务器。该程序实现了对Servlet和JavaServer Page（JSP）的支持。Apache Tomcat中存在输入验证漏洞，该漏洞源于当使用HTTP或AJP连接器时，程序没有正确处理Content-Length HTTP请求头信息。远程攻击者可借助多个Content-Length头或使用块编码的Content-Length头利用该漏洞实施跨站脚本攻击，获取请求中的敏感信息。以下版本受到影响：Apache Tomcat 6.0.37及之前的版本，7.0.47之前的7.x版本，8.0.0-RC3之前的8.x版本。,中危,输入验证错误,CNNVD-201402-399,http://www.cnnvd.org.cn/web/xxk/ldxqById.tag?CNNVD=CNNVD-201402-399,目前厂商已经发布了升级补丁以修复此安全问题，补丁获取链接：http://tomcat.apache.org/security-6.html,远程,Apache Tomcat 输入验证错误漏洞,1
Apache Tomcat,CVE-2013-2071,Apache Apache Tomcat是美国阿帕奇（Apache）软件基金会下属的Jakarta项目的一款轻量级Web应用服务器，它主要用于开发和调试JSP程序，适用于中小型系统。Apache Tomcat 7.0.0至7.0.39版本中的java/org/apache/catalina/core/AsyncContextImpl.java中存在远程信息泄露漏洞。远程攻击者可利用该漏洞获得敏感信息。,低危,信息泄露,CNNVD-201305-225,http://www.cnnvd.org.cn/web/xxk/ldxqById.tag?CNNVD=CNNVD-201305-225,目前厂商已经发布了升级补丁以修复此安全问题，补丁获取链接：https://issues.apache.org/bugzilla/show_bug.cgi?id=54178,远程,Apache Tomcat 信息泄露漏洞,1
Apache Tomcat,CVE-2013-2067,Apache Tomcat是美国阿帕奇（Apache）软件基金会的一款轻量级Web应用服务器。该程序实现了对Servlet和JavaServer Page（JSP）的支持。Apache Tomcat 6.0.21至6.0.36版本，7.0.33之前的7.x版本中的表单验证功能中的java/org/apache/catalina/authenticator/FormAuthenticator.java中存在漏洞，该漏洞源于程序没有正确处理身份认证要求和会话之间的关系。远程攻击者可通过在完成登录表单期间发送请求利用该漏洞注入请求到会话。,中危,授权问题,CNNVD-201305-224,http://www.cnnvd.org.cn/web/xxk/ldxqById.tag?CNNVD=CNNVD-201305-224,目前厂商已经发布了升级补丁以修复此安全问题，补丁获取链接：http://svn.apache.org/viewvc?view=revision&revision=1408044,远程,Apache Tomcat 授权问题漏洞,1
Apache Tomcat,CVE-2013-0346,Apache Apache Tomcat是美国阿帕奇（Apache）软件基金会下属的Jakarta项目的一款轻量级Web应用服务器，它主要用于开发和调试JSP程序，适用于中小型系统。Apache Tomcat中的log/logdir目录中存在不安全文件权限漏洞。本地攻击者利用该漏洞获得访问到全局可读的日志文件权限进而从中提取敏感信息，信息的获得有助于其他攻击。,低危,权限许可和访问控制,CNNVD-201302-548,http://www.cnnvd.org.cn/web/xxk/ldxqById.tag?CNNVD=CNNVD-201302-548,目前厂商还没有提供此漏洞的相关补丁或者升级程序，建议使用此软件的用户随时关注厂商的主页以获取最新版本：http://tomcat.apache.org/,本地,Apache Tomcat ‘log/logdir’目录不安全文件权限漏洞,1
Apache Tomcat,CVE-2012-5887,Apache Apache Tomcat是美国阿帕奇（Apache）软件基金会下属的Jakarta项目的一款轻量级Web应用服务器，它主要用于开发和调试JSP程序，适用于中小型系统。Apache Tomcat 5.5.36之前的5.5.x版本、6.0.36之前的6.x版本、7.0.30之前的7.x版本中的HTTP Digest Access Authentication实现中存在漏洞，该漏洞源于程序在连带执行凭证检查的同时未对过期的随机数值进行正确的检查。通过在网络中嗅探有效的请求，远程攻击者可利用该漏洞绕过预期的访问限制。,中危,授权问题,CNNVD-201211-315,http://www.cnnvd.org.cn/web/xxk/ldxqById.tag?CNNVD=CNNVD-201211-315,目前厂商已经发布了升级补丁以修复此安全问题，补丁获取链接：http://tomcat.apache.org/security-6.html,远程,Apache Tomcat HTTP Digest Access Authentication实现安全漏洞,1
Apache Tomcat,CVE-2012-5886,Apache Apache Tomcat是美国阿帕奇（Apache）软件基金会下属的Jakarta项目的一款轻量级Web应用服务器，它主要用于开发和调试JSP程序，适用于中小型系统。Apache Tomcat 5.5.36之前的5.5.x版本、6.0.36之前的6.x版本、7.0.30之前的7.x版本中的HTTP Digest Access Authentication实现中存在漏洞，该漏洞源于在会话状态中缓存相关身份验证用户的信息。远程攻击者利用该漏洞通过与会话ID相关的向量绕过身份验证。,中危,授权问题,CNNVD-201211-314,http://www.cnnvd.org.cn/web/xxk/ldxqById.tag?CNNVD=CNNVD-201211-314,目前厂商已经发布了升级补丁以修复此安全问题，补丁获取链接：http://tomcat.apache.org/security-6.html,远程,Apache Tomcat HTTP Digest Access Authentication 安全绕过漏洞,1
Apache Tomcat,CVE-2012-5885,Apache Apache Tomcat是美国阿帕奇（Apache）软件基金会下属的Jakarta项目的一款轻量级Web应用服务器，它主要用于开发和调试JSP程序，适用于中小型系统。Apache Tomcat 5.5.36之前的5.5.x版本、6.0.36之前的6.x版本、7.0.30之前的7.x版本中的HTTP Digest Access Authentication实现中的replay-countermeasure功能中存在漏洞，该漏洞源于程序追踪cnonce(又名客户端随机数)值而不是追踪nonce(又名服务器端随机数)和nc(又名随机数计数)值。远程攻击者利用该漏洞通过在网络中嗅探有效的请求，绕过预期的访问限制。,中危,权限许可和访问控制,CNNVD-201211-313,http://www.cnnvd.org.cn/web/xxk/ldxqById.tag?CNNVD=CNNVD-201211-313,目前厂商已经发布了升级补丁以修复此安全问题，补丁获取链接：http://tomcat.apache.org/security-6.html,远程,Apache Tomcat replay-countermeasure功能安全漏洞,1
Apache Tomcat,CVE-2012-5568,Apache Apache Tomcat是美国阿帕奇（Apache）软件基金会下属的Jakarta项目的一款轻量级Web应用服务器，它主要用于开发和调试JSP程序，适用于中小型系统。Apache Tomcat 7.0.x和之前版本中存在漏洞。远程攻击者利用该漏洞通过局部HTTP请求（如Slowloris），导致拒绝服务（守护进程中断）。,中危,配置错误,CNNVD-201211-538,http://www.cnnvd.org.cn/web/xxk/ldxqById.tag?CNNVD=CNNVD-201211-538,目前厂商还没有提供此漏洞的相关补丁或者升级程序，建议使用此软件的用户随时关注厂商的主页以获取最新版本：http://jakarta.apache.org/tomcat/index.html,远程,Apache Tomcat 拒绝服务漏洞,1
Apache Tomcat,CVE-2012-4534,Apache Apache Tomcat是美国阿帕奇（Apache）软件基金会下属的Jakarta项目的一款轻量级Web应用服务器，它主要用于开发和调试JSP程序，适用于中小型系统。Apache Tomcat 6.0.36之前的6.x版本和7.0.28之前的7.x版本中的org/apache/tomcat/util/net/NioEndpoint.java中存在漏洞。在sendfile和HTTPS同时发生的情况下使用NIO连接器，并在读响应的过程中终止其连接，远程攻击可者利用该漏洞导致拒绝服务（无限循环）。,低危,资源管理错误,CNNVD-201212-055,http://www.cnnvd.org.cn/web/xxk/ldxqById.tag?CNNVD=CNNVD-201212-055,目前厂商已经发布了升级补丁以修复此安全问题，补丁获取链接：http://tomcat.apache.org/security-6.html,远程,Apache Tomcat 拒绝服务漏洞,1
Apache Tomcat,CVE-2012-4431,Apache Apache Tomcat是美国阿帕奇（Apache）软件基金会下属的Jakarta项目的一款轻量级Web应用服务器，它主要用于开发和调试JSP程序，适用于中小型系统。Apache Tomcat 7.0.0至7.0.31版本和6.0.0至6.0.35版本中中的org/apache/catalina/filters/CsrfPreventionFilter.java中存在安全漏洞。远程攻击者利用该漏洞在授权用户上下文中执行一定的操作，进而获得访问到受影响应用程序的权限，也可能存在其他攻击。,中危,权限许可和访问控制,CNNVD-201212-054,http://www.cnnvd.org.cn/web/xxk/ldxqById.tag?CNNVD=CNNVD-201212-054,目前厂商已经发布了升级补丁以修复此安全问题，补丁获取链接：http://tomcat.apache.org/security-6.html,远程,Apache Tomcat 权限许可和访问控制漏洞,1
Apache Tomcat,CVE-2012-3908,Cisco Identity Services Engine（ISE）是美国思科（Cisco）公司的一款基于身份的环境感知平台（ISE身份服务引擎）。该平台通过收集网络、用户和设备中的实时信息，制定并实施相应策略来监管网络。Cisco Identity Services Engine (ISE) 3300系列应用程序1.1.0.665之前版本Cumulative Patch 1中的ISE Administrator用户界面(又名Apache Tomcat界面)中存在多个跨站请求伪造(CSRF)漏洞。远程攻击者可利用该漏洞劫持管理员的身份验证。,中危,跨站请求伪造,CNNVD-201209-359,http://www.cnnvd.org.cn/web/xxk/ldxqById.tag?CNNVD=CNNVD-201209-359,目前厂商已经发布了升级补丁以修复此安全问题，补丁获取链接：http://www.cisco.com/en/US/docs/security/ise/1.1/release_notes/ise1.1_rn.html,远程,Cisco Identity Services Engine 多个跨站请求伪造漏洞,1
Apache Tomcat,CVE-2012-3546,Apache Apache Tomcat是美国阿帕奇（Apache）软件基金会下属的Jakarta项目的一款轻量级Web应用服务器，它主要用于开发和调试JSP程序，适用于中小型系统。Apache Tomcat 6.0.36之前的6.x版本以及7.0.30之前的7.x版本中的org/apache/catalina/realm/RealmBase.java中存在漏洞。在程序使用FORM身份验证的条件下，通过对之前的某setUserPrincipal调用进行利用并且在URI结尾处追加/j_security_check，远程攻击者利用该漏洞绕过安全强制检查。,中危,权限许可和访问控制,CNNVD-201212-056,http://www.cnnvd.org.cn/web/xxk/ldxqById.tag?CNNVD=CNNVD-201212-056,目前厂商已经发布了升级补丁以修复此安全问题，补丁获取链接：http://tomcat.apache.org/security-6.html,远程,Apache Tomcat 安全绕过漏洞,1
Apache Tomcat,CVE-2012-3544,Apache Tomcat是美国阿帕奇（Apache）软件基金会的一款轻量级Web应用服务器。该程序实现了对Servlet和JavaServer Page（JSP）的支持。Apache Tomcat中存在拒绝服务漏洞。攻击者可利用该漏洞造成拒绝服务。Tomcat 7.0.0至7.0.29版本，Tomcat 6.0.0至6.0.36版本中存在漏洞。,中危,输入验证错误,CNNVD-201305-226,http://www.cnnvd.org.cn/web/xxk/ldxqById.tag?CNNVD=CNNVD-201305-226,目前厂商已经发布了升级补丁以修复此安全问题，补丁获取链接：http://svn.apache.org/viewvc?view=revision&revision=1378921,远程,Apache Tomcat 输入验证错误漏洞,1
Apache Tomcat,CVE-2012-2733,Apache Apache Tomcat是美国阿帕奇（Apache）软件基金会下属的Jakarta项目的一款轻量级Web应用服务器，它主要用于开发和调试JSP程序，适用于中小型系统。Apache Tomcat 6.0.36之前的6.x版本和7.0.28之前的7.x版本中的HTTP NIO连接器中的java/org/apache/coyote/http11/InternalNioInputBuffer.java中存在漏洞，该漏洞源于没有正确限制请求头的大小。远程攻击者利用该漏洞通过大量的头数据，导致拒绝服务（内存消耗）。,中危,输入验证,CNNVD-201211-126,http://www.cnnvd.org.cn/web/xxk/ldxqById.tag?CNNVD=CNNVD-201211-126,目前厂商已经发布了升级补丁以修复此安全问题，补丁获取链接：http://tomcat.apache.org/security-7.html,远程,Apache Tomcat 拒绝服务漏洞,1
Apache Tomcat,CVE-2012-0022,Apache Tomcat是一个流行的开放源码的JSP应用服务器程序。Apache Tomcat在参数处理的实现上存在拒绝服务漏洞。远程攻击者可通过特制的请求利用此漏洞消耗大量的CPU资源，造成拒绝服务。,中危,数字错误,CNNVD-201201-207,http://www.cnnvd.org.cn/web/xxk/ldxqById.tag?CNNVD=CNNVD-201201-207,目前厂商已经发布了升级补丁以修复此安全问题，补丁获取链接：http://tomcat.apache.org/security-7.html,远程,Apache Tomcat拒绝服务漏洞,1
Apache Tomcat,CVE-2011-5064,Apache Apache Tomcat是美国阿帕奇（Apache）软件基金会下属的Jakarta项目的一款轻量级Web应用服务器，它主要用于开发和调试JSP程序，适用于中小型系统。Apache Tomcat的HTTP摘要访问授权implementation（实施）中的DigestAuthenticator.java中存在漏洞，该漏洞源于其将Catalina作为私钥。远程攻击者可通过对该字符串的认知绕过加密的保护机制。,中危,加密问题,CNNVD-201201-176,http://www.cnnvd.org.cn/web/xxk/ldxqById.tag?CNNVD=CNNVD-201201-176,目前厂商已经发布了升级补丁以修复此安全问题，补丁获取链接：http://tomcat.apache.org/download-70.cgi,远程,Apache Tomcat ‘DigestAuthenticator.java’安全绕过漏洞,1
Apache Tomcat,CVE-2011-5063,Apache Apache Tomcat是美国阿帕奇（Apache）软件基金会下属的Jakarta项目的一款轻量级Web应用服务器，它主要用于开发和调试JSP程序，适用于中小型系统。Apache Tomcat的HTTP摘要式身份验证时在实现上中存在漏洞，该漏洞源于未校对realm值。远程攻击者可利用该漏洞借助具有较弱认证或授权要求的保护空间的可用性绕过预期的访问限制。,中危,授权问题,CNNVD-201201-175,http://www.cnnvd.org.cn/web/xxk/ldxqById.tag?CNNVD=CNNVD-201201-175,目前厂商已经发布了升级补丁以修复此安全问题，补丁获取链接：http://tomcat.apache.org/download-70.cgi,远程,Apache Tomcat安全绕过漏洞,1
Apache Tomcat,CVE-2011-5062,Apache Apache Tomcat是美国阿帕奇（Apache）软件基金会下属的Jakarta项目的一款轻量级Web应用服务器，它主要用于开发和调试JSP程序，适用于中小型系统。Apache Tomcat 5.5.34之前的5.5.x版本，6.0.33之前的6.x版本，7.0.12之前的7.x版本中的HTTP摘要式身份验证时在实现上存在漏洞，该漏洞源于未检测qop值。远程攻击者可利用该漏洞借助特制的qop=auth的值绕过完整性保护限制。,中危,权限许可和访问控制问题,CNNVD-201201-174,http://www.cnnvd.org.cn/web/xxk/ldxqById.tag?CNNVD=CNNVD-201201-174,目前厂商已经发布了升级补丁以修复此安全问题，补丁获取链接：http://tomcat.apache.org/download-70.cgi,远程,Apache Tomcat安全绕过漏洞,1
Apache Tomcat,CVE-2011-4858,"Apache Apache Tomcat是美国阿帕奇（Apache）软件基金会下属的Jakarta项目的一款轻量级Web应用服务器，它主要用于开发和调试JSP程序，适用于中小型系统。Apache Tomcat 5.5.35之前版本,6.0.35之前的6.x版本以及7.0.23之前的7.x版本中存在漏洞，该漏洞源于在没有限制触发预测哈希冲突的情况下为形式参数计算哈希值。远程攻击者可以通过发送多个特制参数导致拒绝服务。",中危,资源管理错误,CNNVD-201201-056,http://www.cnnvd.org.cn/web/xxk/ldxqById.tag?CNNVD=CNNVD-201201-056,目前厂商已经发布了升级补丁以修复此安全问题，补丁获取链接：http://tomcat.apache.org/index.html,远程,Apache Tomcat 资源管理错误漏洞,1
Apache Tomcat,CVE-2011-3376,"Apache Apache Tomcat是美国阿帕奇（Apache）软件基金会下属的Jakarta项目的一款轻量级Web应用服务器，它主要用于开发和调试JSP程序，适用于中小型系统。Apache Tomcat在实现上存在安全漏洞。可疑Web应用可以访问管理应用程序，可被恶意用户利用绕过某些安全限制。要成功利用需要""manager-script""权限。",中危,权限许可和访问控制,CNNVD-201111-210,http://www.cnnvd.org.cn/web/xxk/ldxqById.tag?CNNVD=CNNVD-201111-210,目前厂商已经发布了升级补丁以修复此安全问题，补丁获取链接：http://tomcat.apache.org/security-7.html,本地,Apache Tomcat 管理应用程序安全限制绕过漏洞,1
Apache Tomcat,CVE-2011-3375,Apache Apache Tomcat是美国阿帕奇（Apache）软件基金会下属的Jakarta项目的一款轻量级Web应用服务器，它主要用于开发和调试JSP程序，适用于中小型系统。Apache Tomcat 6.0.30到6.0.33中存在安全漏洞，恶意攻击者可利用该漏洞绕过安全限制。该漏洞源于当发生某些错误时需要添加到访问日志中，访问日志进程会在其回收之后触发请求对象重填(re-population)。但是在用于下一个请求之前没有回收请求对象，可导致把前一个请求中的远程IP地址，HTTP头等敏感信息泄露到下一个请求中去。,中危,信息泄露,CNNVD-201201-195,http://www.cnnvd.org.cn/web/xxk/ldxqById.tag?CNNVD=CNNVD-201201-195,目前厂商已经发布了升级补丁以修复此安全问题，补丁获取链接：http://tomcat.apache.org/security-6.html,远程,Apache Tomcat 安全绕过漏洞,1
Apache Tomcat,CVE-2011-3190,Apache Apache Tomcat是美国阿帕奇（Apache）软件基金会下属的Jakarta项目的一款轻量级Web应用服务器，它主要用于开发和调试JSP程序，适用于中小型系统。Tomcat在AJP协议的实现上存在安全限制绕过漏洞。此漏洞源于Apache Tomcat错误处理了某些请求，可被利用注入任意AJP消息并泄露敏感信息或绕过身份验证机制。成功利用需要不使用org.apache.jk.server.JkCoyoteHandler AJP连接器，接受POST请求，不处理请求主体。远程攻击者可利用此漏洞绕过某些安全限制。,高危,权限许可和访问控制问题,CNNVD-201108-510,http://www.cnnvd.org.cn/web/xxk/ldxqById.tag?CNNVD=CNNVD-201108-510,目前厂商已经发布了升级补丁以修复此安全问题，补丁获取链接：http://tomcat.apache.org/security-7.html,远程,Apache Tomcat AJP协议安全限制绕过漏洞,1
Apache Tomcat,CVE-2011-2729,Apache Apache Tomcat是美国阿帕奇（Apache）软件基金会下属的Jakarta项目的一款轻量级Web应用服务器，它主要用于开发和调试JSP程序，适用于中小型系统。在Apache Tomcat 5.5.3至5.5.33版本，6.0.30至6.0.32版本，及7.0.20之前的7.0.x版本中使用的Apache Commons中的Daemon组件1.0.3至1.0.6版本的jsvc中的native/unix/native/jsvc-unix.c不能降低权限。远程攻击者可借助对应用程序的请求绕过文件的读权限。,中危,权限许可和访问控制问题,CNNVD-201108-269,http://www.cnnvd.org.cn/web/xxk/ldxqById.tag?CNNVD=CNNVD-201108-269,目前厂商已经发布了升级补丁以修复此安全问题，补丁获取链接：http://tomcat.apache.org/security-6.html,远程,Apache Tomcat Commons Daemon jsvc信息泄露漏洞,1
Apache Tomcat,CVE-2011-2526,Apache Apache Tomcat是美国阿帕奇（Apache）软件基金会下属的Jakarta项目的一款轻量级Web应用服务器，它主要用于开发和调试JSP程序，适用于中小型系统。当为HTTP APR或HTTP NIO连接器启用了sendfile时，Apache Tomcat 5.5.34之前的5.5.x版本，6.0.33之前的6.x版本，7.0.19之前的7.x版本没有验证某些请求属性。本地用户可利用不可信web应用程序绕过预设的文件访问限制或导致拒绝服务（无限循环或JVM崩溃）。,中危,输入验证错误,CNNVD-201107-180,http://www.cnnvd.org.cn/web/xxk/ldxqById.tag?CNNVD=CNNVD-201107-180,目前厂商已经发布了升级补丁以修复此安全问题，补丁获取链接：http://tomcat.apache.org/security-5.html,本地,Apache Tomcat sendfile请求属性访问限制绕过漏洞,1
Apache Tomcat,CVE-2011-2481,Apache Apache Tomcat是美国阿帕奇（Apache）软件基金会下属的Jakarta项目的一款轻量级Web应用服务器，它主要用于开发和调试JSP程序，适用于中小型系统。Apache Tomcat 7.0.17之前的7.0.x版本允许web应用程序替换其他web应用程序中的XML解析器。由于Jsvc库中的错误，没有解除应用程序访问超级用户拥有的文件和目录。本地用户可借助比目标应用程序装载更早的特制应用程序读取或修改web.xml，context.xml或任意web应用程序的tld文件。,中危,权限许可和访问控制,CNNVD-201108-276,http://www.cnnvd.org.cn/web/xxk/ldxqById.tag?CNNVD=CNNVD-201108-276,目前厂商已经发布了升级补丁以修复此安全问题，补丁获取链接：http://tomcat.apache.org/security-7.html,本地,Apache Tomcat web应用程序权限许可和访问控制漏洞,1
Apache Tomcat,CVE-2011-2204,Apache Apache Tomcat是美国阿帕奇（Apache）软件基金会下属的Jakarta项目的一款轻量级Web应用服务器，它主要用于开发和调试JSP程序，适用于中小型系统。Apache Tomcat 5.5.34之前的5.5.x版本，6.0.33之前的6.x版本，以及7.0.17之前的7.x版本中存在信息泄露漏洞。该漏洞源于使用MemoryUserDatabase的JMX在创建用户时产生的错误，本地用户可利用该漏洞在Tomcat日志中记录用户密码，导致泄露敏感信息。,低危,信息泄露,CNNVD-201106-334,http://www.cnnvd.org.cn/web/xxk/ldxqById.tag?CNNVD=CNNVD-201106-334,目前厂商已经发布了升级补丁以修复此安全问题，补丁获取链接：http://tomcat.apache.org/security-5.html,本地,Apache Tomcat MemoryUserDatabase密码泄露漏洞,1
Apache Tomcat,CVE-2011-1582,Apache Apache Tomcat是美国阿帕奇（Apache）软件基金会下属的Jakarta项目的一款轻量级Web应用服务器，它主要用于开发和调试JSP程序，适用于中小型系统。Apache Tomcat 7.0.12至7.0.13版本中存在安全限制绕过漏洞。该漏洞是由于当装载了servlet（响应请求的服务程序），执行“@ServletSecurity”注解时产生的错误导致的，远程攻击者可利用此漏洞在第一次装载servlet时，绕过SecurityConstraints安全限制，并获取敏感信息。,中危,权限许可和访问控制,CNNVD-201105-200,http://www.cnnvd.org.cn/web/xxk/ldxqById.tag?CNNVD=CNNVD-201105-200,目前厂商已经发布了升级补丁以修复此安全问题，补丁获取链接：http://tomcat.apache.org/security-7.html#Fixed_in_Apache_Tomcat_7.0.14_(released_12_May_2011),远程,Apache Tomcat SecurityConstraints安全限制绕过和信息泄露漏洞,1
Apache Tomcat,CVE-2011-1571,当Apache Tomcat启用时，Liferay Portal Community Edition (CE) 5.x版本和6.0.6 GA版本之前的6.x版本的XSL Content portlet中存在未明漏洞。远程攻击者可以借助未知向量执行任意命令。,超危,资料不足,CNNVD-201105-093,http://www.cnnvd.org.cn/web/xxk/ldxqById.tag?CNNVD=CNNVD-201105-093,目前厂商已经发布了升级补丁以修复此安全问题，补丁获取链接：http://issues.liferay.com/browse/LPS-14726,远程,Liferay Portal Community Edition XSL Content portlet任意命令执行漏洞,1
Apache Tomcat,CVE-2011-1570,当Apache Tomcat启用时，Liferay Portal Community Edition (CE) 6.0.6 GA之前的6.x版本中存在跨站脚本攻击漏洞。远程认证用户可以借助消息标题注入任意web脚本或HTML。,低危,跨站脚本,CNNVD-201105-092,http://www.cnnvd.org.cn/web/xxk/ldxqById.tag?CNNVD=CNNVD-201105-092,目前厂商已经发布了升级补丁以修复此安全问题，补丁获取链接：http://issues.liferay.com/browse/LPS-12628,远程,Liferay Portal Community Edition跨站脚本攻击漏洞,1
Apache Tomcat,CVE-2011-1503,当Apache Tomcat或Oracle GlassFish启用时，Liferay Portal Community Edition (CE)5.x版本和6.0.6 GA版本之前的6.x版本的XSL Content portlet中存在漏洞。远程认证用户可以借助file：/// URL读取任意XSL和XML文件。,低危,信息泄露,CNNVD-201105-090,http://www.cnnvd.org.cn/web/xxk/ldxqById.tag?CNNVD=CNNVD-201105-090,目前厂商已经发布了升级补丁以修复此安全问题，补丁获取链接：http://issues.liferay.com/browse/LPS-13762,远程,Liferay Portal Community Edition XSL Content portlet信息泄露漏洞,1
Apache Tomcat,CVE-2011-1502,当Apache Tomcat启用时，Liferay Portal Community Edition (CE) 6.0.6 GA之前的6.x版本的XML External Entity中存在漏洞。远程认证用户可以借助与实体引用相关的实体声明来读取任意文件。,中危,信息泄露,CNNVD-201105-089,http://www.cnnvd.org.cn/web/xxk/ldxqById.tag?CNNVD=CNNVD-201105-089,目前厂商已经发布了升级补丁以修复此安全问题，补丁获取链接：http://issues.liferay.com/browse/LPS-14927,远程,Liferay Portal Community Edition XML External Entity信息泄露漏洞,1
Apache Tomcat,CVE-2011-1475,Apache Apache Tomcat是美国阿帕奇（Apache）软件基金会下属的Jakarta项目的一款轻量级Web应用服务器，它主要用于开发和调试JSP程序，适用于中小型系统。Apache Tomcat 7.0.12之前的7.0.x版本中的HTTP BIO连接器没有正确处理HTTP流水线。远程攻击者可以通过检查HTTP包中的应用数据，为随机环境中的其他客户端读取响应。,中危,输入验证,CNNVD-201104-046,http://www.cnnvd.org.cn/web/xxk/ldxqById.tag?CNNVD=CNNVD-201104-046,目前厂商已经发布了升级补丁以修复此安全问题，补丁获取链接：http://svn.apache.org/viewvc?view=revision&revision=1086349,远程,Apache Tomcat HTTP BIO连接器响应读取漏洞,1
Apache Tomcat,CVE-2011-1419,Apache Apache Tomcat是美国阿帕奇（Apache）软件基金会下属的Jakarta项目的一款轻量级Web应用服务器，它主要用于开发和调试JSP程序，适用于中小型系统。当web.xml不存在安全限制时，Apache Tomcat 7.0.11之前的7.x版本没有遵循ServletSecurity注释。远程攻击者可以借助对web应用程序的HTTP请求，绕过预设的访问限制。,中危,设计错误,CNNVD-201103-200,http://www.cnnvd.org.cn/web/xxk/ldxqById.tag?CNNVD=CNNVD-201103-200,目前厂商已经发布了升级补丁以修复此安全问题，补丁获取链接：http://tomcat.apache.org/security-7.html,远程,Apache Tomcat @ServletSecurity注释安全限制绕过漏洞,1
Apache Tomcat,CVE-2011-1184,Apache Tomcat 7.0.0 到7.0.11，6.0.0到6.0.32，5.5.0到5.5.33版本中存在多个安全漏洞。攻击者可利用该漏洞绕过安全限制执行未授权的攻击。,中危,权限许可和访问控制问题,CNNVD-201109-522,http://www.cnnvd.org.cn/web/xxk/ldxqById.tag?CNNVD=CNNVD-201109-522,目前厂商已经发布了升级补丁以修复此安全问题，补丁获取链接：http://tomcat.apache.org/download-70.cgi,远程,Apache Tomcat安全漏洞,1
Apache Tomcat,CVE-2011-1183,Apache Apache Tomcat是美国阿帕奇（Apache）软件基金会下属的Jakarta项目的一款轻量级Web应用服务器，它主要用于开发和调试JSP程序，适用于中小型系统。当web.xml没有设置登录配置时，Apache Tomcat 7.0.11版本没有遵循安全约束。远程攻击者可以借助对元数据完整的web应用程序的HTTP请求，绕过预设的访问限制。,中危,设计错误,CNNVD-201104-045,http://www.cnnvd.org.cn/web/xxk/ldxqById.tag?CNNVD=CNNVD-201104-045,目前厂商已经发布了升级补丁以修复此安全问题，补丁获取链接：http://svn.apache.org/viewvc?view=revision&revision=1087643,远程,Apache Tomcat web.xml访问限制绕过漏洞,1
Apache Tomcat,CVE-2011-1088,"Apache Apache Tomcat是美国阿帕奇（Apache）软件基金会下属的Jakarta项目的一款轻量级Web应用服务器，它主要用于开发和调试JSP程序，适用于中小型系统。Apache Tomcat 7.0.10之前的7.x版本中存在安全限制绕过漏洞。由于应用程序在加载小服务程序时未能正确执行""@ServletSecurity""注释，远程攻击者可以借助对web应用程序的HTTP请求，绕过预设的访问限制。",中危,设计错误,CNNVD-201103-198,http://www.cnnvd.org.cn/web/xxk/ldxqById.tag?CNNVD=CNNVD-201103-198,目前厂商已经发布了升级补丁以修复此安全问题，补丁获取链接：http://tomcat.apache.org/security-7.html,远程,Apache Tomcat @ServletSecurity注释安全限制绕过漏洞,1
Apache Tomcat,CVE-2011-0534,Apache Tomcat 是一款由Apache Foundation维护的免费开放源代码的Java Servlet和JSP服务程序。Apache Tomcat 7.0.0至7.0.6，和6.0.0至6.0.30没有为与NIO HTTP连接器有关的请求强制执行maxHttpHeaderSize限制。远程攻击者可以借助特制请求导致拒绝服务(OutOfMemoryError)。,中危,资源管理错误,CNNVD-201102-160,http://www.cnnvd.org.cn/web/xxk/ldxqById.tag?CNNVD=CNNVD-201102-160,目前厂商已经发布了升级补丁以修复此安全问题，补丁获取链接：http://svn.apache.org/viewvc?view=revision&revision=1065939,远程,Apache Tomcat资源管理错误漏洞,1
Apache Tomcat,CVE-2011-0013,Apache Software Foundation Tomcat 是一款开放源码的JSP应用服务器程序。Apache Software Foundation Tomcat 7.0.6之前的7.0版本，5.5.32之前的5.5版本，以及6.0.30之前的6.0版本中存在多个跨站脚本攻击漏洞。远程攻击者可以利用这些漏洞注入任意web脚本或者HTML。,中危,跨站脚本,CNNVD-201102-280,http://www.cnnvd.org.cn/web/xxk/ldxqById.tag?CNNVD=CNNVD-201102-280,目前厂商已经发布了升级补丁以修复此安全问题，补丁获取链接：http://svn.apache.org/viewvc?view=revision&revision=1057279,远程,Apache Software Foundation Tomcat多个跨站脚本攻击漏洞,1
Apache Tomcat,CVE-2010-4312,Apache Tomcat是一款开放源码的JSP应用服务器程序。Apache Tomcat 6.x版本的默认配置没有包含Set-Cookie头中的HTTPOnly标记。导致远程攻击者可以借助访问cookie的脚本劫持会话。,中危,配置错误,CNNVD-201011-242,http://www.cnnvd.org.cn/web/xxk/ldxqById.tag?CNNVD=CNNVD-201011-242,目前厂商还没有提供此漏洞的相关补丁或者升级程序，建议使用此软件的用户随时关注厂商的主页以获取最新版本：http://tomcat.apache.org/,远程,Apache Tomcat会话劫持漏洞,1
Apache Tomcat,CVE-2010-4172,Apache Tomcat是一款开放源码的JSP应用服务器程序。由于受影响的会话列表屏幕(由sessionList.jsp脚本提供)没有采用任何过滤使用orderBy和sort请求，因此可造成跨站脚本攻击。用户必须注意Tomcat 6默认没有把会话COOKIE设置httpOnly，否则攻击者可利用此漏洞获得会话COOKIE。,中危,跨站脚本,CNNVD-201011-243,http://www.cnnvd.org.cn/web/xxk/ldxqById.tag?CNNVD=CNNVD-201011-243,目前厂商已经发布了升级补丁以修复此安全问题，补丁获取链接：http://tomcat.apache.org/security-7.html,远程,Apache Tomcat sort和orderBy参数跨站脚本攻击漏洞,1
Apache Tomcat,CVE-2010-3718,Apache Tomcat 是一款由Apache Foundation维护的免费开放源代码的Java Servlet和JSP服务程序。当在SecurityManager中运行时，Apache Tomcat 7.0.0至7.0.3版本，6.0.x，以及5.5.x版本没有将ServletContext属性设为只读。本地web应用程序可以利用该漏洞读或写预设工作目录外的文件。,低危,其他,CNNVD-201102-166,http://www.cnnvd.org.cn/web/xxk/ldxqById.tag?CNNVD=CNNVD-201102-166,目前厂商已经发布了升级补丁以修复此安全问题，补丁获取链接：http://svn.apache.org/viewvc?view=revision&revision=1027610,本地,Apache Tomcat设计错误漏洞,1
Apache Tomcat,CVE-2010-2227,"Apache Apache Tomcat是美国阿帕奇（Apache）软件基金会下属的Jakarta项目的一款轻量级Web应用服务器，它主要用于开发和调试JSP程序，适用于中小型系统。Apache Tomcat 5.5.0版本 到 5.5.29版本, 6.0.0版本 到6.0.27版本, 以及 7.0.0 beta版本没有正确的处理无效Transfer-Encoding头，远程攻击者可以借助一个与缓冲区干扰相关的畸形头文件导致拒绝服务(应用中断)，也可能获取敏感信息。",中危,缓冲区错误,CNNVD-201007-128,http://www.cnnvd.org.cn/web/xxk/ldxqById.tag?CNNVD=CNNVD-201007-128,目前厂商已经发布了升级补丁以修复此安全问题，补丁获取链接：http://svn.apache.org/viewvc?view=revision&revision=958911,远程,Apache Tomcat缓冲区溢出漏洞,1
Apache Tomcat,CVE-2010-1157,Apache Tomcat是一款由Apache Foundation维护的免费开放源代码的Web服务器程序。BASIC和DIGEST认证的WWW-Authenticate头包含有区域名。如果web.xml中对应用指定了＜realm-name＞元素，就会使用指定的区域名，否则Tomcat就会使用以下代码段生成一个区域名request.getServerName() + + request.getServerPort() 在某些环境中这可能会暴露运行Tomcat机器的本地主机名或IP地址。,低危,信息泄露,CNNVD-201004-393,http://www.cnnvd.org.cn/web/xxk/ldxqById.tag?CNNVD=CNNVD-201004-393,Updates are available. Please see the references for more information.,远程,Apache Tomcat Authentication Header Realm Name信息泄露漏洞,1
Apache Tomcat,CVE-2009-3548,Apache Tomcat是一个流行的开放源码的JSP应用服务器程序。Windows安装程序默认对管理用户设置了空口令。如果在安装过程中没有更改这个口令，就会使用空口令创建各种管理用户。,高危,信任管理问题,CNNVD-200911-145,http://www.cnnvd.org.cn/web/xxk/ldxqById.tag?CNNVD=CNNVD-200911-145,厂商目前已经发布了升级补丁以修复此安全问题，补丁获取链接：http://svn.apache.org/viewvc?view=revision&revision=834047,远程,Apache Tomcat 信任管理问题漏洞,1
Apache Tomcat,CVE-2009-2902,Apache Tomcat是一个流行的开放源码的JSP应用服务器程序。在部署WAR文件时Tomcat没有正确地检查文件名中的目录遍历序列，用户上传恶意文件就可能导致删除主机工作目录中的当前内容，或在Web主目录外创建任意文件。,中危,路径遍历,CNNVD-201001-275,http://www.cnnvd.org.cn/web/xxk/ldxqById.tag?CNNVD=CNNVD-201001-275,目前厂商已经发布了升级补丁以修复这个安全问题，补丁下载链接：Ubuntu Ubuntu Linux 9.10 sparc,远程,Apache Tomcat 路径遍历漏洞,1
Apache Tomcat,CVE-2009-2901,Apache Tomcat是一个流行的开放源码的JSP应用服务器程序。默认下Tomcat会自动部署主机appBase中的任何目录，这种行为是受主机的autoDeploy属性(默认为true)控制的。如果卸载部署失败，自动部署过程仍会部署剩余的文件，导致正常情况下受一个或多个安全限制保护的文件也被继续部署，这样用户就可无需认证便访问这些文件。,中危,权限许可和访问控制问题,CNNVD-201001-274,http://www.cnnvd.org.cn/web/xxk/ldxqById.tag?CNNVD=CNNVD-201001-274,目前厂商已经发布了升级补丁以修复这个安全问题，补丁下载链接：Ubuntu Ubuntu Linux 9.10 sparc,远程,Apache Tomcat 权限许可和访问控制问题漏洞,1
Apache Tomcat,CVE-2009-2696,"Apache Apache Tomcat是美国阿帕奇（Apache）软件基金会下属的Jakarta项目的一款轻量级Web应用服务器，它主要用于开发和调试JSP程序，适用于中小型系统。基于Red Hat Enterprise Linux 5，Desktop Workstation 5和Linux Desktop 5平台上的Apache Tomcat中的examples web 应用程序中的calendar应用程序中的jsp/cal/cal2.jsp存在跨站脚本(XSS)攻击漏洞。远程攻击者可以借助与""invalid HTML""相关的time参数注入任意web脚本或HTML。",中危,跨站脚本,CNNVD-201008-042,http://www.cnnvd.org.cn/web/xxk/ldxqById.tag?CNNVD=CNNVD-201008-042,目前厂商已经发布了升级补丁以修复此安全问题，补丁获取链接：https://access.redhat.com/kb/docs/DOC-11259,远程,Apache Tomcat examples web 应用程序跨站脚本攻击漏洞,1
Apache Tomcat,CVE-2009-2693,Apache Tomcat是一个流行的开放源码的JSP应用服务器程序。默认下Tomcat会自动部署主机appBase中的任何目录，这种行为是受主机的autoDeploy属性(默认为true)控制的。如果卸载部署失败，自动部署过程仍会部署剩余的文件，导致正常情况下受一个或多个安全限制保护的文件也被继续部署，这样用户就可无需认证便访问这些文件。,中危,路径遍历,CNNVD-201001-273,http://www.cnnvd.org.cn/web/xxk/ldxqById.tag?CNNVD=CNNVD-201001-273,目前厂商已经发布了升级补丁以修复这个安全问题，补丁下载链接：Ubuntu Ubuntu Linux 9.10 sparc,远程,Apache Tomcat 路径遍历漏洞,1
Apache Tomcat,CVE-2009-0783,Apache Tomcat是一个流行的开放源码的JSP应用服务器程序。Apache Tomcat允许Web应用替换其他Web应用所使用的XML解析器。如果特制的应用早于目标应用加载的话，本地用户就可以读取或修改任意Web应用的web.xml、context.xml或tld文件。,中危,信息泄露,CNNVD-200906-070,http://www.cnnvd.org.cn/web/xxk/ldxqById.tag?CNNVD=CNNVD-200906-070,目前厂商已经发布了升级补丁以修复这个安全问题，补丁下载链接：http://svn.apache.org/viewvc?rev=739522&view=rev,本地,Apache Tomcat 信息泄露漏洞,1
Apache Tomcat,CVE-2009-0781,"Apache Tomcat是应用(java)服务器，它只是一个servlet(jsp也翻译成servlet)容器，可以认为是apache的扩展，但是可以独立于apache运行。Apache Tomcat 4.1.0版本至4.1.39版本, 5.5.0版本至5.5.27版本,以及6.0.0版本至6.0.18版本的样板网络应用程序的日历应用程序中的jsp/cal/cal2.jsp存在跨站脚本攻击漏洞。远程攻击者可以借助与无效HTML相关的时间参数，注入任意web脚本或HTML。",中危,跨站脚本,CNNVD-200903-175,http://www.cnnvd.org.cn/web/xxk/ldxqById.tag?CNNVD=CNNVD-200903-175,目前厂商已经发布了升级补丁以修复这个安全问题，补丁下载链接：http://tomcat.apache.org/security-6.html,远程,Apache Tomcat jsp/cal/cal2.jsp跨站脚本攻击漏洞,1
Apache Tomcat,CVE-2009-0580,Apache Tomcat是一个流行的开放源码的JSP应用服务器程序。Apache Tomcat是一个流行的开放源码的JSP应用服务器程序。 由于某些认证类中的不充分错误检查，如果远程攻击者向Tomcat服务器提交了非法URL编码的口令就可能通过返回判断是否存在所请求的用户名。如果基于表单的认证(j_security_check)使用了任意以下认证域就可以执行这种攻击： * MemoryRealm * DataSourceRealm * JDBCRealm,中危,信息泄露,CNNVD-200906-069,http://www.cnnvd.org.cn/web/xxk/ldxqById.tag?CNNVD=CNNVD-200906-069,目前厂商已经发布了升级补丁以修复这个安全问题，补丁下载链接：http://svn.apache.org/viewvc?rev=747840&view=rev,远程,Apache Tomcat 信息泄露漏洞,1
Apache Tomcat,CVE-2009-0033,Apache Tomcat是美国阿帕奇（Apache）软件基金会的一款轻量级Web应用服务器。该程序实现了对Servlet和JavaServer Page（JSP）的支持。如果Tomcat通过Java AJP连接器接收到了带有无效头的请求，就会关闭AJP连接器而不是返回错误。在这个连接器是mod_jk负载均衡worker成员的情况下，这个成员就会进入出错状态，在大约一分钟的时间内无法使用。,中危,输入验证错误,CNNVD-200906-068,http://www.cnnvd.org.cn/web/xxk/ldxqById.tag?CNNVD=CNNVD-200906-068,目前厂商已经发布了升级补丁以修复这个安全问题，补丁下载链接：http://svn.apache.org/viewvc?rev=742915&view=rev,远程,Apache Tomcat 输入验证错误漏洞,1
Apache Tomcat,CVE-2008-5519,Apache Tomcat是一个流行的开放源码的JSP应用服务器程序。如果恶意客户端向Apache Tomcat服务器的mod_jk模块提交了Content-Length头为空的恶意请求，或在短时间内反复提交相同的请求的话，就可以查看其他用户请求相关的响应。,低危,信息泄露,CNNVD-200904-187,http://www.cnnvd.org.cn/web/xxk/ldxqById.tag?CNNVD=CNNVD-200904-187,目前厂商已经发布了升级补丁以修复这个安全问题，补丁下载链接：http://httpd.apache.org,远程,Apache Tomcat jsp应用服务器程序头信息泄露漏洞,1
Apache Tomcat,CVE-2008-5515,Apache Tomcat是一个流行的开放源码的JSP应用服务器程序。Tomcat在使用RequestDispatcher方式过滤查询字符串之前会首先规范化模板路径名称，如果请求中包含有特制参数的话，就可能通过目录遍历攻击访问受限制的内容，或在WEB-INF目录中锁定内容。,中危,路径遍历,CNNVD-200906-265,http://www.cnnvd.org.cn/web/xxk/ldxqById.tag?CNNVD=CNNVD-200906-265,目前厂商已经发布了升级补丁以修复这个安全问题，补丁下载链接：http://svn.apache.org/viewvc?view=rev&revision=782763,远程,Apache Tomcat 路径遍历漏洞,1
Apache Tomcat,CVE-2008-4308,Apache Tomcat是应用(java)服务器，它只是一个servlet(jsp也翻译成servlet)容器，可以认为是apache的扩展，但是可以独立于apache运行。Apache Tomcat 4.1.32版本至4.1.34版本和5.5.10版本至5.5.20版本的doRead程序在某一错误情况发生时，没有返回一个-1来指示，这会引起Tomcat从一个请求向一个不同的请求发送POST内容。,低危,信息泄露,CNNVD-200902-617,http://www.cnnvd.org.cn/web/xxk/ldxqById.tag?CNNVD=CNNVD-200902-617,目前厂商已经发布了升级补丁以修复这个安全问题，补丁下载链接：http://tomcat.apache.org/security-5.html,远程,Apache Tomcat POST Data 信息泄露漏洞,1
Apache Tomcat,CVE-2008-3271,Apache Tomcat是一个流行的开放源码的JSP应用服务器程序。Apache Tomcat在检查IP地址时存在同步问题，在极少的环境下，可能允许非允许的IP地址绕过RemoteFilterValve过滤器值并访问受保护的内容。仅在使用调试器在两个线程之间强制特定的处理序列的情况下才可以利用这个漏洞。,中危,权限许可和访问控制问题,CNNVD-200810-176,http://www.cnnvd.org.cn/web/xxk/ldxqById.tag?CNNVD=CNNVD-200810-176,目前厂商已经发布了升级补丁以修复这个安全问题，请到厂商的主页下载：http://jakarta.apache.org/tomcat/index.html,远程,Apache Tomcat RemoteFilterValve 绕过安全限制漏洞,1
Apache Tomcat,CVE-2008-2938,Apache Tomcat是一个流行的开放源码的JSP应用服务器程序。Tomacat4.1.0至4.1.37，5.5.0至5.5.26，6.0.0至6.0.16中均存在目录遍历漏洞。当启用allowLinking及UTF-8时，Tomcat在处理请求的编码时存在漏洞，远程攻击者可通过提交包含经编码的目录路径，读取服务器上的任意文件。,中危,路径遍历,CNNVD-200808-165,http://www.cnnvd.org.cn/web/xxk/ldxqById.tag?CNNVD=CNNVD-200808-165,目前厂商已经发布了升级补丁以修复此安全问题，补丁获取链接：http://tomcat.apache.org/security.html,远程,Apache Tomcat UTF-8 目录遍历漏洞,1
Apache Tomcat,CVE-2008-2370,Apache Tomcat是一个流行的开放源码的JSP应用服务器。在使用RequestDispatcher时，删除查询字符串之前会规则化目标路径，这导致远程攻击者可以通过向Apache Tomcat服务器提交包包含..查询请求，使得其可以读取系统上的任意文件。,中危,路径遍历,CNNVD-200808-030,http://www.cnnvd.org.cn/web/xxk/ldxqById.tag?CNNVD=CNNVD-200808-030,目前厂商已经发布了升级补丁以修复此安全问题，补丁获取链接：http://support.apple.com/kb/HT2647,远程,Apache Tomcat RequestDispatcher 信息泄露漏洞,1
Apache Tomcat,CVE-2008-1947,Apache Tomcat是一个流行的开放源码的JSP应用服务器程序。Apache Tomcat的host-manager/html/add文件没有正确地过滤对name参数的输入便返回给了用户，远程攻击者可以通过跨站脚本攻击在登录用户浏览器会话中执行任意HTML和脚本代码。,中危,跨站脚本,CNNVD-200806-068,http://www.cnnvd.org.cn/web/xxk/ldxqById.tag?CNNVD=CNNVD-200806-068,目前厂商已经发布了升级补丁以修复这个安全问题，补丁下载链接：http://jakarta.apache.org/tomcat/index.html,远程,"Apache Tomcat ""host-manager/html/add文件"" 跨站脚本漏洞",1
Apache Tomcat,CVE-2008-1232,"Apache Tomcat是一个流行的开放源码的JSP应用服务器程序。Apache Tomcat 4.1.0到4.1.37,，5.5.0到5.5.26，6.0.0到6.0.16版本存在跨站脚本(XSS)漏洞。远程攻击者可通过构造特殊的HttpServletResponse.sendError()函数调用的message参数，注入任意Web脚本及HTML。",中危,跨站脚本,CNNVD-200808-023,http://www.cnnvd.org.cn/web/xxk/ldxqById.tag?CNNVD=CNNVD-200808-023,目前厂商已经发布了升级补丁以修复这个安全问题，补丁获取链接：http://tomcat.apache.org/,远程,Apache Tomcat HttpServletResponse.sendError()跨站脚本漏洞,1
Apache Tomcat,CVE-2008-0128,Apache Tomcat 5.5.21之前的版本中的SingleSignOn Valve(org.apache.catalina.authenticator.SingleSignOn)未为https session中的JSESSIONidSSO cookie设置安全的标记，这会导致cookie在http请求中被发送出去，并使得远程攻击者更容易获取该cookie。,中危,配置错误,CNNVD-200801-336,http://www.cnnvd.org.cn/web/xxk/ldxqById.tag?CNNVD=CNNVD-200801-336,,远程,Apache Tomcat SingleSignOn 远程信息泄露漏洞,1
Apache Tomcat,CVE-2008-0002,Apache Tomcat当参数处理过程中发生异常时，会处理错误请求的上下文参数，可能允许远程攻击者取得敏感信息，这表现在处理过程中断开，以触发例外。,中危,设计错误,CNNVD-200802-166,http://www.cnnvd.org.cn/web/xxk/ldxqById.tag?CNNVD=CNNVD-200802-166,目前厂商还没有提供补丁或者升级程序，建议使用此软件的用户随时关注厂商的主页以获取最新版本：http://www.yassl.com/,远程,Apache Tomcat 上下文参数错误 信息泄露漏洞,1
Apache Tomcat,CVE-2007-6286,Apache Tomcat，当原本的 ARP 连接被使用时，不能恰当地处理 SSL 端口的空请求，导致允许远程攻击者触发一个最近请求的双份拷贝处理，使用 netcat 发送空请求证明了这一点。,中危,其他,CNNVD-200802-165,http://www.cnnvd.org.cn/web/xxk/ldxqById.tag?CNNVD=CNNVD-200802-165,目前厂商还没有提供补丁或者升级程序，建议使用此软件的用户随时关注厂商的主页以获取最新版本：http://www.yassl.com/,远程,Apache Tomcat SSL端口空请求 设计错误漏洞,1
Apache Tomcat,CVE-2007-5461,Apache Tomcat是一个流行的开放源码的JSP应用服务器程序。如果将Apache Tomcat的WebDAV servlet配置为同上下文使用且允许写访问的话，则远程攻击者可以通过提交指定了SYSTEM标签的WebDAV请求导致泄露任意文件的内容,低危,路径遍历,CNNVD-200710-294,http://www.cnnvd.org.cn/web/xxk/ldxqById.tag?CNNVD=CNNVD-200710-294,目前厂商已经发布了升级补丁以修复这个安全问题，补丁下载链接：http://jakarta.apache.org/tomcat/index.html,远程,Apache Tomcat WebDav远程信息泄露漏洞,1
Apache Tomcat,CVE-2007-5342,Apache Tomcat是一个流行的开放源码的JSP应用服务器程序。Apache Tomcat的JULI日志组件允许Web应用提供自己的日志配置，默认的安全策略没有限制这种配置，允许不可信任的Web应用添加文件，或覆盖Tomcat进程拥有权限的已有文件。,中危,权限许可和访问控制问题,CNNVD-200712-325,http://www.cnnvd.org.cn/web/xxk/ldxqById.tag?CNNVD=CNNVD-200712-325,目前厂商已经发布了升级补丁以修复这个安全问题，补丁下载链接：http://svn.apache.org/viewvc/tomcat/trunk/conf/catalina.policy?r1=606594&r2=606593&pathrev=606594&view=patch,远程,Apache Tomcat JULI日志组件默认安全策略漏洞,1
Apache Tomcat,CVE-2007-5333,Apache Tomcat无法正确处理 cookie 中的(1)双引号()字符或(2)％5C号(编码的反斜杠)序列值，可能会导致比如 会话ID 的敏感信息泄露给远程攻击者，造成会话劫持攻击。注意：此问题存在是因为 CVE-2007-3385 未完全修复。,中危,信息泄露,CNNVD-200802-164,http://www.cnnvd.org.cn/web/xxk/ldxqById.tag?CNNVD=CNNVD-200802-164,目前厂商还没有提供补丁或者升级程序，建议使用此软件的用户随时关注厂商的主页以获取最新版本：http://www.yassl.com/,远程,Apache Tomcat cookie 序列值 敏感信息泄露漏洞,1
Apache Tomcat,CVE-2007-4724,Apache Tomcat 4.1.31版本的日历范例应用程序中的cal2.jsp中存在跨站请求伪造漏洞。远程攻击者可以借助time和description参数像任意用户一样添加事件。,中危,跨站请求伪造,CNNVD-200709-033,http://www.cnnvd.org.cn/web/xxk/ldxqById.tag?CNNVD=CNNVD-200709-033,目前厂商已经发布了升级补丁以修复这个安全问题，补丁下载链接：Apache Software Foundation Tomcat 4.1,远程,Apache Tomcat Cal2.JSP 跨站脚本攻击漏洞,1
Apache Tomcat,CVE-2007-3386,Apache Tomcat是一个流行的开放源码的JSP应用服务器程序。Apache Tomcat实现上存在输入验证漏洞，远程攻击者可能利用引漏洞导致跨站脚本执行。Apache Tomcat的Host Manager Servlet没有正确地过滤用户输入，如果用户向服务器提交了恶意请求的话就可以执行跨站脚本攻击，导致注入并执行任意HTML和Web脚本,中危,跨站脚本,CNNVD-200708-229,http://www.cnnvd.org.cn/web/xxk/ldxqById.tag?CNNVD=CNNVD-200708-229,目前厂商已经发布了升级补丁以修复这个安全问题，补丁下载链接：http://apache.mirror.rafal.ca/tomcat/tomcat-6/v6.0.14/bin/apache-tomcat-6.0.14.tar.gz,远程,Apache Tomcat Host Manager Servlet跨站脚本执行漏洞,1
Apache Tomcat,CVE-2007-3385,Apache Tomcat是一个流行的开放源码的JSP应用服务器程序。Apache Tomcat没有正确地处理Cookie值中的 字符序列，且错误地将Cookie值中的单引号处理为分隔符，在某些情况下，这可能导致泄露敏感信息，如会话ID。,中危,信息泄露,CNNVD-200708-210,http://www.cnnvd.org.cn/web/xxk/ldxqById.tag?CNNVD=CNNVD-200708-210,目前厂商已经发布了升级补丁以修复这个安全问题，补丁下载链接：http://apache.mirror.rafal.ca/tomcat/tomcat-6/v6.0.14/bin/apache-tomcat-6.0.14.tar.gz,远程,Apache Tomcat Cookie 敏感信息泄露漏洞,1
Apache Tomcat,CVE-2007-3384,Apache Tomcat 3.3至3.3.2版本的examples/servlet/CookieExample中存在多个跨站脚本攻击漏洞。远程攻击者可以借助(1) Name 或 (2) Value 字段，注入任意web脚本或HTML。该漏洞与错误信息相关。,中危,跨站脚本,CNNVD-200708-096,http://www.cnnvd.org.cn/web/xxk/ldxqById.tag?CNNVD=CNNVD-200708-096,目前厂商已经发布了升级补丁以修复这个安全问题，补丁下载链接：Apache Software Foundation Tomcat 3.3.2,远程,Apache Tomcat Error Message Reporting 跨站脚本攻击漏洞,1
Apache Tomcat,CVE-2007-3383,Apache Tomcat 4.0.0至4.0.6版本和4.1.0至4.1.36版本的examples web应用程序(examples/jsp/mail/sendmail.jsp)的SendMailServlet中存在跨站脚本攻击漏洞。远程攻击者可以借助From字段和其它可能的字段，注入任意web脚本或HTML。该漏洞与错误信息的产生相关。,中危,其他,CNNVD-200707-446,http://www.cnnvd.org.cn/web/xxk/ldxqById.tag?CNNVD=CNNVD-200707-446,,远程,Apache Tomcat SendMailServlet 跨站脚本攻击漏洞,1
Apache Tomcat,CVE-2007-3382,Apache Tomcat是一个流行的开放源码的JSP应用服务器程序。Apache Tomcat没有正确地处理Cookie值中的 字符序列，且错误地将Cookie值中的单引号处理为分隔符，在某些情况下，这可能导致泄露敏感信息，如会话ID。,中危,信息泄露,CNNVD-200708-217,http://www.cnnvd.org.cn/web/xxk/ldxqById.tag?CNNVD=CNNVD-200708-217,目前厂商已经发布了升级补丁以修复这个安全问题，补丁下载链接：http://apache.mirror.rafal.ca/tomcat/tomcat-6/v6.0.14/bin/apache-tomcat-6.0.14.tar.gz,远程,Apache Tomcat Cookie敏感信息泄露漏洞,1
Apache Tomcat,CVE-2007-2450,Apache Tomcat是一个流行的开放源码的JSP应用服务器程序。Apache Tomcat的某些应用存在输入验证漏洞，远程攻击者可能利用此漏洞执行跨站脚本执行攻击。Apache Tomcat的Manager和Host Manager Web应用没有对表单字段参数的输入进行转义，允许通过认证的攻击者通过manager/html/upload的参数名注入任意Web脚本或HTML，执行跨站脚本攻击。,低危,跨站脚本,CNNVD-200706-259,http://www.cnnvd.org.cn/web/xxk/ldxqById.tag?CNNVD=CNNVD-200706-259,临时解决方法：* 完成管理任务后立即注销Manager或Host Manager应用(关闭浏览器)：,远程,Apache Tomcat Manager和Host Manage跨站脚本执行漏洞,1
Apache Tomcat,CVE-2007-2449,Apache Tomcat是一个流行的开放源码的JSP应用服务器程序。Apache Tomcat的示例Web应用程序中的某些JSP文件没有转义某些用户输入，允许远程攻击者通过包含有；字符的特制URI请求执行跨站脚本攻击，向用户浏览器会话注入并执行任意Web脚本或HTML代码。,中危,其他,CNNVD-200706-247,http://www.cnnvd.org.cn/web/xxk/ldxqById.tag?CNNVD=CNNVD-200706-247,临时解决方法：* 不要安装示例web应用程序。,远程,Apache Tomcat JSP示例Web应用跨站脚本执行漏洞,1
Apache Tomcat,CVE-2007-1860,Mac OS X是苹果家族计算机所使用的操作系统。Apple Mac OS X中Tomcat实现导致跨站脚本执行和信息泄露漏洞。Tomcat实现上存在多个漏洞，可能导致跨站脚本执行和信息泄露,中危,路径遍历,CNNVD-200705-492,http://www.cnnvd.org.cn/web/xxk/ldxqById.tag?CNNVD=CNNVD-200705-492,目前厂商已经发布了升级补丁以修复这个安全问题，补丁下载链接：http://docs.info.apple.com/article.html?artnum=306172,远程,Apple Mac OS X  Tomcat实现导致跨站脚本执行和信息泄露漏洞,1
Apache Tomcat,CVE-2007-1858,"Apache Tomcat 中的默认的SSL密码配置使用特定的不安全的密码,包括匿名密码，这使得远程攻击者可以获得敏感信息或造成其他未明影响。",低危,其他,CNNVD-200705-149,http://www.cnnvd.org.cn/web/xxk/ldxqById.tag?CNNVD=CNNVD-200705-149,目前厂商已经发布了升级补丁以修复此安全问题，补丁获取链接：http://archive.apache.org/dist/tomcat/tomcat-4/v4.1.32/bin/apache-tomcat-4.1.32.zip,远程,Apache Tomcat SSL Anonymous Cipher 配置信息泄露漏洞,1
Apache Tomcat,CVE-2007-1358,Mac OS X是苹果家族计算机所使用的操作系统。Apple Mac OS X Tomcat 信息泄露漏洞。Tomcat实现上存在多个漏洞，可能导致跨站脚本执行和信息泄露。,低危,跨站脚本,CNNVD-200705-175,http://www.cnnvd.org.cn/web/xxk/ldxqById.tag?CNNVD=CNNVD-200705-175,目前厂商已经发布了升级补丁以修复这个安全问题，补丁下载链接：http://docs.info.apple.com/article.html?artnum=306172,远程,Apple Mac OS X Tomcat 信息泄露漏洞,1
Apache Tomcat,CVE-2007-0774,Apache Tomcat是一个流行的开放源码的JSP应用服务器程序。Apache Tomcat JK Web Server Connector的mod_jk.so库URI处理器map_uri_to_worker()是在native/common/jk_uri_worker_map.c文件中定义的。当该库在解析超过4095字节的超长URL请求时URI worker映射例程没有执行安全的内存拷贝，导致栈溢出。成功利用这个漏洞的攻击者可以导致拒绝服务或执行任意指令。,高危,其他,CNNVD-200703-157,http://www.cnnvd.org.cn/web/xxk/ldxqById.tag?CNNVD=CNNVD-200703-157,目前厂商已经发布了升级补丁以修复这个安全问题，补丁下载链接：http://www.apache.org/dist/tomcat/tomcat-connectors/jk/source/jk-1.2.21/tomcat-connectors-1.2.21-src.tar.gz,远程,Apache Tomcat JK Web Server Connector超长URL栈溢出漏洞,1
Apache Tomcat,CVE-2007-0450,Apache Tomcat是一个流行的开放源码的JSP应用服务器程序。如果将Apache HTTP服务器和Tomcat配置为与常见的代理模块(mod_proxy、mod_rewrite、mod_jk)交互操作的话，攻击者就可以非授权访问预期目标路径以外的目录，直至Tomcat中的Web根目录。Apache中可接受的唯一目录分隔字符是斜线(/)，但Tomcat允许URI编码的字符，如/、或%5C等，这允许攻击者通过特制的HTTP请求执行访问受保护的文件。,中危,路径遍历,CNNVD-200703-400,http://www.cnnvd.org.cn/web/xxk/ldxqById.tag?CNNVD=CNNVD-200703-400,目前厂商已经发布了升级补丁以修复这个安全问题，补丁下载链接：http://gulus.usherbrooke.ca/pub/appl/apache/tomcat/tomcat-5/v5.5.23/bin/apache-tomcat-5.5.23.tar.gz,远程,Apache HTTP Server Tomcat远程目录访问漏洞,1
Apache Tomcat,CVE-2006-7197,Apache Tomcat的AJP连接器为chunks使用不正确的长度，这会造成缓冲区重读，并且远程攻击者可以读取部分敏感的内存信息。,高危,其他,CNNVD-200704-491,http://www.cnnvd.org.cn/web/xxk/ldxqById.tag?CNNVD=CNNVD-200704-491,厂商发布了修复补丁以解决该漏洞。,远程,Apache Tomcat AJP连接器信息泄露漏洞,1
Apache Tomcat,CVE-2006-7196,Apache Tomcat 的日历应用程序例子中存在跨站脚本攻击漏洞。远程攻击者可以借助提交到cal2.jsp的时间参数和其他未明参数，注入任意的web脚本或HTML。注意：此漏洞可能与CVE-2006-0254.1有关。,中危,跨站脚本,CNNVD-200705-153,http://www.cnnvd.org.cn/web/xxk/ldxqById.tag?CNNVD=CNNVD-200705-153,目前厂商已经发布了升级补丁以修复这个安全问题，补丁下载链接：http://archive.apache.org/dist/tomcat/tomcat-4/v4.1.32/,远程,Apache Tomcat Cal2.JSP 跨站脚本攻击漏洞,1
Apache Tomcat,CVE-2006-7195,Apache Tomcat 的implicit-objects.jsp中存在跨站脚本攻击漏洞。远程攻击者可以借助特定的header值，注入任意的web脚本或HTML。,中危,跨站脚本,CNNVD-200705-187,http://www.cnnvd.org.cn/web/xxk/ldxqById.tag?CNNVD=CNNVD-200705-187,,远程,Apache Tomcat implicit-objects.jsp 跨站脚本攻击漏洞,1
Apache Tomcat,CVE-2006-3835,Apache Tomcat是一个流行的开放源码的JSP应用服务器程序。Apache Tomcat的初始配置允许在目录下没有index.jsp之类的欢迎文件时列出目录下的文件列表，远程攻击者可能利用这个问题列出没有配置好的服务器的某些目录下的文件列表，导致敏感信息泄露。,中危,其他,CNNVD-200607-442,http://www.cnnvd.org.cn/web/xxk/ldxqById.tag?CNNVD=CNNVD-200607-442,目前厂商还没有提供补丁或者升级程序，我们建议使用此软件的用户随时关注厂商的主页以获取最新版本：http://jakarta.apache.org/tomcat/index.html,远程,Apache Tomcat远程目录 index.jsp信息泄露漏洞,1
Apache Tomcat,CVE-2005-4838,Jakarta Tomcat 5.5.6及更早版本的示例web应用程序存在多个跨站脚本攻击漏洞，远程攻击者可以通过在examples/jsp2/内的(1)el/functions.jsp，(2)el/implicit-objects.jsp和(3)jspx/textRotate.jspx，如通过snp/snoop.jsp请求内的脚本，来 注入任意Web脚本或HTML。,中危,跨站脚本,CNNVD-200512-803,http://www.cnnvd.org.cn/web/xxk/ldxqById.tag?CNNVD=CNNVD-200512-803,,远程,Apache Software Foundation Tomcat跨站脚本攻击漏洞,1
Apache Tomcat,CVE-2005-4836,Apache Tomcat 4.1.15及其后续版本中的HTTP/1.1 connector在配置了allowLinking时并未在URL中注入空字节，因此，远程攻击者可以读取JSP源文件并获取敏感信息。,高危,信息泄露,CNNVD-200512-735,http://www.cnnvd.org.cn/web/xxk/ldxqById.tag?CNNVD=CNNVD-200512-735,,远程,Apache Tomcat allowLinking接受URI空字节信息泄露漏洞,1
Apache Tomcat,CVE-2005-4703,Apache Tomcat 4.0.3在Windows上运行时，远程攻击者可以通过请求含有MS-DOS设备名如lpt9的文件，导致在出错信息中泄漏路径名，从而获取敏感信息。如使用Nikto的lpt9.xtp。,中危,其他,CNNVD-200512-719,http://www.cnnvd.org.cn/web/xxk/ldxqById.tag?CNNVD=CNNVD-200512-719,目前厂商已经发布了升级补丁以修复此安全问题，补丁获取链接：http://mirror.lemonfree.com/apache/tomcat/tomcat-4/v4.1.37/bin/apache-tomcat-4.1.37.tar.gz,远程,Apache Tomcat请求含MS-DOS设备名信息泄露漏洞,1
Apache Tomcat,CVE-2005-3510,Apache Tomcat是一个流行的开放源码的JSP应用服务器程序。Apache Tomcat在为包含有很多文件的web目录生成目录列表时存在拒绝服务漏洞。攻击者可以向上述目录发送大量并发请求，这样其他用户就无法再访问目录，导致服务器消耗大量CPU资源。这个漏洞仅影响正在列出的目录。其他Web目录中的文件或应用程序不受影响。,中危,其他,CNNVD-200511-135,http://www.cnnvd.org.cn/web/xxk/ldxqById.tag?CNNVD=CNNVD-200511-135,目前厂商已经发布了升级补丁以修复此安全问题，补丁获取链接：http://jakarta.apache.org/tomcat/index.html,远程,Apache Tomcat目录列表拒绝服务漏洞,1
Apache Tomcat,CVE-2005-0808,Apache Tomcat 5.x之前的版本，允许远程攻击者通过精心编制的针对TCP端口8007的AJP12数据包来引起拒绝服务(应用程序崩溃)攻击。,中危,其他,CNNVD-200505-431,http://www.cnnvd.org.cn/web/xxk/ldxqById.tag?CNNVD=CNNVD-200505-431,目前厂商已经发布了升级补丁以修复这个安全问题，补丁下载链接：Apache Software Foundation Tomcat 3.0,远程,Apache Tomcat 拒绝服务漏洞,1
Apache Tomcat,CVE-2003-0042,"Apache Tomcat是一个流行的开放源码的JSP应用服务器程序。
Apache Tomcat JDK 1.3.1及其以前版本的软件实现上存在漏洞，远程攻击者可能利用此漏洞获取服务器上目录和文件的内容。
Apache Tomcat对存在空字节(%00)和反斜杠('＼')字符的web请求的处理上存在漏洞，可能会泄漏目录和文件的内容。",中危,输入验证,CNNVD-200302-018,http://www.cnnvd.org.cn/web/xxk/ldxqById.tag?CNNVD=CNNVD-200302-018,"厂商补丁：
Debian
------
Debian已经为此发布了一个安全公告(DSA-246-1)以及相应补丁:DSA-246-1：New tomcat packages fix information exposure and cross site scripting",远程,Apache Tomcat空字节目录/文件泄漏漏洞,1
Apache Tomcat,CVE-2002-2272,"Apache Webserver和Tomcat是由Apache项目组开发和维护的HTTP服务程序，可运行在Unix，Linux和Windows操作系统下。
mod_jk模块设计存在问题，远程攻击者可以利用这个漏洞发送畸形请求而使Apache Web服务程序在Apache和Tomcat之间不能同步，导致拒绝服务攻击。
Mod_jk是一款Apache模块，允许Apache透明地提交WEB请求给Tomcat引擎，支持多种协议。当这些组件组合在一起时，由mod_jk实现的通信协议存在漏洞允许恶意用户Apache-Tomcat之间通信不同步。攻击者可以连接目标机器，提交几个包含非法分块编码数据的畸形WEB请求，由于Mod_jk不正确解析分块请求，重复的请求可以导致服务程序停止对正常服务的应答。",高危,缓冲区溢出,CNNVD-200212-149,http://www.cnnvd.org.cn/web/xxk/ldxqById.tag?CNNVD=CNNVD-200212-149,"厂商补丁：
Apache Software Foundation
--------------------------
目前厂商已经发布了升级补丁以修复这个安全问题，请到厂商的主页下载：http://jakarta.apache.org/tomcat/index.html",远程,Apache/Tomcat Mod_JK分块编码远程拒绝服务攻击漏洞,1
Apache Tomcat,CVE-2002-2009,Apache Tomcat是一款免费的支持JSP实现的WEB服务程序。Apache Tomcat对特殊URL请求处理存在漏洞，可导致系统敏感信息泄露。攻击者可以提交包含特殊畸形的URL给Apache Tomcat服务器，可导致服务程序返回包含Web ROOT绝对路径的信息给攻击者。攻击者可以根据这些敏感信息对系统进一步进行攻击。,中危,其他,CNNVD-200212-139,http://www.cnnvd.org.cn/web/xxk/ldxqById.tag?CNNVD=CNNVD-200212-139,临时解决方法：如果您不能立刻安装补丁或者升级，CNNVD建议您采取以下措施以降低威胁：,远程,Apache Tomcat存在路径泄露漏洞,1
Apache Tomcat,CVE-2002-2008,Windows平台下的Apache Tomcat 4.0.3存在漏洞。远程攻击者可以借助不存在源的HTTP请求获取web根路径，该漏洞会在错误消息中泄露信息。,中危,其他,CNNVD-200212-412,http://www.cnnvd.org.cn/web/xxk/ldxqById.tag?CNNVD=CNNVD-200212-412,A newer version of Apache Tomcat addresses this vulnerability.Apache Software Foundation Tomcat 4.0.3,远程,Apache Tomcat Web根路径泄露漏洞,1
Apache Tomcat,CVE-2002-2007,"Apache Tomcat是一款由Apache Foundation维护的免费开放源代码的Web服务器程序。
Apache Tomcat中的realPath.jsp对用户提交的请求处理存在漏洞，可导致远程攻击者获得系统路径相关的信息。
Apache Tomcat安装后会提供在Web目录下建立test目录，并提供几个样例脚本，其中包括Source.JSP，攻击者可以直接请求Source.JSP，导致脚本返回Web目录安装路径信息。",中危,设计错误,CNNVD-200212-132,http://www.cnnvd.org.cn/web/xxk/ldxqById.tag?CNNVD=CNNVD-200212-132,"临时解决方法：
如果您不能立刻安装补丁或者升级，CNNVD建议您采取以下措施以降低威胁：* 删除source.jsp或者使用.htaccess限制用户对脚本的访问。
厂商补丁：
Apache Software Foundation
--------------------------
目前厂商还没有提供补丁或者升级程序，我们建议使用此软件的用户随时关注厂商的主页以获取最新版本：",远程,Apache Tomcat Source.JSP畸形请求导致信息泄露漏洞,1
Apache Tomcat,CVE-2002-2006,Apache Tomcat是一款免费的用于JAVA Servlet和Javaserver页技术的Servlet实现。Apache Tomcat包含的两个样例类存在漏洞，可导致系统敏感信息泄露。攻击者可以向服务器请求Tomcat包含的两个样例类(SnoopServlet 和 TroubleShooter)，可导致服务程序返回包含Tomcat安装路径的信息给攻击者。攻击者可以根据这些敏感信息对系统进一步进行攻击。,中危,其他,CNNVD-200212-677,http://www.cnnvd.org.cn/web/xxk/ldxqById.tag?CNNVD=CNNVD-200212-677,临时解决方法：如果您不能立刻安装补丁或者升级，CNNVD建议您采取以下措施以降低威胁：,远程,Apache Tomcat Servlet泄露安装路径漏洞,1
Apache Tomcat,CVE-2002-1895,Jakarta Apache Tomcat 3.3版本和4.0.4版本的控制器引擎在使用IIS以及ajp1.3连接器时存在漏洞。远程攻击者可以借助MS-DOS设备的大量HTTP GET请求，例如：AUX、LPT1、CON或PRN，导致服务拒绝（崩溃）。,中危,其他,CNNVD-200212-514,http://www.cnnvd.org.cn/web/xxk/ldxqById.tag?CNNVD=CNNVD-200212-514,,远程,Jakarta Apache Tomcat控制器引擎服务拒绝漏洞,1
Apache Tomcat,CVE-2002-1567,Apache Tomcat 4.1版本存在跨站脚本(XSS)漏洞。远程攻击者借助带有编码换行符的URL执行任意web脚本和盗取cookies，该换行符后面接有名字包含脚本的.jsp文件请求。,中危,其他,CNNVD-200310-009,http://www.cnnvd.org.cn/web/xxk/ldxqById.tag?CNNVD=CNNVD-200310-009,,远程,Apache Tomcat跨站脚本漏洞,1
Apache Tomcat,CVE-2002-1394,Apache Apache Tomcat是美国阿帕奇（Apache）软件基金会下属的Jakarta项目的一款轻量级Web应用服务器，它主要用于开发和调试JSP程序，适用于中小型系统。可运行在Unix、Linux和Windows操作系统下。Apache Tomcat不正确处理用户提交的恶意Servlet请求，远程攻击者可以利用这个漏洞获得JSP源代码或其他受保护资源信息。此漏洞允许攻击者提交恶意构建的URL，使Apache Tomcat返回未被处理的JSP页面代码，在某些特殊情况下，可以未授权获得受安全保护的页面信息。,高危,其他,CNNVD-200301-017,http://www.cnnvd.org.cn/web/xxk/ldxqById.tag?CNNVD=CNNVD-200301-017,临时解决方法：如果您不能立刻安装补丁或者升级，CNNVD建议您采取以下措施以降低威胁：,远程,Apache Tomcat调用Servlet文件泄露漏洞,1
Apache Tomcat,CVE-2002-0935,Apache Tomcat是一款由Apache Foundation维护的免费开放源代码的Web服务器程序。Apache Tomcat在处理包含NULL字符的特殊请求时存在漏洞，远程攻击者可以利用此漏洞进行拒绝服务攻击。攻击者可以通过提交包含大量NULL字符的请求给Apache Tomcat服务程序，可使服务器程序的线程崩溃，默认安装启动75个工作线程，意味发送类似请求75次可以导致Apache Tomcat服务程序停止响应。,中危,其他,CNNVD-200210-159,http://www.cnnvd.org.cn/web/xxk/ldxqById.tag?CNNVD=CNNVD-200210-159,临时解决方法：如果您不能立刻安装补丁或者升级，CNNVD建议您采取以下措施以降低威胁：,远程,Apache Tomcat NULL字符畸形请求远程拒绝服务攻击漏洞,1
Apache Tomcat,CVE-2002-0682,Apache Tomcat 4.0.3版本存在跨站脚本漏洞。远程攻击者可以像其他web用户借助带/servlet/绘图的URL脚本执行脚本，该漏洞在控制器抛出异常脚本时不过滤脚本。,高危,其他,CNNVD-200207-072,http://www.cnnvd.org.cn/web/xxk/ldxqById.tag?CNNVD=CNNVD-200207-072,"Currently we are not aware of any vendor-supplied patches for this issue. If you feel we are in error or are aware of more recent information, please mail us at: vuldb@securityfocus.com .",远程,Apache Tomcat控制器绘图跨站脚本漏洞,1
Apache Tomcat,CVE-2002-0493,Apache Tomcat读取web.xml碰到错误启动时无适当安全设置。远程攻击者可以利用该漏洞绕过预期限制。,高危,安全特征问题,CNNVD-200208-126,http://www.cnnvd.org.cn/web/xxk/ldxqById.tag?CNNVD=CNNVD-200208-126,,远程,Apache Tomcat 安全特征问题漏洞,1
Apache Tomcat,CVE-2001-0829,Apache Tomcat 3.2.1版本存在跨站脚本漏洞。恶意网络管理员在.JSP文件请求中嵌入Javascript，该漏洞导致Javascript插入到出错消息中。,中危,跨站脚本,CNNVD-200112-026,http://www.cnnvd.org.cn/web/xxk/ldxqById.tag?CNNVD=CNNVD-200112-026,"It has been suggested that this issue is rectified in versions 4.0-beta-2 and 3.2.2-beta-5 of Tomcat, although this has not been directly confirmed by the vendor.",远程,Apache Tomcat跨站脚本漏洞,1
Apache Tomcat,CVE-2001-0590,Apache Software Foundation Tomcat Servlet 3.2.2之前的版本存在漏洞。远程攻击者借助畸形的URL请求读取任意'jsp'文件的源代码，该URL请求不以HTTP协议规范(i.e. HTTP/1.0)结束。,中危,未知,CNNVD-200108-021,http://www.cnnvd.org.cn/web/xxk/ldxqById.tag?CNNVD=CNNVD-200108-021,,远程,Apache Software Foundation Tomcat Servlet读取任意jsp文件的源代码漏洞,1
Apache Tomcat,CVE-2000-1210,Apache Tomcat 3.1版本的source.jsp存在目录遍历漏洞。远程攻击者借助source.jsp的 .. (点 点)参数读取任意文件。,中危,路径遍历,CNNVD-200203-046,http://www.cnnvd.org.cn/web/xxk/ldxqById.tag?CNNVD=CNNVD-200203-046,,远程,Apache Tomcat source.jsp目录遍历漏洞,1
Apache Tomcat,CVE-2000-0760,"Apache Apache Tomcat是美国阿帕奇（Apache）软件基金会下属的Jakarta项目的一款轻量级Web应用服务器，它主要用于开发和调试JSP程序，适用于中小型系统。
Tomcat的snoop servlet组件存在一个安全问题，可能会泄漏服务器的敏感信息。
向Tomcat请求一个不存在的以 .snp 为扩展名的文件就会从服务器返回很多对入侵者很有用的信息，包括Web绝对路径，操作系统类型等。",中危,设计错误,CNNVD-200010-122,http://www.cnnvd.org.cn/web/xxk/ldxqById.tag?CNNVD=CNNVD-200010-122,"厂商补丁：
Apache Group
------------
目前厂商已经发布了升级补丁以修复这个安全问题，请到厂商的主页下载：http://jakarta.apache.org/tomcat/index.html",远程,Apache Tomcat Snoop Servlet远程信息泄漏漏洞,1
Apache Tomcat,CVE-2000-0759,"Apache Group Tomcat是一个免费开放源码的JSP服务器程序。
Apache Group Tomcat 3.1在处理不存在的JSP文件请求时存在问题，远程攻击者可能借此收集到服务器相关的配置信息。
当向Apache Group Tomcat 3.1提交请求，访问一个不存在的JSP文件时，服务器返回太多敏感信息，包括WEB服务物理路径。这些信息潜在损害着系统安全性，有可能被攻击者利用。",中危,设计错误,CNNVD-200010-134,http://www.cnnvd.org.cn/web/xxk/ldxqById.tag?CNNVD=CNNVD-200010-134,"厂商补丁：
Apache Group
------------
目前厂商还没有提供补丁或者升级程序，我们建议使用此软件的用户随时关注厂商的主页以获取最新版本：http://jakarta.apache.org/tomcat/index.html",远程,Apache Tomcat 3.1远程泄露服务器信息漏洞,1
