Apache Ant,CVE-2020-1945,Apache Ant是美国阿帕奇软件（Apache Software）基金会的一套用于Java软件开发的自动化工具。该工具主要用于软件的编译、测试和部署等。Apache Ant 1.1版本至1.9.14版本和1.10.0版本至1.10.7版本中存在安全漏洞。攻击者可利用该漏洞泄漏敏感信息。,中危,信息泄露,CNNVD-202005-777,http://www.cnnvd.org.cn/web/xxk/ldxqById.tag?CNNVD=CNNVD-202005-777,目前厂商已发布升级补丁以修复漏洞，补丁获取链接：https://ant.apache.org/security.html,本地,Apache Ant 信息泄露漏洞,
Apache Ant,CVE-2012-2098,Apache Ant是美国阿帕奇（Apache）软件基金会的一套用于Java软件开发的自动化工具。该工具主要用于软件的编译、测试和部署等。Apache Commons Compress用以实现将文件压缩或解压成tar、zip、bzip2等格式。,中危,加密问题,CNNVD-201205-462,http://www.cnnvd.org.cn/web/xxk/ldxqById.tag?CNNVD=CNNVD-201205-462,目前厂商已经发布了升级补丁以修复此安全问题，补丁获取链接：http://ant.apache.org/security.html,远程,Apache Commons Compress和Apache Ant 拒绝服务漏洞,
OpenConnect,CVE-2020-12823,OpenConnect是一款用于连接虚拟专用网络的开源应用程序。OpenConnect 8.09版本中存在缓冲区错误漏洞。攻击者可通过发送特制证书数据到gnutls.c文件中的get_cert_name利用该漏洞导致拒绝服务（应用程序崩溃）。,超危,缓冲区错误,CNNVD-202005-669,http://www.cnnvd.org.cn/web/xxk/ldxqById.tag?CNNVD=CNNVD-202005-669,目前厂商已发布升级补丁以修复漏洞，补丁获取链接：https://gitlab.com/openconnect/openconnect/-/merge_requests/108,远程,OpenConnect 缓冲区错误漏洞,
OpenConnect,CVE-2020-12105,OpenConnect是一款用于连接虚拟专用网络的开源应用程序。OpenConnect 8.08及之前版本中存在安全漏洞，该漏洞源于程序没有正确处理调用‘ X509_check_’函数所返回的负值。攻击者可利用该漏洞执行中间人攻击。,中危,输入验证错误,CNNVD-202004-1997,http://www.cnnvd.org.cn/web/xxk/ldxqById.tag?CNNVD=CNNVD-202004-1997,目前厂商暂未发布修复措施解决此安全问题，建议使用此软件的用户随时关注厂商主页或参考网址以获取解决办法：https://www.infradead.org/,远程,OpenConnect 输入验证错误漏洞,
OpenConnect,CVE-2019-16239,OpenConnect是一款用于连接虚拟专用网络的开源应用程序。OpenConnect 8.05之前版本中的‘process_http_response’函数存在缓冲区错误漏洞。该漏洞源于网络系统或产品在内存上执行操作时，未正确验证数据边界，导致向关联的其他内存位置上执行了错误的读写操作。攻击者可利用该漏洞导致缓冲区溢出或堆溢出等。,超危,缓冲区错误,CNNVD-201909-786,http://www.cnnvd.org.cn/web/xxk/ldxqById.tag?CNNVD=CNNVD-201909-786,目前厂商已发布升级补丁以修复漏洞，详情请关注厂商主页：https://www.infradead.org,远程,OpenConnect 缓冲区错误漏洞,
OpenConnect,CVE-2013-7098,OpenConnect VPN client（使用GnuTLS）5.02之前版本中存在缓冲区错误漏洞。该漏洞源于网络系统或产品在内存上执行操作时，未正确验证数据边界，导致向关联的其他内存位置上执行了错误的读写操作。攻击者可利用该漏洞导致缓冲区溢出或堆溢出等。,中危,缓冲区错误,CNNVD-202002-781,http://www.cnnvd.org.cn/web/xxk/ldxqById.tag?CNNVD=CNNVD-202002-781,目前厂商已发布升级补丁以修复漏洞，补丁获取链接：http://www.infradead.org/openconnect/changelog.html,远程,OpenConnect VPN client 缓冲区错误漏洞,
OpenConnect,CVE-2012-6128,OpenConnect是思科AnyConnect VPN的一个开放客户端。OpenConnect 4.08之前版本中的http.c中存在多个基于栈的缓冲区溢出漏洞。通过在响应中加入较长的（1）主机名，（2）路径，或者（3）cookie列表，远程VPN网关攻击者可利用该漏洞导致拒绝服务（应用程序崩溃）。,中危,缓冲区溢出,CNNVD-201302-382,http://www.cnnvd.org.cn/web/xxk/ldxqById.tag?CNNVD=CNNVD-201302-382,目前厂商已经发布了升级补丁以修复此安全问题，补丁获取链接：http://git.infradead.org/users/dwmw2/openconnect.git/commitdiff/26f752c3dbf69227679fc6bebb4ae071aecec491,远程,OpenConnect VPN Gateway 基于栈的缓冲区溢出漏洞,
OpenConnect,CVE-2012-3291,OpenConnect是思科AnyConnect VPN的一个开放客户端。OpenConnect 3.18版本中存在基于堆的缓冲区溢出漏洞。远程服务器可借助特制的问候页旗导致拒绝服务。,高危,缓冲区溢出,CNNVD-201206-112,http://www.cnnvd.org.cn/web/xxk/ldxqById.tag?CNNVD=CNNVD-201206-112,目前厂商已经发布了升级补丁以修复此安全问题，补丁获取链接：http://www.infradead.org/openconnect/changelog.html,远程,OpenConnect缓冲区溢出漏洞,
OpenConnect,CVE-2010-3903,OpenConnect 是思科AnyConnect VPN的一个开放客户端。OpenConnect 2.23之前的版本中存在未明漏洞。远程AnyConnect SSL VPN服务器可以借助404 HTTP状态代码导致拒绝服务(应用程序崩溃)。,中危,资料不足,CNNVD-201010-216,http://www.cnnvd.org.cn/web/xxk/ldxqById.tag?CNNVD=CNNVD-201010-216,目前厂商已经发布了升级补丁以修复此安全问题，补丁获取链接：http://www.infradead.org/openconnect.html,远程,Infradead OpenConnect拒绝服务攻击漏洞,
OpenConnect,CVE-2010-3902,OpenConnect 是思科AnyConnect VPN的一个开放客户端。OpenConnect 2.26之前的版本在调试输出中放置了webvpn cookie值。远程攻击者可以通过发送到公共openconnect-devel邮件列表的输出获取敏感信息。,中危,信息泄露,CNNVD-201010-217,http://www.cnnvd.org.cn/web/xxk/ldxqById.tag?CNNVD=CNNVD-201010-217,目前厂商已经发布了升级补丁以修复此安全问题，补丁获取链接：http://www.infradead.org/openconnect.html,远程,Infradead openconnect信息泄露漏洞,
OpenConnect,CVE-2010-3901,OpenConnect 是思科AnyConnect VPN的一个开放客户端。OpenConnect 2.25之前的版本不能正确校验X.509证书。中间人攻击者可以借助(1)不符合服务器的主机名或者(2)提出涉及missing --cafile配置选项相关情况下特制的服务器证书欺骗任意AnyConnect SSL VPN服务器。,中危,输入验证,CNNVD-201010-218,http://www.cnnvd.org.cn/web/xxk/ldxqById.tag?CNNVD=CNNVD-201010-218,目前厂商已经发布了升级补丁以修复此安全问题，补丁获取链接：http://www.infradead.org/openconnect.html,远程,Infradead openconnect输入验证漏洞,
OpenConnect,CVE-2009-5009,OpenConnect 是思科AnyConnect VPN的一个开放客户端。OpenConnect 1.40之前的版本中存在双重释放漏洞。远程AnyConnect SSL VPN服务器可以借助在重连接操作中特制的DTLS Cipher选项导致拒绝服务(应用程序崩溃)或者可能引起其他未明影响。,中危,资源管理错误,CNNVD-201010-224,http://www.cnnvd.org.cn/web/xxk/ldxqById.tag?CNNVD=CNNVD-201010-224,目前厂商已经发布了升级补丁以修复此安全问题，补丁获取链接：http://www.infradead.org/openconnect.html,远程,Infradead OpenConnect双重释放漏洞,
Microsoft Visual Studio Code,CVE-2019-0546,Microsoft Visual Studio 2017是美国微软（Microsoft）公司的一款开发工具套件系列产品，也是一个基本完整的开发工具集，它包括了整个软件生命周期中所需要的大部分工具。,高危,缓冲区错误,CNNVD-201901-174,http://www.cnnvd.org.cn/web/xxk/ldxqById.tag?CNNVD=CNNVD-201901-174,目前厂商已发布升级补丁以修复漏洞，补丁获取链接：https://portal.msrc.microsoft.com/zh-CN/security-guidance/advisory/CVE-2019-0546,本地,Microsoft Visual Studio 2017 缓冲区错误漏洞,
Microsoft Visual Studio Code,CVE-2018-8232,Microsoft Visual Studio是美国微软（Microsoft）公司的一款开发工具套件系列产品，也是一个基本完整的开发工具集，它包括了整个软件生命周期中所需要的大部分工具。Macro Assembler是其中的一个宏汇编程序。Microsoft Macro Assembler中存在安全漏洞，该漏洞源于程序没有正确的验证代码。攻击者可利用该漏洞绕过安全限制。以下产品和版本受到影响：Microsoft Visual Studio 2017，Microsoft Visual Studio 2017版本15.7.5，Microsoft Visual Studio 2017版本15.8 Preview。,中危,输入验证,CNNVD-201807-876,http://www.cnnvd.org.cn/web/xxk/ldxqById.tag?CNNVD=CNNVD-201807-876,目前厂商已发布升级补丁以修复漏洞，补丁获取链接：https://portal.msrc.microsoft.com/en-US/security-guidance/advisory/CVE-2018-8232,本地,Microsoft Macro Assembler 安全漏洞,
Microsoft Visual Studio Code,CVE-2018-8172,Microsoft Visual Studio是美国微软（Microsoft）公司的一款开发工具套件系列产品，也是一个基本完整的开发工具集，它包括了整个软件生命周期中所需要的大部分工具。Microsoft Visual Studio中存在远程代码执行漏洞，该漏洞源于程序没有正确的检测未构建项目文件的源标记。远程攻击者可借助特制的文件利用该漏洞在当前用户的上下文中执行任意代码。以下产品和版本受到影响受到影响：Microsoft Expression Blend 4 SP3；Microsoft Visual Studio 2010 SP1，Microsoft Visual Studio 2012 Update 5，Microsoft Visual Studio 2013 Update 5，Microsoft Visual Studio 2015 Update 3，Microsoft Visual Studio 2017，Microsoft Visual Studio 2017版本15.7.5，Microsoft Visual Studio 2017版本15.8 Preview。,超危,输入验证,CNNVD-201807-880,http://www.cnnvd.org.cn/web/xxk/ldxqById.tag?CNNVD=CNNVD-201807-880,目前厂商已发布升级补丁以修复漏洞，补丁获取链接：https://portal.msrc.microsoft.com/en-US/security-guidance/advisory/CVE-2018-8172,远程,Microsoft Visual Studio 安全漏洞,
Microsoft Visual Studio Code,CVE-2014-3802,Microsoft Debug Interface Access（DIA）SDK是美国微软（Microsoft）公司的一款调试器，它支持对源代码进行编译，并查看调试信息。Microsoft Visual Studio 2012及之前版本的Microsoft DIA SDK中的msdia.dll文件存在安全漏洞，该漏洞源于程序在计算动态调用地址之前，没有正确验证变量。远程攻击者可借助特制的PDB文件利用该漏洞执行任意代码或造成拒绝服务（内存损坏）。,中危,输入验证,CNNVD-201405-400,http://www.cnnvd.org.cn/web/xxk/ldxqById.tag?CNNVD=CNNVD-201405-400,目前厂商已经发布了升级补丁以修复此安全问题，补丁获取链接：http://go.microsoft.com/fwlink/p/?LinkId=306566,远程,Microsoft Debug Interface Access SDK SDK 输入验证漏洞,
Microsoft Visual Studio Code,CVE-2013-3129,Microsoft .NET Framework、Silverlight、Windows、Office、Visual Studio和Lync都是美国微软（Microsoft）公司发布的产品。其中Microsoft .NET Framework是一种全面且一致的编程模型；Microsoft Silverlight是一个功能强大的开发平台；Microsoft Windows是一系列操作系统；Microsoft Office是一款办公软件套件产品；Microsoft Visual Studio是一款开发工具套件系列产品，也是一个基本完整的开发工具集；Microsoft Lync是新一代企业整合沟通平台（前身为Communications Server）。,超危,代码注入,CNNVD-201307-160,http://www.cnnvd.org.cn/web/xxk/ldxqById.tag?CNNVD=CNNVD-201307-160,目前厂商已经发布了升级补丁以修复此安全问题，补丁获取链接：http://technet.microsoft.com/zh-cn/security/bulletin/ms13-054,远程,Microsoft 多款产品TrueType字体分析漏洞,
Microsoft Visual Studio Code,CVE-2011-1271,Microsoft .NET Framework是美国微软（Microsoft）公司开发的一种全面且一致的编程模型，也是一个用于构建Windows、Windows Store、Windows Phone、Windows Server和Microsoft Azure的应用程序的开发平台。该平台包括C＃和Visual Basic编程语言、公共语言运行库和广泛的类库。,中危,权限许可和访问控制,CNNVD-201105-140,http://www.cnnvd.org.cn/web/xxk/ldxqById.tag?CNNVD=CNNVD-201105-140,目前厂商已经发布了升级补丁以修复此安全问题，补丁获取链接：http://stackoverflow.com/questions/2135509/bug-only-occurring-when-compile-optimization-enabled/,远程,Microsoft .NET Framework JIT编译器访问限制绕过漏洞,
Microsoft Visual Studio Code,CVE-2009-2493,Microsoft Visual Studio是微软公司的开发工具套件系列产品，是一个基本完整的开发工具集，包括了软件整个生命周期中所需要的大部分工具 。使用Visual Studio的ATL库所编译的组件和控件没有安全地使用OleLoadFromStream，可能允许实例化任意对象，绕过Internet Explorer中Kill Bit等相关安全策略。这个漏洞仅直接影响安装了使用Visual Studio ATL所编译的组件和控件的系统。攻击者可以通过创建特制的网页来利用这个漏洞，当用户查看网页时，该漏洞可能允许远程执行代码 。,超危,权限许可和访问控制,CNNVD-200907-415,http://www.cnnvd.org.cn/web/xxk/ldxqById.tag?CNNVD=CNNVD-200907-415,目前厂商已经发布了升级补丁以修复这个安全问题，补丁下载链接：Microsoft Outlook 2007 SP2 0,远程,Microsoft Visual Studio ATL库COM对象初始化代码执行漏洞,
Microsoft Visual Studio Code,CVE-2009-1534,"Microsoft Office XP SP3， Office 2000 Web Components SP3， Office XP Web Components SP3， BizTalk Server 2002， 以及 Visual Studio .NET 2003 SP1的Office Web Components ActiveX 控件中存在缓冲区溢出，该漏洞会允许远程攻击者通过精心设计的属性值来执行任意代码，该漏洞又称作 ""Office Web 组件缓冲区溢出漏洞""。",超危,缓冲区溢出,CNNVD-200908-130,http://www.cnnvd.org.cn/web/xxk/ldxqById.tag?CNNVD=CNNVD-200908-130,目前厂商已经发布了升级补丁以修复这个安全问题，补丁下载链接：Microsoft Office XP SP3,远程,Microsoft Office Web Components ActiveX 控件 缓冲区溢出漏洞,
Microsoft Visual Studio Code,CVE-2009-0901,Microsoft Visual Studio是微软公司的开发工具套件系列产品，是一个基本完整的开发工具集，包括了软件整个生命周期中所需要的大部分工具 。ATL头中的安全漏洞可能允许攻击者使用没有正确初始化的变量调用VariantClear()，因此攻击者可以通过提供被破坏的数据流控制出错处理期间调用VariantClear时所出现的情况。这个漏洞仅直接影响安装了使用Visual Studio ATL所编译的组件和控件的系统。攻击者可以通过创建特制的网页来利用这个漏洞，当用户查看网页时，该漏洞可能允许远程执行指令 。,超危,代码注入,CNNVD-200907-406,http://www.cnnvd.org.cn/web/xxk/ldxqById.tag?CNNVD=CNNVD-200907-406,目前厂商已经发布了升级补丁以修复这个安全问题，补丁下载链接：Microsoft Outlook 2007 SP2 0,远程,Microsoft Visual Studio ATL VariantClear()远程代码执行漏洞,
Microsoft Visual Studio Code,CVE-2008-4256,Visual Basic是用来创建高性能的企业应用程序及基于Web的应用程序的工具。Visual Basic所安装的图表ActiveX控件(Mschrt20.ocx)在处理恶意输入参数时存在内存破坏漏洞。攻击者可以通过构造特制网页来利用该漏洞，当用户查看网页时，就可以触发这个漏洞。成功利用此漏洞的攻击者可以获得与登录用户相同的用户权限。,高危,资源管理错误,CNNVD-200812-141,http://www.cnnvd.org.cn/web/xxk/ldxqById.tag?CNNVD=CNNVD-200812-141,目前厂商已经发布了升级补丁以修复这个安全问题，补丁下载链接：http://www.microsoft.com/technet/security/Bulletin/ms08-070.mspx?pf=true,远程,Microsoft ActiveX控件内存破坏漏洞,
Microsoft Visual Studio Code,CVE-2008-4255,Visual Basic是用来创建高性能的企业应用程序及基于Web的应用程序的工具。Visual Basic所安装的Common AVI ActiveX控件(mscomct2.ocx)在解析AVI文件时存在堆溢出漏洞。如果用户受骗打开了恶意媒体文件，就可以触发这个漏洞。成功利用此漏洞的攻击者可以获得与登录用户相同的用户权限。由于可以通过UNC路径加载AVI文件，因此可以远程利用这个漏洞。,超危,缓冲区溢出,CNNVD-200812-140,http://www.cnnvd.org.cn/web/xxk/ldxqById.tag?CNNVD=CNNVD-200812-140,目前厂商已经发布了升级补丁以修复这个安全问题，补丁下载链接：http://www.microsoft.com/technet/security/Bulletin/ms08-070.mspx?pf=true,远程,Microsoft Common AVI ActiveX控件文件解析堆溢出漏洞,
Microsoft Visual Studio Code,CVE-2008-3704,Msmask32.ocx 6.0.81.69及6.0.84.18版本以前其他版本中的MaskedEdit ActiveX控件(Microsoft Visual Studio 6.0/Visual Basic 6.0/Visual Studio .NET 2002 SP1＆2003 SP1/Visual FoxPro 8.0 SP1＆9.0 SP1及SP2中均有使用)存在堆缓冲区溢出漏洞。由于没有进行边界检查，远程攻击者可以借助一个超长的Mask参数来执行任意代码。,超危,缓冲区溢出,CNNVD-200808-241,http://www.cnnvd.org.cn/web/xxk/ldxqById.tag?CNNVD=CNNVD-200808-241,目前厂商已经发布了升级补丁以修复此安全问题，补丁获取链接：http://www.microsoft.com/technet/security/bulletin/ms08-070.mspx,远程,Microsoft 多个产品中 Msmask32.ocx 栈溢出漏洞,
Microsoft Visual Studio Code,CVE-2008-1709,"Microsoft Visual InterDev 6.0 (SP6)版本存在缓冲区溢出漏洞。用户协助式攻击者， 借助一个带有长的畸形的项目线的Studio Solution (.SLN)文件，执行任意代码。该project line以'Project(""{}"") ='序列作为开头。",超危,缓冲区溢出,CNNVD-200804-122,http://www.cnnvd.org.cn/web/xxk/ldxqById.tag?CNNVD=CNNVD-200804-122,目前厂商已经发布了升级补丁以修复这个安全问题，补丁下载链接：http://msdn.microsoft.com/en-us/library/ms950412.aspx,远程,microsoft visual_interdev 缓冲区溢出漏洞,
Microsoft Visual Studio Code,CVE-2008-0250,Visual InterDev是微软为程序员设计的网页开发工具。Visual InterDev在处理畸形格式的SLN文件时存在漏洞，远程攻击者可能利用此漏洞控制用户系统。,超危,缓冲区溢出,CNNVD-200801-170,http://www.cnnvd.org.cn/web/xxk/ldxqById.tag?CNNVD=CNNVD-200801-170,"目前厂商还没有提供此漏洞的相关补丁或者升级程序，建议使用此软件的用户随时关注厂商的主页以获取最新版本：
http://support.microsoft.com/",远程,Microsoft Visual Interdev SLN文件处理缓冲区溢出漏洞,
Microsoft Visual Studio Code,CVE-2007-4254,Microsoft Visual Studio 6版本的Microsoft Visual Database Tools Database Designer 7.0版本的VDT70.DLL的特定ActiveX控件控件中存在栈缓冲区溢出。远程攻击者可以借助一个超长的对NotSafe方法的自变量，执行任意代码。注意：该漏洞可能与CVE-2007-2885 或 CVE-2005-2127重叠。,中危,缓冲区溢出,CNNVD-200708-132,http://www.cnnvd.org.cn/web/xxk/ldxqById.tag?CNNVD=CNNVD-200708-132,"目前厂商还没有提供此漏洞的相关补丁或者升级程序，建议使用此软件的用户随时关注厂商的主页以获取最新版本：
http://www.microsoft.com",远程,Microsoft Visual Studio ActiveX 控件栈缓冲区溢出漏洞,
Microsoft Visual Studio Code,CVE-2007-0468,"Microsoft Visual Studio 6.0 SP6的Visual C++ (MSVC)中的msdev.exe里的rcdll.dll存在栈缓冲区溢出漏洞。用户协助式远程攻击者可以借助RC文件的""1 TYPELIB MOVEABLE PURE""选项中的长文件路径，执行任意代码。",中危,缓冲区溢出,CNNVD-200701-403,http://www.cnnvd.org.cn/web/xxk/ldxqById.tag?CNNVD=CNNVD-200701-403,"目前厂商还没有提供此漏洞的相关补丁或者升级程序，建议使用此软件的用户随时关注厂商的主页以获取最新版本：
http://www.microsoft.com",远程,Microsoft Visual Studio C++ (.RC) rcdll.dll 栈缓存溢出漏洞,
Microsoft Visual Studio Code,CVE-2007-0025,Microsoft Windows是美国微软（Microsoft）公司发布的一系列操作系统。Microsoft Windows 2000 SP4，XP SP2，2003 SP1版本，Visual Studio .NET 2000，2002 SP1，2003以及2003 SP1版本中的MFC组件中存在缓冲区溢出漏洞。用户辅助的远程攻击者可借助带有畸形OLE对象的RTF文件执行任意代码，该对象可触发内存破坏。,超危,代码注入,CNNVD-200702-236,http://www.cnnvd.org.cn/web/xxk/ldxqById.tag?CNNVD=CNNVD-200702-236,目前厂商已经发布了升级补丁以修复这个安全问题，补丁下载链接：http://www.microsoft.com/technet/security/Bulletin/ms07-012.mspx?pf=true,远程,Microsoft Windows MFC组件OLE对象缓冲区溢出漏洞,
Microsoft Visual Studio Code,CVE-2006-6133,Crystal Reports是一种报表工具包，允许用户迅速创建灵活、特性丰富的报表，并集成到Web和Windows应用程序中。Crystal Reports XI Professional在处理畸形的.RPT文件时存在栈溢出漏洞，攻击者可能利用此漏洞通过诱骗用户打开恶意文件在机器上执行任意指令。,高危,缓冲区溢出,CNNVD-200611-433,http://www.cnnvd.org.cn/web/xxk/ldxqById.tag?CNNVD=CNNVD-200611-433,目前厂商已经发布了升级补丁以修复这个安全问题，补丁下载链接：http://www.microsoft.com/technet/security/Bulletin/MS07-052.mspx?pf=true,远程,Crystal Reports .RPT文件处理堆栈溢出漏洞(MS07-052),
Microsoft Visual Studio Code,CVE-2006-4704,Microsoft Visual Studio是美国微软（Microsoft）公司的一款开发工具套件系列产品，也是一个基本完整的开发工具集。它包括了整个软件生命周期中所需要的大部分工具。Visual Studio的'WMI Object Broker’控件在例程的创建和处理上存在漏洞，远程攻击者可能利用此漏洞在用户机器上执行任意恶意代码。,中危,资料不足,CNNVD-200611-006,http://www.cnnvd.org.cn/web/xxk/ldxqById.tag?CNNVD=CNNVD-200611-006,目前厂商已经发布了升级补丁以修复这个安全问题，补丁下载链接：MS06-073：Microsoft Security Bulletin MS06-073,远程,"Microsoft Visual Studio ""WMI Object Broker""控件代码执行漏洞",
Microsoft Visual Studio Code,CVE-2006-4494,Microsoft Visual Studio 6.0中，远程攻击者可通过对某些Internet Explorer浏览器中的Visual Studio 6.0 ActiveX COM对象，包括：(1) tcprops.dll， (2) fp30wec.dll， (3) mdt2db.dll， (4) mdt2qd.dll和 (5) vi30aut.dll对象进行实例化操作，从而触发拒绝服务攻击(内存破坏)，并可能执行任意代码。,高危,设计错误,CNNVD-200608-519,http://www.cnnvd.org.cn/web/xxk/ldxqById.tag?CNNVD=CNNVD-200608-519,,远程,Microsoft Internet Explorer Visual Studio COM对象实例化拒绝服务漏洞,
Microsoft Visual Studio Code,CVE-2006-1043,Microsoft Visual Studio是美国微软（Microsoft）公司的一款开发工具套件系列产品，也是一个基本完整的开发工具集。它包括了整个软件生命周期中所需要的大部分工具。Visual Studio的数据库项目文件(.dbp)和解决方案(.sln)文件格式中存在缓冲区溢出漏洞，攻击者可能利用此漏洞在机器上执行任意指令。,中危,缓冲区溢出,CNNVD-200603-095,http://www.cnnvd.org.cn/web/xxk/ldxqById.tag?CNNVD=CNNVD-200603-095,目前厂商已经发布了升级补丁以修复此安全问题，补丁获取链接：http://www.microsoft.com/technet/security/,远程,Microsoft Visual Studio DBP和SLN文件DataProject字段缓冲区溢出漏洞,
Microsoft Visual Studio Code,CVE-2006-0187,Microsoft Visual Studio是美国微软（Microsoft）公司的一款开发工具套件系列产品，也是一个基本完整的开发工具集。它包括了整个软件生命周期中所需要的大部分工具。Visual Studio没有事先通知用户便允许执行一个项目文件中的代码。在将UserControl添加到Windows Formular中时，如果显示了UserControl所在的主窗体的话，VS就可能自动启动UserControl_Load函数中的代码。,中危,设计错误,CNNVD-200601-127,http://www.cnnvd.org.cn/web/xxk/ldxqById.tag?CNNVD=CNNVD-200601-127,目前厂商还没有提供补丁或者升级程序，我们建议使用此软件的用户随时关注厂商的主页以获取最新版本：http://www.microsoft.com/technet/security,远程,Microsoft Visual Studio UserControl远程代码执行漏洞,
